customer_id,signup_date,acquisition_channel,country,is_active,age
C00001,12/06/2024,Organic,Tanzania,1,43
C00002,01-11-2023,Referral,Rwanda,1,43
C00003,2024-04-11,Email,Rwanda,1,34
C00004,03-21-2024,Paid Ads,Uganda,1,48
C00005,2023-05-25,Organic,Kenya,1,36
C00006,09-30-2023,Organic,Rwanda,1,61
C00007,2024-05-02,Organic,Uganda,1,37
C00008,08-19-2023,Email,Tanzania,1,40
C00009,2023-05-23,Paid Ads,Tanzania,1,42
C00010,26/07/2024,Email,Tanzania,1,45
C00011,2023-10-12,Organic,Tanzania,1,54
C00012,09-07-2023,Referral,Uganda,1,29
C00013,18/02/2024,Email,Kenya,0,
C00014,04/07/2024,Organic,Uganda,1,18
C00015,2023-08-26,Organic,Kenya,0,19
C00016,2023-12-23,Organic,Tanzania,0,27
C00017,06-15-2023,Organic,Rwanda,1,51
C00018,05-06-2023,Paid Ads,Rwanda,1,49
C00019,2024-01-26,Paid Ads,Rwanda,1,42
C00020,2023-07-05,Organic,Kenya,1,27
C00021,19/11/2023,Paid Ads,Tanzania,1,18
C00022,05-13-2024,Organic,Uganda,0,49
C00023,2023-09-04,Organic,Rwanda,1,54
C00024,18/07/2024,Organic,Kenya,1,29
C00025,2024-06-23,Paid Ads,Rwanda,1,35
C00026,2023-10-12,Email,Uganda,0,47
C00027,2024-05-03,Organic,Tanzania,1,30
C00028,2024-05-30,Paid Ads,Uganda,1,20
C00029,2024-06-15,Paid Ads,Tanzania,1,38
C00030,20/01/2023,Organic,Tanzania,1,59
C00031,14/06/2023,Paid Ads,Tanzania,1,31
C00032,10-10-2023,Organic,Rwanda,0,57
C00033,12-22-2023,Organic,Uganda,1,27
C00034,07-20-2023,Referral,Rwanda,0,19
C00035,2023-02-25,Referral,Uganda,1,62
C00036,2023-06-24,Email,Kenya,0,54
C00037,09/03/2024,Organic,Kenya,1,28
C00038,03-27-2023,Organic,Uganda,1,18
C00039,24/08/2023,Paid Ads,Uganda,0,43
C00040,2024-08-04,Paid Ads,Uganda,1,59
C00041,01-23-2023,Organic,Uganda,1,30
C00042,10/02/2024,Paid Ads,Tanzania,1,45
C00043,2023-06-29,Organic,Rwanda,1,53
C00044,03-25-2023,Referral,Tanzania,1,38
C00045,04-23-2024,Organic,Rwanda,1,27
C00046,07-05-2024,Paid Ads,Rwanda,1,29
C00047,11-07-2023,Organic,Rwanda,1,63
C00048,2024-05-30,Paid Ads,Tanzania,1,44
C00049,02-05-2024,Paid Ads,Uganda,1,20
C00050,03/07/2023,Organic,Tanzania,1,45
C00051,01-12-2023,Referral,Tanzania,0,19
C00052,26/06/2024,Email,Rwanda,1,45
C00053,02-24-2023,Referral,Kenya,1,48
C00054,2023-09-16,Email,Kenya,0,60
C00055,07-31-2024,Paid Ads,Tanzania,1,38
C00056,2024-08-23,Referral,Rwanda,1,24
C00057,2024-03-17,Organic,Tanzania,1,48
C00058,28/02/2024,Organic,Tanzania,1,31
C00059,30/01/2024,Organic,Uganda,1,56
C00060,25/01/2024,Organic,Rwanda,1,56
C00061,04-04-2024,Organic,Kenya,1,26
C00062,2023-11-05,Organic,Kenya,1,40
C00063,27/10/2023,Email,Kenya,1,29
C00064,2024-02-20,Organic,Tanzania,1,46
C00065,2023-01-22,Organic,Rwanda,1,55
C00066,08/03/2023,Paid Ads,Uganda,1,56
C00067,08-02-2024,Organic,Kenya,1,39
C00068,05-21-2024,Email,Rwanda,1,21
C00069,2024-07-26,Organic,Kenya,1,
C00070,2023-06-19,Referral,Uganda,0,24
C00071,23/02/2024,Email,Rwanda,0,57
C00072,05-01-2023,Organic,Tanzania,1,25
C00073,2023-11-20,Organic,Tanzania,1,52
C00074,06-10-2024,Email,Kenya,1,26
C00075,25/03/2024,Email,Kenya,0,30
C00076,19/04/2023,Email,Rwanda,1,56
C00077,04/02/2024,Email,Uganda,1,37
C00078,2024-06-24,Organic,Kenya,1,38
C00079,19/05/2023,Organic,Rwanda,1,64
C00080,09-08-2023,Organic,Uganda,1,36
C00081,08-26-2023,Email,Kenya,1,19
C00082,08-05-2024,Paid Ads,Kenya,1,61
C00083,22/10/2023,Organic,Rwanda,1,57
C00084,31/08/2023,Organic,Kenya,1,47
C00085,01-04-2023,Organic,Tanzania,1,40
C00086,04-11-2023,Organic,Uganda,1,57
C00087,22/07/2024,Email,Uganda,0,30
C00088,05-08-2023,Paid Ads,Tanzania,1,50
C00089,30/04/2024,Email,Rwanda,1,49
C00090,11-20-2023,Paid Ads,Tanzania,1,45
C00091,11-25-2023,Organic,Tanzania,1,41
C00092,21/06/2023,Email,Uganda,1,59
C00093,2023-01-20,Email,Rwanda,1,45
C00094,2024-04-07,Paid Ads,Kenya,1,47
C00095,2024-06-20,Email,Tanzania,1,58
C00096,2023-11-23,Paid Ads,Tanzania,1,46
C00097,2024-08-21,Paid Ads,Rwanda,1,51
C00098,04-20-2023,Paid Ads,Tanzania,1,39
C00099,05-01-2024,Organic,Rwanda,1,42
C00100,2023-09-17,Organic,Kenya,1,31
C00101,12/10/2023,Organic,Rwanda,1,27
C00102,05-02-2023,Paid Ads,Kenya,1,27
C00103,24/12/2023,Organic,Rwanda,1,25
C00104,18/02/2024,Paid Ads,Tanzania,1,31
C00105,09-07-2023,Referral,Kenya,0,62
C00106,05-03-2024,Organic,Tanzania,0,55
C00107,13/07/2023,Paid Ads,Kenya,1,49
C00108,08-17-2024,Email,Rwanda,1,62
C00109,07-12-2024,Organic,Rwanda,1,49
C00110,07/05/2023,Organic,Rwanda,1,20
C00111,05-17-2023,Organic,Uganda,1,37
C00112,13/07/2023,Organic,Uganda,1,30
C00113,2024-04-23,Referral,Kenya,0,40
C00114,16/07/2023,Email,Uganda,1,36
C00115,2023-10-07,Paid Ads,Rwanda,1,33
C00116,14/12/2023,Email,Uganda,0,53
C00117,06-28-2023,Email,Uganda,1,52
C00118,2023-08-10,Organic,Tanzania,0,64
C00119,04-25-2024,Email,Kenya,1,64
C00120,2024-04-06,Paid Ads,Kenya,1,24
C00121,12/05/2024,Email,Kenya,1,54
C00122,2023-12-22,Email,Uganda,1,25
C00123,2023-08-16,Organic,Rwanda,1,42
C00124,08/02/2024,Organic,Tanzania,1,40
C00125,05/08/2024,Organic,Kenya,1,27
C00126,09/06/2023,Paid Ads,Uganda,1,47
C00127,20/12/2023,Email,Rwanda,1,50
C00128,2023-10-10,Email,Tanzania,1,28
C00129,02-15-2024,Organic,Tanzania,0,52
C00130,2024-07-01,Paid Ads,Kenya,1,44
C00131,01-04-2024,Paid Ads,Kenya,1,20
C00132,27/05/2024,Organic,Rwanda,0,64
C00133,17/02/2024,Organic,Uganda,0,25
C00134,05-29-2024,Organic,Rwanda,1,30
C00135,07-26-2024,Referral,Kenya,1,59
C00136,07/02/2023,Organic,Rwanda,1,20
C00137,09-05-2023,Paid Ads,Uganda,1,37
C00138,2024-01-15,Email,Tanzania,1,63
C00139,03-22-2023,Organic,Tanzania,1,62
C00140,2023-07-15,Referral,Tanzania,0,52
C00141,26/11/2023,Referral,Tanzania,1,30
C00142,2023-12-21,Organic,Kenya,0,37
C00143,02-19-2023,Paid Ads,Kenya,1,41
C00144,2023-02-23,Organic,Uganda,1,26
C00145,2023-01-20,Organic,Uganda,1,47
C00146,2024-04-09,Organic,Uganda,0,42
C00147,2024-01-03,Paid Ads,Uganda,1,33
C00148,14/06/2023,Paid Ads,Rwanda,1,25
C00149,07/11/2023,Organic,Uganda,0,61
C00150,31/10/2023,Organic,Tanzania,1,45
C00151,2024-01-25,Referral,Tanzania,1,29
C00152,2023-05-08,Organic,Tanzania,0,41
C00153,21/06/2024,Organic,Rwanda,0,46
C00154,21/03/2024,Paid Ads,Uganda,1,32
C00155,07-17-2024,Referral,Tanzania,1,35
C00156,2023-09-21,Organic,Tanzania,1,24
C00157,15/07/2023,Paid Ads,Tanzania,1,30
C00158,01-17-2023,Email,Tanzania,1,36
C00159,2023-10-26,Organic,Kenya,1,
C00160,01/07/2023,Email,Uganda,1,60
C00161,2024-08-17,Organic,Uganda,1,22
C00162,02/01/2024,Paid Ads,Rwanda,1,43
C00163,19/10/2023,Paid Ads,Kenya,1,19
C00164,19/04/2024,Paid Ads,Rwanda,1,50
C00165,06-28-2023,Organic,Tanzania,1,
C00166,05-27-2023,Email,Rwanda,1,54
C00167,06/02/2023,Organic,Tanzania,1,42
C00168,02-04-2023,Organic,Tanzania,1,42
C00169,2024-04-01,Organic,Uganda,1,56
C00170,17/05/2023,Paid Ads,Uganda,1,47
C00171,07-01-2023,Paid Ads,Uganda,1,58
C00172,11/02/2023,Organic,Uganda,1,21
C00173,2024-08-11,Paid Ads,Uganda,1,36
C00174,25/07/2024,Organic,Kenya,1,44
C00175,2023-07-25,Paid Ads,Uganda,0,64
C00176,30/04/2023,Organic,Rwanda,1,56
C00177,19/07/2024,Paid Ads,Tanzania,1,41
C00178,2023-06-30,Organic,Uganda,1,54
C00179,09-01-2023,Referral,Kenya,1,42
C00180,30/03/2023,Organic,Rwanda,1,46
C00181,2023-10-20,Organic,Rwanda,1,48
C00182,01/07/2024,Organic,Tanzania,1,62
C00183,08-20-2023,Referral,Rwanda,1,52
C00184,25/06/2023,Email,Rwanda,1,45
C00185,02-08-2023,Organic,Rwanda,1,55
C00186,02-15-2024,Paid Ads,Rwanda,1,61
C00187,20/09/2023,Email,Kenya,1,21
C00188,12-03-2023,Paid Ads,Tanzania,1,45
C00189,02-13-2023,Paid Ads,Uganda,1,48
C00190,18/06/2023,Organic,Rwanda,1,40
C00191,11/01/2024,Organic,Kenya,0,31
C00192,19/06/2023,Email,Tanzania,1,45
C00193,2024-03-26,Referral,Uganda,1,31
C00194,2024-05-24,Paid Ads,Tanzania,1,18
C00195,14/02/2023,Organic,Kenya,1,60
C00196,01-31-2024,Organic,Kenya,1,49
C00197,08-08-2023,Email,Kenya,0,58
C00198,25/01/2024,Email,Rwanda,0,35
C00199,03-11-2023,Email,Kenya,1,22
C00200,2024-01-10,Email,Uganda,1,59
C00201,08-12-2024,Paid Ads,Rwanda,1,32
C00202,01/06/2023,Organic,Tanzania,1,59
C00203,03-13-2024,Organic,Uganda,1,33
C00204,2024-03-10,Email,Rwanda,1,53
C00205,2024-02-20,Paid Ads,Kenya,1,53
C00206,2024-06-24,Organic,Tanzania,1,57
C00207,2023-05-25,Organic,Kenya,1,47
C00208,2024-06-13,Paid Ads,Uganda,1,55
C00209,11/04/2023,Organic,Uganda,1,40
C00210,2023-02-15,Organic,Rwanda,1,28
C00211,06/11/2023,Paid Ads,Uganda,0,42
C00212,2024-03-20,Paid Ads,Tanzania,1,62
C00213,06/11/2023,Paid Ads,Rwanda,0,60
C00214,04-21-2023,Organic,Tanzania,1,19
C00215,14/05/2024,Email,Kenya,1,52
C00216,2024-03-31,Organic,Tanzania,1,64
C00217,05-03-2024,Organic,Tanzania,0,41
C00218,2023-08-24,Email,Uganda,1,30
C00219,2023-11-09,Paid Ads,Kenya,1,59
C00220,08/10/2023,Email,Uganda,1,54
C00221,2024-08-01,Paid Ads,Kenya,0,47
C00222,01-09-2024,Paid Ads,Kenya,0,28
C00223,13/03/2024,Organic,Tanzania,0,40
C00224,2023-03-18,Organic,Uganda,0,63
C00225,04-18-2023,Organic,Tanzania,1,45
C00226,2024-06-17,Organic,Tanzania,1,46
C00227,2024-06-24,Referral,Tanzania,1,32
C00228,23/10/2023,Organic,Kenya,1,62
C00229,2023-12-29,Email,Uganda,0,20
C00230,06-25-2024,Paid Ads,Uganda,0,26
C00231,04-02-2023,Email,Tanzania,1,25
C00232,04/01/2023,Paid Ads,Kenya,1,64
C00233,10-15-2023,Paid Ads,Uganda,0,50
C00234,07-15-2023,Paid Ads,Rwanda,1,51
C00235,24/07/2024,Organic,Uganda,1,26
C00236,2024-01-01,Email,Tanzania,1,34
C00237,2024-05-09,Organic,Rwanda,1,58
C00238,2023-08-28,Organic,Kenya,1,18
C00239,2023-04-03,Paid Ads,Rwanda,1,57
C00240,09/11/2023,Organic,Rwanda,1,22
C00241,2024-02-08,Referral,Tanzania,0,47
C00242,11-07-2023,Referral,Uganda,1,28
C00243,2023-11-21,Referral,Kenya,1,45
C00244,12/04/2023,Organic,Rwanda,0,55
C00245,30/06/2024,Organic,Tanzania,1,34
C00246,01-18-2023,Referral,Uganda,1,40
C00247,04-13-2024,Paid Ads,Rwanda,0,35
C00248,25/06/2024,Referral,Tanzania,1,54
C00249,07-10-2024,Referral,Tanzania,1,44
C00250,2024-06-14,Email,Tanzania,1,42
C00251,2023-04-19,Organic,Kenya,1,22
C00252,2023-08-07,Organic,Uganda,1,36
C00253,11-15-2023,Email,Rwanda,1,44
C00254,28/08/2023,Organic,Uganda,1,30
C00255,05-19-2024,Organic,Uganda,1,24
C00256,05/08/2024,Paid Ads,Rwanda,0,43
C00257,07-08-2024,Referral,Uganda,1,31
C00258,2023-07-08,Paid Ads,Kenya,1,44
C00259,2024-06-03,Paid Ads,Rwanda,0,25
C00260,14/10/2023,Organic,Rwanda,1,48
C00261,2023-05-13,Paid Ads,Tanzania,1,52
C00262,2024-04-30,Referral,Uganda,0,44
C00263,28/04/2023,Organic,Rwanda,1,21
C00264,30/05/2024,Paid Ads,Rwanda,1,59
C00265,06-03-2023,Email,Kenya,1,21
C00266,13/02/2024,Email,Tanzania,1,35
C00267,03-31-2024,Paid Ads,Rwanda,1,40
C00268,30/07/2023,Email,Kenya,1,49
C00269,25/06/2024,Organic,Rwanda,1,29
C00270,24/09/2023,Organic,Rwanda,1,37
C00271,2023-09-21,Email,Rwanda,1,64
C00272,03/03/2024,Email,Kenya,1,62
C00273,10/06/2024,Email,Uganda,1,29
C00274,23/04/2023,Referral,Rwanda,1,25
C00275,2023-02-18,Paid Ads,Rwanda,1,39
C00276,16/02/2023,Paid Ads,Uganda,1,44
C00277,01-15-2023,Email,Rwanda,1,58
C00278,10/05/2023,Paid Ads,Tanzania,1,58
C00279,26/03/2024,Email,Rwanda,1,34
C00280,05-11-2024,Email,Tanzania,0,49
C00281,2023-07-14,Email,Uganda,0,50
C00282,01-19-2023,Organic,Kenya,0,48
C00283,2023-02-08,Organic,Uganda,0,23
C00284,2023-12-30,Organic,Rwanda,1,56
C00285,28/03/2024,Paid Ads,Tanzania,1,26
C00286,19/08/2024,Organic,Kenya,1,59
C00287,2023-09-04,Paid Ads,Rwanda,1,49
C00288,28/11/2023,Paid Ads,Kenya,0,53
C00289,03-07-2023,Organic,Kenya,1,33
C00290,2023-02-23,Paid Ads,Rwanda,0,29
C00291,2023-02-28,Organic,Uganda,1,58
C00292,2024-01-13,Organic,Rwanda,0,20
C00293,02-03-2024,Email,Rwanda,1,44
C00294,11-09-2023,Organic,Uganda,1,44
C00295,2023-03-31,Organic,Tanzania,1,26
C00296,02-07-2023,Paid Ads,Rwanda,1,34
C00297,08-03-2024,Email,Kenya,0,63
C00298,02-02-2024,Organic,Rwanda,1,22
C00299,2023-06-01,Paid Ads,Rwanda,1,43
C00300,03-27-2024,Organic,Kenya,1,38
C00301,2023-03-05,Organic,Uganda,0,18
C00302,11-16-2023,Paid Ads,Tanzania,1,18
C00303,2024-08-15,Paid Ads,Tanzania,1,52
C00304,30/01/2023,Paid Ads,Kenya,1,26
C00305,05/02/2024,Email,Uganda,1,40
C00306,08-04-2024,Referral,Rwanda,1,55
C00307,24/09/2023,Paid Ads,Rwanda,1,58
C00308,12-11-2023,Organic,Rwanda,0,21
C00309,03-28-2023,Email,Rwanda,0,36
C00310,24/08/2023,Organic,Rwanda,1,54
C00311,10/10/2023,Paid Ads,Kenya,0,22
C00312,2024-07-14,Organic,Rwanda,1,45
C00313,02/08/2024,Organic,Rwanda,1,63
C00314,2024-08-19,Referral,Uganda,1,59
C00315,06-23-2024,Email,Rwanda,1,
C00316,07-15-2024,Paid Ads,Tanzania,0,40
C00317,2023-04-08,Paid Ads,Kenya,1,55
C00318,06-27-2023,Organic,Kenya,1,40
C00319,07-08-2024,Organic,Kenya,1,63
C00320,2023-05-01,Organic,Tanzania,1,35
C00321,2023-03-30,Paid Ads,Rwanda,1,46
C00322,02/02/2024,Email,Kenya,1,45
C00323,25/03/2023,Paid Ads,Tanzania,1,26
C00324,2024-04-04,Organic,Uganda,0,56
C00325,03-02-2024,Referral,Rwanda,1,27
C00326,05/10/2023,Email,Tanzania,1,19
C00327,2023-04-05,Paid Ads,Rwanda,1,30
C00328,03-16-2023,Paid Ads,Uganda,1,55
C00329,2023-08-26,Paid Ads,Tanzania,0,44
C00330,23/05/2023,Organic,Rwanda,1,58
C00331,2023-10-22,Organic,Tanzania,1,37
C00332,24/03/2023,Email,Kenya,0,57
C00333,06-20-2023,Organic,Rwanda,1,27
C00334,16/08/2023,Organic,Tanzania,1,33
C00335,2024-03-04,Organic,Kenya,1,32
C00336,07-09-2024,Organic,Uganda,0,30
C00337,2024-02-07,Email,Rwanda,1,55
C00338,2023-11-08,Email,Rwanda,1,37
C00339,05-19-2023,Paid Ads,Uganda,1,41
C00340,2023-12-21,Organic,Kenya,1,58
C00341,20/01/2024,Paid Ads,Uganda,1,24
C00342,2024-01-26,Paid Ads,Rwanda,1,40
C00343,01-23-2024,Organic,Tanzania,1,41
C00344,2023-11-07,Paid Ads,Kenya,1,46
C00345,03/04/2024,Organic,Kenya,1,22
C00346,05-15-2024,Paid Ads,Kenya,0,60
C00347,17/12/2023,Paid Ads,Uganda,1,62
C00348,14/03/2023,Organic,Uganda,1,52
C00349,08-30-2023,Organic,Tanzania,1,18
C00350,03-18-2024,Paid Ads,Tanzania,1,53
C00351,2023-07-08,Paid Ads,Kenya,1,35
C00352,2024-05-28,Email,Tanzania,1,23
C00353,21/02/2023,Paid Ads,Uganda,1,40
C00354,28/05/2024,Organic,Tanzania,0,27
C00355,2024-06-24,Organic,Uganda,1,24
C00356,11-11-2023,Paid Ads,Tanzania,1,61
C00357,10-02-2023,Organic,Rwanda,1,25
C00358,22/09/2023,Paid Ads,Uganda,0,30
C00359,04-09-2024,Referral,Rwanda,1,47
C00360,08/05/2024,Paid Ads,Uganda,1,35
C00361,2023-10-29,Organic,Tanzania,0,31
C00362,2024-04-27,Paid Ads,Rwanda,1,28
C00363,07/01/2023,Paid Ads,Tanzania,1,59
C00364,26/07/2023,Paid Ads,Uganda,1,55
C00365,2023-08-05,Referral,Rwanda,0,30
C00366,2023-10-17,Organic,Kenya,1,59
C00367,25/11/2023,Referral,Tanzania,0,61
C00368,04-01-2023,Referral,Uganda,1,50
C00369,06/12/2023,Organic,Rwanda,1,30
C00370,2024-08-16,Organic,Tanzania,1,42
C00371,09-14-2023,Organic,Rwanda,1,41
C00372,2023-01-26,Organic,Tanzania,1,46
C00373,03-22-2023,Organic,Tanzania,1,53
C00374,02/09/2023,Paid Ads,Tanzania,1,23
C00375,2024-05-21,Organic,Rwanda,1,35
C00376,02-05-2023,Organic,Rwanda,1,45
C00377,2023-07-08,Email,Tanzania,0,22
C00378,11-14-2023,Organic,Kenya,1,35
C00379,24/03/2023,Email,Kenya,0,54
C00380,2023-07-02,Organic,Kenya,1,24
C00381,2023-07-13,Organic,Uganda,0,26
C00382,09-22-2023,Paid Ads,Kenya,1,52
C00383,02-20-2024,Paid Ads,Rwanda,1,29
C00384,05-30-2024,Email,Kenya,0,63
C00385,09/10/2023,Email,Rwanda,0,57
C00386,05-10-2024,Email,Uganda,1,61
C00387,2023-06-29,Organic,Rwanda,1,56
C00388,2023-07-22,Organic,Rwanda,1,41
C00389,2023-12-04,Email,Rwanda,1,26
C00390,2024-02-10,Email,Kenya,0,29
C00391,20/05/2023,Referral,Tanzania,1,53
C00392,09/06/2024,Paid Ads,Rwanda,0,54
C00393,09/05/2023,Organic,Kenya,1,26
C00394,2024-07-29,Email,Kenya,0,56
C00395,13/06/2023,Organic,Kenya,0,63
C00396,05-29-2024,Referral,Tanzania,1,39
C00397,2024-01-02,Email,Tanzania,1,34
C00398,30/12/2023,Paid Ads,Tanzania,0,50
C00399,22/01/2024,Email,Tanzania,1,64
C00400,23/08/2024,Email,Uganda,1,41
C00401,08/11/2023,Organic,Tanzania,1,32
C00402,2023-03-05,Referral,Tanzania,1,46
C00403,2024-08-11,Paid Ads,Tanzania,0,49
C00404,24/07/2024,Email,Rwanda,1,50
C00405,2023-09-29,Organic,Rwanda,0,46
C00406,05-24-2023,Email,Tanzania,1,32
C00407,05-14-2023,Organic,Uganda,1,44
C00408,10/03/2023,Organic,Rwanda,1,51
C00409,27/09/2023,Referral,Kenya,1,21
C00410,2023-02-28,Organic,Rwanda,1,
C00411,2023-09-30,Organic,Kenya,1,35
C00412,11/03/2024,Referral,Rwanda,1,38
C00413,2023-10-06,Referral,Tanzania,0,
C00414,22/05/2024,Paid Ads,Rwanda,1,25
C00415,2023-08-24,Paid Ads,Tanzania,1,23
C00416,2023-09-05,Paid Ads,Tanzania,1,37
C00417,2024-08-05,Organic,Rwanda,1,19
C00418,01-17-2023,Organic,Kenya,1,62
C00419,2024-03-22,Paid Ads,Kenya,1,39
C00420,01-29-2023,Email,Rwanda,1,38
C00421,2024-08-15,Email,Tanzania,1,23
C00422,06/07/2023,Email,Kenya,1,49
C00423,2024-01-26,Organic,Uganda,1,23
C00424,2023-01-14,Paid Ads,Tanzania,1,30
C00425,2023-10-03,Organic,Rwanda,0,18
C00426,2023-11-29,Paid Ads,Tanzania,1,39
C00427,07-08-2024,Paid Ads,Uganda,1,41
C00428,09/06/2024,Email,Uganda,1,58
C00429,2023-12-27,Organic,Kenya,0,47
C00430,07/09/2023,Organic,Uganda,1,39
C00431,2023-09-20,Organic,Tanzania,1,61
C00432,2023-02-09,Email,Kenya,0,29
C00433,05-23-2024,Paid Ads,Uganda,1,43
C00434,06/01/2023,Organic,Kenya,1,21
C00435,2024-06-07,Organic,Kenya,1,36
C00436,2023-04-04,Email,Rwanda,1,33
C00437,2024-03-23,Organic,Kenya,1,29
C00438,13/02/2024,Email,Kenya,1,50
C00439,2024-01-13,Email,Uganda,1,38
C00440,04/12/2023,Organic,Tanzania,1,53
C00441,2023-01-01,Organic,Tanzania,0,26
C00442,2024-03-28,Referral,Uganda,1,56
C00443,2023-04-12,Organic,Tanzania,1,59
C00444,03-28-2024,Organic,Kenya,1,62
C00445,22/07/2023,Email,Rwanda,1,25
C00446,2023-06-14,Referral,Kenya,1,37
C00447,06/07/2024,Referral,Kenya,1,27
C00448,2023-12-26,Email,Rwanda,1,49
C00449,2023-11-11,Organic,Uganda,1,45
C00450,30/01/2023,Organic,Kenya,1,27
C00451,2023-10-10,Email,Kenya,1,25
C00452,2023-04-21,Paid Ads,Uganda,1,64
C00453,04/07/2023,Paid Ads,Kenya,0,50
C00454,2023-11-03,Referral,Kenya,1,64
C00455,08-02-2023,Organic,Tanzania,1,30
C00456,02-01-2023,Paid Ads,Uganda,1,61
C00457,17/01/2023,Organic,Kenya,0,52
C00458,2023-08-16,Paid Ads,Kenya,1,46
C00459,2023-09-25,Organic,Rwanda,1,22
C00460,23/01/2023,Organic,Rwanda,1,20
C00461,05-24-2024,Organic,Rwanda,1,54
C00462,07-30-2023,Paid Ads,Kenya,0,58
C00463,01-18-2023,Email,Kenya,1,23
C00464,20/10/2023,Paid Ads,Rwanda,1,
C00465,04-21-2023,Referral,Tanzania,0,59
C00466,09/02/2023,Organic,Tanzania,1,33
C00467,08-07-2023,Organic,Tanzania,0,52
C00468,01-08-2024,Email,Tanzania,1,35
C00469,2023-07-26,Organic,Uganda,1,28
C00470,06-23-2023,Referral,Rwanda,0,40
C00471,11-21-2023,Organic,Kenya,1,64
C00472,09/07/2024,Referral,Rwanda,1,28
C00473,2024-01-06,Organic,Tanzania,1,46
C00474,13/02/2023,Email,Kenya,1,59
C00475,08-10-2024,Paid Ads,Uganda,1,44
C00476,10-18-2023,Referral,Rwanda,1,26
C00477,07/03/2023,Organic,Kenya,1,52
C00478,2023-01-23,Paid Ads,Kenya,1,26
C00479,2024-07-08,Referral,Tanzania,0,35
C00480,22/05/2024,Paid Ads,Tanzania,1,61
C00481,02-24-2024,Paid Ads,Rwanda,1,38
C00482,2023-04-16,Paid Ads,Uganda,1,
C00483,01-11-2023,Paid Ads,Kenya,1,53
C00484,28/07/2023,Paid Ads,Tanzania,1,18
C00485,10/06/2023,Paid Ads,Rwanda,1,44
C00486,2023-01-06,Referral,Tanzania,0,62
C00487,05-04-2024,Organic,Rwanda,0,57
C00488,17/02/2023,Organic,Tanzania,1,55
C00489,2024-07-16,Referral,Uganda,1,46
C00490,01/04/2024,Email,Kenya,1,57
C00491,08-04-2023,Paid Ads,Tanzania,1,36
C00492,2024-03-08,Paid Ads,Kenya,1,41
C00493,10-01-2023,Organic,Rwanda,1,61
C00494,31/12/2023,Organic,Uganda,1,18
C00495,30/06/2024,Paid Ads,Kenya,1,53
C00496,2023-12-15,Organic,Tanzania,0,40
C00497,2023-05-03,Paid Ads,Kenya,1,30
C00498,03-16-2023,Organic,Kenya,1,47
C00499,07/05/2024,Referral,Rwanda,1,54
C00500,24/04/2024,Referral,Uganda,0,28
C00501,17/04/2024,Paid Ads,Uganda,0,24
C00502,16/04/2024,Paid Ads,Kenya,1,52
C00503,12/08/2024,Organic,Kenya,1,28
C00504,08-14-2023,Email,Rwanda,0,60
C00505,2023-05-02,Paid Ads,Kenya,1,64
C00506,22/07/2024,Organic,Rwanda,0,57
C00507,19/05/2024,Referral,Uganda,1,
C00508,03-22-2023,Email,Uganda,1,38
C00509,10/04/2024,Referral,Rwanda,1,64
C00510,02-19-2024,Email,Kenya,1,20
C00511,2023-03-03,Paid Ads,Uganda,1,47
C00512,04/12/2023,Paid Ads,Tanzania,1,41
C00513,05-23-2023,Referral,Rwanda,0,55
C00514,2024-02-19,Email,Uganda,1,20
C00515,04-02-2023,Organic,Uganda,1,54
C00516,02/07/2024,Organic,Uganda,1,50
C00517,01/04/2024,Organic,Tanzania,1,39
C00518,2023-01-04,Email,Tanzania,1,48
C00519,2023-11-02,Referral,Tanzania,1,63
C00520,2024-08-14,Organic,Kenya,1,29
C00521,10/08/2024,Paid Ads,Rwanda,1,62
C00522,08-16-2024,Organic,Kenya,0,31
C00523,19/11/2023,Referral,Tanzania,1,29
C00524,2023-12-12,Email,Rwanda,0,44
C00525,01-28-2023,Email,Kenya,1,30
C00526,05-19-2024,Paid Ads,Kenya,1,41
C00527,01-04-2023,Paid Ads,Kenya,1,55
C00528,2023-03-22,Organic,Tanzania,1,64
C00529,29/07/2024,Organic,Uganda,1,
C00530,16/03/2024,Email,Rwanda,1,26
C00531,2023-06-12,Email,Tanzania,1,25
C00532,27/07/2023,Referral,Rwanda,1,54
C00533,2023-01-06,Referral,Tanzania,0,32
C00534,19/08/2024,Paid Ads,Kenya,1,24
C00535,2023-08-23,Email,Kenya,1,41
C00536,2023-07-25,Referral,Uganda,0,33
C00537,05-07-2024,Email,Uganda,1,41
C00538,01/02/2023,Organic,Rwanda,1,60
C00539,2023-03-22,Paid Ads,Uganda,1,24
C00540,2023-08-23,Organic,Uganda,1,60
C00541,13/12/2023,Referral,Rwanda,1,45
C00542,07-16-2024,Paid Ads,Tanzania,1,19
C00543,08-20-2023,Organic,Uganda,1,51
C00544,11-24-2023,Paid Ads,Tanzania,1,55
C00545,2023-04-22,Paid Ads,Kenya,1,20
C00546,2024-03-20,Organic,Uganda,1,18
C00547,2024-01-17,Organic,Kenya,1,48
C00548,2023-01-01,Paid Ads,Kenya,1,40
C00549,08-07-2023,Paid Ads,Tanzania,1,37
C00550,18/03/2023,Email,Rwanda,0,33
C00551,29/07/2024,Paid Ads,Uganda,1,63
C00552,27/12/2023,Email,Tanzania,1,49
C00553,2024-08-08,Paid Ads,Rwanda,1,34
C00554,2023-01-31,Paid Ads,Kenya,1,35
C00555,29/05/2023,Email,Uganda,1,21
C00556,2024-06-17,Paid Ads,Kenya,0,52
C00557,2024-01-27,Organic,Kenya,0,57
C00558,12-17-2023,Organic,Uganda,0,53
C00559,16/07/2023,Email,Rwanda,0,40
C00560,2023-01-31,Paid Ads,Rwanda,0,32
C00561,25/12/2023,Email,Uganda,1,30
C00562,16/07/2024,Organic,Uganda,1,31
C00563,05-13-2024,Organic,Tanzania,1,31
C00564,09-24-2023,Organic,Tanzania,1,54
C00565,07-10-2024,Organic,Kenya,1,22
C00566,05-07-2024,Paid Ads,Uganda,1,39
C00567,08-12-2023,Organic,Rwanda,1,45
C00568,2023-11-09,Paid Ads,Kenya,1,62
C00569,2023-11-17,Referral,Kenya,1,21
C00570,2023-09-21,Organic,Kenya,1,55
C00571,10-13-2023,Paid Ads,Kenya,0,46
C00572,13/06/2023,Email,Rwanda,1,54
C00573,2024-05-20,Organic,Kenya,0,52
C00574,2023-11-14,Paid Ads,Uganda,1,37
C00575,2023-06-19,Email,Tanzania,1,52
C00576,2023-10-18,Referral,Rwanda,1,52
C00577,28/05/2024,Organic,Uganda,1,37
C00578,18/11/2023,Referral,Uganda,1,19
C00579,12-29-2023,Paid Ads,Uganda,1,35
C00580,01-21-2024,Organic,Tanzania,1,47
C00581,17/06/2023,Paid Ads,Tanzania,0,59
C00582,23/02/2024,Referral,Tanzania,1,46
C00583,25/06/2023,Paid Ads,Uganda,1,56
C00584,20/12/2023,Organic,Tanzania,1,39
C00585,07-19-2024,Paid Ads,Kenya,1,46
C00586,29/06/2024,Organic,Tanzania,1,63
C00587,2024-01-09,Organic,Rwanda,1,27
C00588,2023-03-04,Organic,Uganda,1,37
C00589,02/07/2023,Organic,Uganda,1,33
C00590,03-26-2023,Organic,Kenya,1,23
C00591,2024-01-02,Organic,Tanzania,1,34
C00592,2024-03-17,Paid Ads,Tanzania,1,23
C00593,08-24-2023,Organic,Rwanda,1,39
C00594,2023-05-13,Organic,Kenya,1,35
C00595,27/02/2023,Email,Rwanda,1,49
C00596,03/06/2024,Paid Ads,Rwanda,1,45
C00597,07-11-2024,Paid Ads,Uganda,1,59
C00598,2024-01-21,Organic,Uganda,0,27
C00599,2023-02-04,Organic,Tanzania,1,58
C00600,04/10/2023,Organic,Tanzania,1,39
C00601,07-18-2023,Organic,Rwanda,1,45
C00602,2023-07-08,Organic,Tanzania,0,32
C00603,08-14-2024,Organic,Rwanda,1,60
C00604,15/08/2023,Organic,Tanzania,0,46
C00605,19/08/2023,Organic,Tanzania,1,24
C00606,11/07/2024,Paid Ads,Uganda,1,51
C00607,2024-05-16,Organic,Uganda,1,49
C00608,2023-12-31,Organic,Uganda,1,19
C00609,05/12/2023,Paid Ads,Uganda,1,43
C00610,02-05-2023,Paid Ads,Kenya,1,62
C00611,03-30-2023,Organic,Uganda,1,28
C00612,29/05/2024,Email,Kenya,1,42
C00613,09-29-2023,Paid Ads,Uganda,1,36
C00614,07-06-2024,Organic,Tanzania,1,37
C00615,04-20-2023,Email,Rwanda,0,50
C00616,08-31-2023,Referral,Tanzania,1,34
C00617,2024-03-29,Organic,Tanzania,1,47
C00618,12-05-2023,Organic,Kenya,1,35
C00619,2024-03-01,Email,Uganda,0,49
C00620,21/03/2024,Email,Rwanda,1,57
C00621,24/01/2024,Organic,Rwanda,1,62
C00622,2023-06-05,Organic,Uganda,0,21
C00623,06/06/2023,Organic,Kenya,0,49
C00624,04-16-2024,Paid Ads,Kenya,1,36
C00625,2024-04-12,Paid Ads,Kenya,1,20
C00626,2023-05-11,Organic,Rwanda,1,55
C00627,30/05/2024,Paid Ads,Kenya,1,45
C00628,02/12/2023,Email,Kenya,0,55
C00629,15/04/2024,Organic,Rwanda,0,23
C00630,17/01/2024,Organic,Rwanda,1,57
C00631,04/03/2023,Email,Tanzania,1,34
C00632,2023-07-13,Email,Rwanda,1,59
C00633,23/08/2024,Paid Ads,Uganda,0,22
C00634,22/06/2024,Paid Ads,Rwanda,1,36
C00635,05-16-2024,Organic,Rwanda,1,60
C00636,03-17-2023,Paid Ads,Kenya,1,59
C00637,14/06/2023,Paid Ads,Tanzania,1,52
C00638,2024-02-19,Organic,Kenya,1,39
C00639,02/08/2023,Organic,Tanzania,0,41
C00640,09-21-2023,Organic,Kenya,1,27
C00641,17/12/2023,Organic,Uganda,1,19
C00642,2023-09-18,Organic,Kenya,1,45
C00643,01-04-2023,Organic,Kenya,0,58
C00644,23/07/2023,Organic,Uganda,1,54
C00645,2023-08-13,Organic,Uganda,1,34
C00646,2024-02-21,Email,Rwanda,0,23
C00647,2023-03-01,Paid Ads,Kenya,0,60
C00648,14/05/2023,Paid Ads,Uganda,0,22
C00649,12-18-2023,Email,Uganda,1,56
C00650,23/04/2024,Paid Ads,Rwanda,1,24
C00651,11-21-2023,Organic,Tanzania,1,49
C00652,2024-03-05,Paid Ads,Uganda,1,21
C00653,2024-04-29,Paid Ads,Uganda,1,38
C00654,19/04/2023,Email,Kenya,1,59
C00655,05-29-2024,Paid Ads,Rwanda,1,49
C00656,2023-07-30,Organic,Kenya,1,35
C00657,11-29-2023,Organic,Tanzania,1,50
C00658,2023-04-13,Organic,Rwanda,0,31
C00659,2024-03-05,Paid Ads,Kenya,1,23
C00660,04-20-2023,Paid Ads,Uganda,1,28
C00661,2023-06-03,Organic,Uganda,1,63
C00662,11/02/2023,Referral,Rwanda,1,37
C00663,2023-10-31,Paid Ads,Uganda,1,46
C00664,03-08-2023,Organic,Kenya,1,52
C00665,2023-11-16,Organic,Rwanda,1,33
C00666,2023-10-15,Organic,Uganda,0,
C00667,16/05/2024,Organic,Uganda,1,24
C00668,2023-02-12,Organic,Tanzania,1,57
C00669,07-05-2024,Organic,Tanzania,1,53
C00670,30/06/2023,Organic,Rwanda,1,61
C00671,12-18-2023,Organic,Tanzania,1,61
C00672,24/06/2024,Email,Kenya,1,48
C00673,2023-05-26,Organic,Uganda,1,59
C00674,28/11/2023,Paid Ads,Uganda,0,61
C00675,10/03/2024,Paid Ads,Uganda,0,60
C00676,2023-10-23,Referral,Rwanda,0,60
C00677,16/05/2024,Organic,Rwanda,1,64
C00678,2023-09-09,Organic,Tanzania,1,23
C00679,2024-03-25,Referral,Uganda,0,46
C00680,2023-04-25,Email,Uganda,1,44
C00681,2023-08-25,Email,Uganda,0,60
C00682,2023-09-08,Organic,Uganda,1,19
C00683,06-28-2023,Organic,Uganda,1,39
C00684,05/06/2024,Paid Ads,Kenya,1,26
C00685,2023-11-29,Referral,Uganda,1,28
C00686,06/08/2023,Paid Ads,Kenya,1,33
C00687,09/08/2023,Paid Ads,Uganda,0,62
C00688,19/04/2024,Organic,Rwanda,1,30
C00689,19/04/2024,Email,Rwanda,1,35
C00690,31/03/2023,Organic,Kenya,0,42
C00691,06/06/2024,Organic,Uganda,1,50
C00692,19/05/2024,Paid Ads,Rwanda,1,27
C00693,2024-04-07,Paid Ads,Rwanda,1,47
C00694,2023-08-30,Organic,Uganda,1,18
C00695,2023-06-22,Organic,Uganda,1,50
C00696,2023-01-09,Paid Ads,Rwanda,1,32
C00697,31/12/2023,Organic,Uganda,0,46
C00698,19/09/2023,Paid Ads,Tanzania,1,19
C00699,08-23-2023,Organic,Uganda,1,28
C00700,2024-03-21,Paid Ads,Rwanda,1,51
C00701,11-27-2023,Paid Ads,Rwanda,1,58
C00702,14/03/2023,Organic,Kenya,1,36
C00703,2023-03-02,Organic,Tanzania,1,19
C00704,09-13-2023,Organic,Rwanda,1,
C00705,2024-05-06,Organic,Tanzania,1,37
C00706,13/12/2023,Referral,Uganda,1,58
C00707,2023-07-03,Organic,Rwanda,1,48
C00708,2024-03-24,Email,Kenya,1,21
C00709,2023-04-24,Organic,Rwanda,1,46
C00710,06-24-2023,Paid Ads,Kenya,1,47
C00711,06-02-2023,Email,Tanzania,1,30
C00712,05-09-2024,Paid Ads,Kenya,0,32
C00713,2024-01-13,Paid Ads,Uganda,1,37
C00714,16/10/2023,Paid Ads,Uganda,0,51
C00715,05-26-2023,Organic,Uganda,1,45
C00716,2023-09-19,Referral,Rwanda,0,37
C00717,2024-08-07,Email,Uganda,1,42
C00718,07/07/2023,Referral,Uganda,1,44
C00719,08-22-2024,Organic,Rwanda,1,47
C00720,02-12-2024,Email,Tanzania,1,58
C00721,01-18-2023,Referral,Uganda,1,37
C00722,2024-03-03,Organic,Uganda,1,18
C00723,2023-05-30,Organic,Rwanda,1,52
C00724,04-16-2023,Email,Tanzania,1,60
C00725,04/03/2023,Paid Ads,Tanzania,0,41
C00726,09/11/2023,Email,Tanzania,1,42
C00727,23/09/2023,Organic,Rwanda,1,57
C00728,2024-04-28,Email,Kenya,1,29
C00729,08-08-2023,Organic,Kenya,1,28
C00730,09-17-2023,Organic,Uganda,1,47
C00731,07-22-2024,Organic,Uganda,1,30
C00732,01-17-2023,Email,Uganda,1,64
C00733,11-30-2023,Paid Ads,Kenya,0,42
C00734,09/05/2024,Paid Ads,Rwanda,1,42
C00735,2023-07-12,Organic,Uganda,1,34
C00736,06-08-2023,Email,Rwanda,1,29
C00737,2024-05-09,Organic,Uganda,1,28
C00738,2024-08-22,Email,Rwanda,1,27
C00739,04-04-2023,Paid Ads,Rwanda,1,34
C00740,2023-07-24,Organic,Kenya,1,62
C00741,2024-08-03,Paid Ads,Rwanda,1,33
C00742,2023-05-02,Organic,Tanzania,1,37
C00743,06-30-2023,Email,Kenya,0,22
C00744,18/03/2023,Paid Ads,Uganda,1,58
C00745,09/02/2023,Organic,Kenya,1,49
C00746,11/02/2024,Email,Tanzania,1,44
C00747,20/06/2023,Organic,Tanzania,1,21
C00748,06-14-2023,Paid Ads,Rwanda,1,58
C00749,01-10-2023,Referral,Tanzania,1,
C00750,07-05-2024,Paid Ads,Tanzania,1,24
C00751,14/03/2024,Organic,Tanzania,1,63
C00752,2024-08-20,Referral,Tanzania,0,31
C00753,08/08/2023,Paid Ads,Uganda,1,56
C00754,2023-10-12,Organic,Uganda,1,41
C00755,04-10-2024,Organic,Kenya,0,
C00756,26/06/2024,Email,Rwanda,0,35
C00757,17/01/2023,Paid Ads,Uganda,1,55
C00758,2024-06-30,Paid Ads,Tanzania,1,56
C00759,07-01-2023,Email,Rwanda,1,57
C00760,05/08/2024,Email,Uganda,1,18
C00761,09-05-2023,Organic,Kenya,1,34
C00762,2024-04-07,Organic,Tanzania,1,43
C00763,05/03/2023,Organic,Rwanda,1,39
C00764,16/05/2023,Email,Uganda,1,56
C00765,2023-08-27,Organic,Rwanda,1,35
C00766,05/03/2024,Paid Ads,Uganda,1,55
C00767,2024-03-21,Email,Kenya,1,45
C00768,2023-06-18,Email,Tanzania,1,38
C00769,2023-11-13,Organic,Kenya,1,55
C00770,11-12-2023,Email,Tanzania,1,50
C00771,03/01/2023,Organic,Tanzania,1,47
C00772,2023-12-19,Email,Rwanda,1,59
C00773,02/01/2023,Organic,Uganda,1,25
C00774,2024-02-10,Organic,Kenya,0,47
C00775,11/12/2023,Email,Kenya,0,56
C00776,03-24-2024,Organic,Kenya,1,26
C00777,2023-08-28,Organic,Rwanda,0,50
C00778,02-28-2023,Email,Rwanda,1,60
C00779,08/06/2023,Email,Rwanda,1,46
C00780,06/03/2023,Paid Ads,Tanzania,0,48
C00781,02-07-2024,Paid Ads,Kenya,1,20
C00782,02-22-2024,Paid Ads,Tanzania,1,55
C00783,01-19-2024,Organic,Kenya,1,28
C00784,29/09/2023,Organic,Kenya,1,22
C00785,2023-10-18,Organic,Uganda,1,48
C00786,2023-11-02,Referral,Kenya,1,37
C00787,30/06/2024,Paid Ads,Rwanda,1,21
C00788,2024-01-16,Paid Ads,Rwanda,1,25
C00789,14/07/2023,Paid Ads,Rwanda,1,59
C00790,2024-03-20,Referral,Uganda,0,52
C00791,24/12/2023,Organic,Uganda,1,30
C00792,11/05/2023,Paid Ads,Tanzania,1,22
C00793,2023-08-17,Paid Ads,Kenya,1,57
C00794,23/01/2023,Paid Ads,Kenya,0,36
C00795,05-01-2024,Organic,Rwanda,1,35
C00796,11-20-2023,Email,Rwanda,1,50
C00797,07-18-2023,Referral,Rwanda,1,21
C00798,27/07/2024,Paid Ads,Rwanda,0,35
C00799,2023-03-07,Paid Ads,Rwanda,1,63
C00800,2023-11-19,Referral,Rwanda,1,41
C00801,07-04-2024,Email,Kenya,1,60
C00802,06-04-2024,Organic,Uganda,1,46
C00803,08-12-2023,Paid Ads,Rwanda,1,48
C00804,08-18-2023,Paid Ads,Kenya,1,45
C00805,11/04/2024,Paid Ads,Rwanda,1,26
C00806,21/07/2024,Email,Tanzania,1,62
C00807,07-30-2023,Referral,Tanzania,1,43
C00808,2024-02-05,Referral,Kenya,0,64
C00809,04-05-2023,Paid Ads,Uganda,0,19
C00810,20/07/2024,Organic,Tanzania,1,23
C00811,07/03/2023,Referral,Tanzania,1,46
C00812,06-04-2024,Email,Uganda,1,43
C00813,13/09/2023,Organic,Tanzania,1,45
C00814,06/12/2023,Referral,Rwanda,1,24
C00815,23/08/2023,Email,Uganda,1,51
C00816,11/05/2023,Paid Ads,Tanzania,1,62
C00817,05-12-2023,Paid Ads,Uganda,1,27
C00818,03-20-2024,Organic,Rwanda,0,
C00819,2024-01-10,Organic,Tanzania,1,58
C00820,01/06/2023,Organic,Kenya,1,57
C00821,04/07/2024,Email,Tanzania,1,64
C00822,02/01/2023,Organic,Tanzania,0,39
C00823,07-07-2024,Organic,Rwanda,1,44
C00824,06-14-2023,Organic,Kenya,1,56
C00825,09/01/2024,Paid Ads,Kenya,1,39
C00826,2023-08-23,Referral,Kenya,1,36
C00827,05/02/2024,Organic,Rwanda,1,53
C00828,12-06-2023,Organic,Rwanda,1,26
C00829,2023-07-15,Email,Rwanda,1,36
C00830,12/03/2024,Paid Ads,Rwanda,1,19
C00831,2023-12-21,Organic,Rwanda,1,45
C00832,01-29-2023,Paid Ads,Kenya,1,56
C00833,04-12-2023,Organic,Uganda,1,39
C00834,03-13-2024,Organic,Rwanda,1,23
C00835,2024-01-20,Paid Ads,Uganda,0,64
C00836,2023-05-21,Paid Ads,Tanzania,1,24
C00837,2023-07-12,Referral,Tanzania,0,23
C00838,2024-05-14,Organic,Rwanda,1,50
C00839,03-17-2024,Paid Ads,Tanzania,0,31
C00840,05-31-2023,Paid Ads,Uganda,0,18
C00841,17/07/2023,Organic,Tanzania,1,42
C00842,19/03/2023,Paid Ads,Tanzania,0,23
C00843,02-05-2023,Organic,Uganda,1,45
C00844,05-02-2024,Referral,Tanzania,1,35
C00845,11/08/2024,Organic,Rwanda,1,44
C00846,08-18-2023,Paid Ads,Uganda,1,19
C00847,10-26-2023,Organic,Uganda,1,57
C00848,2024-02-20,Referral,Kenya,1,38
C00849,11/02/2024,Paid Ads,Kenya,1,40
C00850,12-26-2023,Paid Ads,Uganda,1,19
C00851,01-15-2024,Organic,Uganda,1,33
C00852,2023-05-17,Email,Kenya,1,21
C00853,08/04/2024,Organic,Rwanda,1,51
C00854,05-11-2023,Email,Tanzania,0,22
C00855,2024-07-25,Organic,Tanzania,1,51
C00856,24/06/2024,Organic,Tanzania,1,39
C00857,16/01/2023,Organic,Uganda,0,63
C00858,05/05/2023,Paid Ads,Rwanda,1,37
C00859,05-05-2024,Paid Ads,Kenya,1,56
C00860,12-26-2023,Organic,Rwanda,1,64
C00861,10-22-2023,Email,Rwanda,1,30
C00862,05-27-2023,Paid Ads,Tanzania,0,61
C00863,01-24-2024,Paid Ads,Kenya,1,51
C00864,2024-07-13,Paid Ads,Rwanda,1,61
C00865,2023-02-18,Paid Ads,Kenya,1,23
C00866,15/02/2024,Paid Ads,Uganda,1,46
C00867,2023-08-20,Organic,Tanzania,1,50
C00868,05-18-2024,Organic,Kenya,0,18
C00869,16/08/2023,Email,Uganda,0,64
C00870,07-08-2023,Referral,Uganda,1,
C00871,02-18-2023,Organic,Uganda,1,24
C00872,2023-08-27,Organic,Rwanda,1,39
C00873,25/03/2023,Paid Ads,Rwanda,1,49
C00874,07-29-2024,Paid Ads,Tanzania,1,31
C00875,01-11-2023,Organic,Tanzania,1,41
C00876,2024-06-22,Organic,Uganda,0,36
C00877,2023-03-26,Email,Tanzania,1,44
C00878,04-02-2024,Paid Ads,Rwanda,1,40
C00879,2023-08-17,Organic,Tanzania,1,62
C00880,2024-05-13,Organic,Kenya,1,38
C00881,01-19-2024,Organic,Rwanda,1,61
C00882,24/01/2023,Paid Ads,Uganda,1,46
C00883,13/01/2023,Organic,Uganda,1,18
C00884,14/06/2024,Organic,Tanzania,1,48
C00885,06/06/2024,Email,Rwanda,1,44
C00886,05-02-2023,Organic,Uganda,1,61
C00887,2023-04-25,Paid Ads,Uganda,1,53
C00888,2024-07-07,Organic,Rwanda,1,44
C00889,21/05/2023,Organic,Rwanda,1,32
C00890,01-28-2023,Organic,Uganda,0,42
C00891,2024-08-07,Email,Tanzania,1,
C00892,2024-04-25,Email,Tanzania,1,32
C00893,2023-08-04,Email,Tanzania,0,57
C00894,05-30-2023,Organic,Kenya,1,36
C00895,12-14-2023,Paid Ads,Rwanda,1,64
C00896,02/12/2023,Organic,Uganda,1,28
C00897,2023-07-10,Organic,Kenya,1,58
C00898,2023-12-11,Email,Tanzania,0,50
C00899,2023-11-09,Organic,Kenya,1,58
C00900,06-30-2023,Organic,Uganda,1,40
C00901,29/01/2023,Organic,Uganda,1,29
C00902,12-18-2023,Organic,Rwanda,1,19
C00903,2023-03-10,Organic,Tanzania,1,60
C00904,11-21-2023,Paid Ads,Tanzania,1,38
C00905,16/06/2023,Paid Ads,Kenya,1,31
C00906,07-18-2024,Email,Tanzania,1,51
C00907,2024-05-14,Email,Kenya,0,32
C00908,07/05/2024,Organic,Uganda,1,38
C00909,2023-06-21,Organic,Uganda,1,40
C00910,03-24-2024,Organic,Uganda,1,38
C00911,15/02/2023,Paid Ads,Uganda,0,31
C00912,31/03/2024,Organic,Uganda,1,38
C00913,05-11-2023,Paid Ads,Kenya,1,29
C00914,14/02/2024,Paid Ads,Uganda,1,59
C00915,25/09/2023,Paid Ads,Kenya,0,63
C00916,2023-03-05,Paid Ads,Uganda,1,64
C00917,22/03/2024,Organic,Kenya,1,22
C00918,11-21-2023,Referral,Kenya,1,19
C00919,2023-04-02,Email,Kenya,0,39
C00920,17/04/2024,Organic,Tanzania,1,23
C00921,2023-06-15,Email,Kenya,0,61
C00922,11/01/2024,Paid Ads,Kenya,0,19
C00923,06-10-2024,Email,Uganda,1,46
C00924,2024-01-23,Email,Kenya,1,53
C00925,10/05/2023,Paid Ads,Kenya,1,24
C00926,04-07-2023,Organic,Rwanda,0,33
C00927,05/06/2023,Organic,Tanzania,1,50
C00928,02-19-2024,Paid Ads,Rwanda,0,50
C00929,2024-02-28,Paid Ads,Uganda,1,31
C00930,09-02-2023,Organic,Tanzania,1,60
C00931,2024-07-10,Organic,Tanzania,1,29
C00932,14/08/2024,Email,Rwanda,1,60
C00933,29/01/2023,Referral,Tanzania,0,23
C00934,02-08-2024,Paid Ads,Rwanda,1,29
C00935,05-31-2023,Organic,Kenya,1,48
C00936,2024-02-13,Organic,Rwanda,1,29
C00937,11-24-2023,Organic,Tanzania,1,27
C00938,09-02-2023,Referral,Tanzania,1,57
C00939,2023-03-18,Organic,Uganda,1,44
C00940,27/07/2023,Paid Ads,Uganda,0,24
C00941,29/04/2024,Organic,Uganda,1,63
C00942,11-18-2023,Paid Ads,Uganda,1,53
C00943,07-25-2023,Paid Ads,Tanzania,1,50
C00944,2023-09-12,Email,Uganda,1,44
C00945,03-14-2023,Organic,Rwanda,1,25
C00946,31/05/2024,Organic,Kenya,1,22
C00947,2024-06-03,Organic,Tanzania,1,25
C00948,28/04/2023,Referral,Uganda,1,57
C00949,01-20-2024,Email,Tanzania,1,38
C00950,08-08-2024,Paid Ads,Uganda,1,41
C00951,2023-09-26,Paid Ads,Tanzania,0,24
C00952,2023-11-03,Paid Ads,Uganda,1,36
C00953,24/07/2023,Organic,Kenya,1,48
C00954,2023-10-22,Referral,Uganda,1,53
C00955,10/08/2023,Paid Ads,Rwanda,1,44
C00956,2024-02-25,Organic,Tanzania,0,46
C00957,21/06/2024,Paid Ads,Tanzania,1,40
C00958,09-03-2023,Organic,Rwanda,1,37
C00959,22/05/2023,Organic,Rwanda,1,23
C00960,07/08/2024,Email,Kenya,1,29
C00961,26/07/2024,Organic,Tanzania,1,29
C00962,2023-12-02,Paid Ads,Kenya,1,20
C00963,22/07/2024,Organic,Tanzania,1,59
C00964,2023-12-16,Organic,Tanzania,1,56
C00965,02/04/2023,Organic,Kenya,1,52
C00966,06-22-2024,Organic,Tanzania,1,36
C00967,11-09-2023,Email,Tanzania,1,62
C00968,2024-01-20,Organic,Kenya,1,21
C00969,03/03/2023,Paid Ads,Uganda,1,48
C00970,05-19-2024,Paid Ads,Kenya,1,59
C00971,18/04/2024,Paid Ads,Tanzania,0,55
C00972,07-29-2024,Referral,Rwanda,1,50
C00973,08-23-2023,Email,Uganda,0,23
C00974,01-25-2024,Organic,Rwanda,1,25
C00975,2023-06-01,Organic,Uganda,1,45
C00976,16/05/2023,Organic,Rwanda,0,32
C00977,05-25-2023,Paid Ads,Uganda,1,48
C00978,10-31-2023,Organic,Kenya,0,25
C00979,13/05/2023,Paid Ads,Uganda,1,23
C00980,04-08-2024,Paid Ads,Uganda,1,46
C00981,05-26-2024,Organic,Uganda,1,63
C00982,06-13-2024,Email,Tanzania,0,51
C00983,09-21-2023,Organic,Rwanda,0,24
C00984,21/03/2023,Organic,Kenya,1,57
C00985,08/07/2023,Email,Rwanda,1,27
C00986,18/01/2024,Paid Ads,Rwanda,1,30
C00987,2024-04-24,Paid Ads,Kenya,0,39
C00988,07-08-2024,Paid Ads,Tanzania,1,38
C00989,2023-05-27,Organic,Uganda,1,18
C00990,03-07-2024,Email,Tanzania,1,58
C00991,2024-03-07,Email,Tanzania,1,59
C00992,30/08/2023,Paid Ads,Uganda,1,19
C00993,2024-02-06,Organic,Rwanda,0,46
C00994,24/06/2024,Paid Ads,Uganda,1,28
C00995,27/06/2023,Organic,Kenya,0,54
C00996,2024-07-28,Organic,Uganda,1,24
C00997,02-10-2024,Referral,Rwanda,1,52
C00998,03-27-2024,Organic,Tanzania,1,47
C00999,03-06-2024,Referral,Tanzania,1,33
C01000,2023-02-05,Paid Ads,Uganda,0,32
C01001,06-06-2023,Organic,Kenya,1,57
C01002,2023-05-01,Paid Ads,Rwanda,1,37
C01003,02/06/2024,Email,Tanzania,1,45
C01004,21/01/2024,Email,Uganda,1,54
C01005,01/04/2024,Email,Kenya,0,20
C01006,04/08/2024,Paid Ads,Kenya,1,46
C01007,05-22-2023,Paid Ads,Tanzania,1,54
C01008,22/09/2023,Email,Tanzania,1,26
C01009,2024-01-22,Organic,Rwanda,1,44
C01010,23/04/2024,Paid Ads,Kenya,1,49
C01011,2023-02-11,Organic,Rwanda,1,
C01012,2024-06-15,Referral,Kenya,1,63
C01013,2023-02-28,Referral,Kenya,1,56
C01014,10/08/2024,Organic,Uganda,0,48
C01015,07-04-2023,Email,Tanzania,1,64
C01016,2024-05-06,Referral,Kenya,1,43
C01017,06-26-2023,Organic,Rwanda,0,57
C01018,07/08/2024,Paid Ads,Tanzania,1,20
C01019,12-28-2023,Referral,Rwanda,0,28
C01020,19/07/2024,Organic,Tanzania,0,46
C01021,06-01-2023,Paid Ads,Tanzania,1,44
C01022,06-06-2023,Organic,Kenya,1,64
C01023,03-26-2023,Referral,Uganda,1,27
C01024,06/06/2023,Referral,Kenya,1,52
C01025,10/01/2024,Referral,Tanzania,0,64
C01026,11/04/2023,Paid Ads,Kenya,1,40
C01027,12-07-2023,Email,Kenya,1,23
C01028,18/06/2023,Email,Tanzania,1,28
C01029,07-10-2024,Organic,Tanzania,1,60
C01030,2023-11-16,Email,Kenya,0,44
C01031,2023-07-13,Organic,Kenya,1,48
C01032,03-22-2023,Paid Ads,Kenya,1,47
C01033,09/12/2023,Organic,Rwanda,0,20
C01034,2023-01-16,Organic,Kenya,1,30
C01035,06/04/2024,Organic,Rwanda,1,57
C01036,05-23-2023,Paid Ads,Uganda,1,38
C01037,2023-06-03,Organic,Rwanda,1,60
C01038,2023-05-30,Email,Kenya,0,28
C01039,2024-02-23,Organic,Uganda,1,62
C01040,03/07/2023,Organic,Rwanda,1,20
C01041,23/03/2024,Paid Ads,Rwanda,1,55
C01042,2024-04-16,Email,Tanzania,0,48
C01043,03-11-2023,Organic,Uganda,1,41
C01044,2023-11-24,Paid Ads,Tanzania,0,59
C01045,2023-02-10,Email,Uganda,1,29
C01046,22/01/2024,Paid Ads,Rwanda,1,63
C01047,01-22-2023,Organic,Tanzania,0,60
C01048,2024-05-23,Organic,Kenya,1,44
C01049,06/07/2023,Email,Rwanda,1,38
C01050,06-30-2023,Organic,Uganda,1,42
C01051,19/05/2023,Email,Uganda,1,47
C01052,13/08/2023,Paid Ads,Tanzania,1,47
C01053,2023-10-04,Referral,Tanzania,1,27
C01054,06/03/2023,Email,Uganda,1,20
C01055,2023-09-08,Referral,Rwanda,0,30
C01056,11/08/2024,Organic,Tanzania,1,44
C01057,05-29-2024,Email,Kenya,1,35
C01058,02-23-2023,Paid Ads,Uganda,0,62
C01059,07-07-2023,Paid Ads,Kenya,1,41
C01060,2023-02-05,Paid Ads,Uganda,1,63
C01061,2024-08-04,Email,Kenya,1,31
C01062,2023-03-21,Referral,Rwanda,1,56
C01063,2024-05-19,Email,Uganda,1,61
C01064,15/08/2023,Paid Ads,Rwanda,1,21
C01065,11/06/2023,Paid Ads,Tanzania,1,33
C01066,06-22-2023,Email,Uganda,1,27
C01067,30/01/2024,Organic,Rwanda,1,
C01068,17/11/2023,Organic,Kenya,1,54
C01069,12/01/2024,Organic,Rwanda,1,44
C01070,2023-02-01,Organic,Uganda,1,
C01071,11-06-2023,Organic,Rwanda,1,18
C01072,18/05/2024,Organic,Kenya,1,22
C01073,05-13-2023,Organic,Kenya,0,30
C01074,10/03/2023,Organic,Kenya,0,62
C01075,2024-06-13,Referral,Tanzania,0,20
C01076,08-17-2023,Paid Ads,Uganda,1,34
C01077,12-20-2023,Organic,Kenya,1,36
C01078,02-23-2023,Paid Ads,Tanzania,1,54
C01079,2023-11-02,Organic,Kenya,1,22
C01080,2024-07-18,Referral,Rwanda,1,64
C01081,06/05/2024,Email,Uganda,1,59
C01082,07-29-2024,Organic,Rwanda,1,61
C01083,08-14-2024,Paid Ads,Tanzania,1,41
C01084,2024-07-29,Email,Rwanda,0,60
C01085,08-13-2023,Referral,Rwanda,1,50
C01086,25/08/2023,Paid Ads,Kenya,0,38
C01087,07/07/2023,Paid Ads,Rwanda,1,20
C01088,29/02/2024,Organic,Kenya,0,21
C01089,2023-04-23,Referral,Kenya,1,49
C01090,05-05-2023,Organic,Uganda,0,41
C01091,05/07/2024,Referral,Tanzania,1,52
C01092,01-23-2024,Paid Ads,Tanzania,1,35
C01093,04-09-2023,Paid Ads,Tanzania,1,20
C01094,2023-01-23,Paid Ads,Kenya,1,56
C01095,02-19-2023,Organic,Tanzania,0,43
C01096,06-23-2023,Organic,Kenya,0,41
C01097,15/02/2023,Organic,Uganda,1,18
C01098,2024-06-02,Organic,Tanzania,1,51
C01099,03-20-2023,Email,Kenya,1,29
C01100,2023-08-15,Organic,Tanzania,0,34
C01101,01-28-2023,Organic,Tanzania,1,38
C01102,05-31-2024,Referral,Uganda,1,38
C01103,08/08/2023,Email,Rwanda,1,20
C01104,08/11/2023,Referral,Tanzania,1,61
C01105,08-03-2023,Referral,Uganda,1,45
C01106,2023-07-20,Organic,Tanzania,1,42
C01107,19/08/2023,Organic,Tanzania,1,61
C01108,2023-06-22,Email,Tanzania,1,23
C01109,2023-05-06,Paid Ads,Tanzania,1,59
C01110,11-15-2023,Organic,Rwanda,1,47
C01111,2023-06-16,Email,Rwanda,1,49
C01112,2023-06-23,Organic,Tanzania,1,39
C01113,11/07/2023,Organic,Tanzania,1,55
C01114,2024-03-27,Paid Ads,Uganda,0,31
C01115,09-20-2023,Paid Ads,Uganda,0,51
C01116,21/12/2023,Paid Ads,Kenya,0,60
C01117,04-02-2024,Organic,Rwanda,0,64
C01118,10-18-2023,Email,Tanzania,1,43
C01119,2024-01-22,Organic,Rwanda,1,57
C01120,2023-08-13,Organic,Uganda,1,30
C01121,08-02-2024,Email,Rwanda,0,47
C01122,10-22-2023,Referral,Rwanda,1,36
C01123,14/06/2024,Email,Tanzania,1,59
C01124,07/04/2024,Email,Tanzania,1,58
C01125,04/09/2023,Paid Ads,Uganda,1,56
C01126,2023-04-05,Paid Ads,Tanzania,1,20
C01127,02-17-2023,Organic,Uganda,0,48
C01128,2023-03-20,Paid Ads,Uganda,1,29
C01129,04/05/2024,Organic,Kenya,0,32
C01130,30/12/2023,Organic,Kenya,1,62
C01131,2023-05-13,Email,Kenya,1,55
C01132,2023-09-27,Paid Ads,Rwanda,0,57
C01133,2023-04-11,Organic,Kenya,0,31
C01134,30/08/2023,Organic,Tanzania,1,52
C01135,07-17-2024,Paid Ads,Tanzania,1,33
C01136,02-25-2024,Organic,Kenya,1,41
C01137,20/03/2023,Email,Rwanda,1,34
C01138,16/09/2023,Paid Ads,Uganda,1,35
C01139,04-22-2024,Paid Ads,Rwanda,0,59
C01140,02/04/2023,Paid Ads,Rwanda,1,34
C01141,18/12/2023,Email,Uganda,1,33
C01142,2024-08-02,Organic,Uganda,1,38
C01143,01/04/2023,Paid Ads,Uganda,0,41
C01144,2023-10-24,Paid Ads,Tanzania,0,51
C01145,10-15-2023,Organic,Uganda,1,53
C01146,2024-03-01,Email,Uganda,1,60
C01147,10-23-2023,Email,Rwanda,1,44
C01148,2023-04-12,Paid Ads,Rwanda,1,56
C01149,11-13-2023,Email,Kenya,1,34
C01150,20/06/2024,Email,Rwanda,0,42
C01151,2024-03-16,Email,Uganda,0,55
C01152,2023-08-22,Email,Tanzania,1,59
C01153,07-09-2024,Paid Ads,Rwanda,1,38
C01154,06-16-2024,Paid Ads,Rwanda,1,21
C01155,10-19-2023,Paid Ads,Uganda,1,42
C01156,08-14-2024,Email,Rwanda,1,47
C01157,08/01/2023,Organic,Rwanda,1,50
C01158,2023-11-05,Email,Uganda,1,56
C01159,2023-10-03,Email,Rwanda,1,43
C01160,20/12/2023,Organic,Tanzania,1,42
C01161,07-19-2024,Email,Kenya,1,33
C01162,09-07-2023,Organic,Rwanda,1,41
C01163,2023-09-19,Organic,Tanzania,1,22
C01164,12/05/2023,Email,Rwanda,1,59
C01165,26/12/2023,Organic,Kenya,1,56
C01166,2023-07-05,Email,Uganda,0,30
C01167,08-02-2023,Email,Kenya,1,47
C01168,2023-09-25,Paid Ads,Rwanda,0,24
C01169,28/06/2023,Organic,Kenya,1,64
C01170,02-22-2023,Organic,Kenya,1,34
C01171,2023-01-02,Paid Ads,Uganda,1,44
C01172,2023-05-13,Referral,Rwanda,1,52
C01173,2023-08-13,Paid Ads,Kenya,0,22
C01174,14/02/2024,Organic,Kenya,0,59
C01175,18/01/2023,Paid Ads,Uganda,0,22
C01176,2023-11-25,Paid Ads,Tanzania,1,41
C01177,04-29-2023,Email,Rwanda,1,24
C01178,2024-08-14,Organic,Tanzania,1,24
C01179,2023-12-24,Email,Tanzania,1,31
C01180,2023-12-02,Paid Ads,Uganda,1,32
C01181,2024-03-31,Referral,Uganda,0,22
C01182,02/09/2023,Organic,Rwanda,0,54
C01183,09/01/2023,Paid Ads,Tanzania,1,21
C01184,2024-07-16,Referral,Kenya,1,47
C01185,12-25-2023,Organic,Tanzania,1,37
C01186,08/06/2023,Referral,Uganda,1,43
C01187,03-12-2024,Paid Ads,Kenya,1,26
C01188,01-13-2023,Organic,Kenya,0,47
C01189,07-17-2024,Organic,Uganda,1,61
C01190,09-17-2023,Email,Kenya,1,
C01191,14/02/2024,Organic,Tanzania,1,39
C01192,2023-02-21,Paid Ads,Uganda,1,57
C01193,07-18-2024,Organic,Rwanda,0,58
C01194,31/07/2024,Paid Ads,Uganda,1,61
C01195,04/05/2023,Organic,Rwanda,0,47
C01196,05-30-2023,Email,Rwanda,1,37
C01197,03-10-2023,Referral,Uganda,1,45
C01198,2023-02-26,Referral,Uganda,1,24
C01199,2024-02-17,Email,Rwanda,1,21
C01200,2024-07-24,Organic,Rwanda,1,45
C01201,2023-11-26,Email,Kenya,1,52
C01202,2023-06-20,Organic,Uganda,1,50
C01203,05-26-2023,Organic,Uganda,1,24
C01204,01/08/2024,Organic,Kenya,0,26
C01205,2024-06-03,Paid Ads,Uganda,0,51
C01206,2024-08-18,Email,Kenya,1,56
C01207,06-08-2023,Paid Ads,Kenya,0,59
C01208,2023-11-12,Paid Ads,Uganda,1,51
C01209,09/03/2023,Organic,Tanzania,1,30
C01210,2023-04-10,Referral,Rwanda,1,46
C01211,17/12/2023,Paid Ads,Uganda,0,52
C01212,14/06/2024,Paid Ads,Tanzania,1,62
C01213,05/07/2023,Organic,Kenya,1,27
C01214,02-20-2024,Email,Tanzania,1,47
C01215,28/06/2024,Paid Ads,Uganda,1,61
C01216,08-08-2024,Organic,Uganda,1,43
C01217,07/12/2023,Organic,Tanzania,1,52
C01218,2023-02-13,Paid Ads,Uganda,1,45
C01219,2023-06-15,Paid Ads,Rwanda,0,46
C01220,2024-03-24,Organic,Tanzania,0,23
C01221,11/02/2023,Referral,Kenya,0,20
C01222,21/09/2023,Organic,Tanzania,1,46
C01223,19/05/2024,Paid Ads,Tanzania,1,19
C01224,2023-04-18,Referral,Tanzania,1,39
C01225,20/05/2024,Paid Ads,Tanzania,1,63
C01226,12-30-2023,Paid Ads,Kenya,0,64
C01227,05-19-2024,Organic,Kenya,1,44
C01228,03-25-2023,Organic,Kenya,0,39
C01229,26/01/2023,Referral,Tanzania,1,27
C01230,30/03/2023,Paid Ads,Rwanda,0,36
C01231,01-02-2024,Email,Rwanda,1,41
C01232,04-10-2024,Organic,Kenya,1,44
C01233,01-12-2023,Organic,Rwanda,1,53
C01234,2023-10-18,Organic,Rwanda,1,60
C01235,24/07/2023,Paid Ads,Rwanda,1,34
C01236,01-21-2023,Organic,Rwanda,1,27
C01237,02-19-2024,Email,Rwanda,1,34
C01238,2023-07-31,Paid Ads,Uganda,0,61
C01239,09-13-2023,Referral,Kenya,1,27
C01240,07/07/2023,Organic,Tanzania,1,27
C01241,16/06/2024,Email,Rwanda,1,55
C01242,16/08/2023,Email,Uganda,1,34
C01243,04/07/2023,Email,Tanzania,1,43
C01244,04-29-2023,Email,Uganda,1,43
C01245,28/04/2023,Email,Rwanda,1,51
C01246,2023-06-15,Paid Ads,Rwanda,1,21
C01247,2023-03-15,Organic,Rwanda,1,44
C01248,2023-03-24,Organic,Rwanda,1,38
C01249,30/05/2024,Referral,Tanzania,1,53
C01250,01-18-2024,Paid Ads,Tanzania,1,55
C01251,02-15-2023,Email,Uganda,1,63
C01252,16/01/2023,Paid Ads,Kenya,1,48
C01253,03-22-2023,Organic,Rwanda,1,24
C01254,24/08/2023,Organic,Uganda,1,61
C01255,2023-06-24,Paid Ads,Uganda,1,51
C01256,04-29-2024,Paid Ads,Uganda,0,35
C01257,08-01-2024,Organic,Rwanda,1,41
C01258,04-16-2024,Paid Ads,Rwanda,1,30
C01259,26/10/2023,Organic,Uganda,1,30
C01260,01-16-2023,Paid Ads,Rwanda,1,42
C01261,07-06-2024,Organic,Uganda,1,22
C01262,12/01/2024,Email,Tanzania,1,56
C01263,2023-12-26,Organic,Rwanda,0,46
C01264,18/07/2024,Paid Ads,Tanzania,1,61
C01265,2024-05-26,Organic,Kenya,1,63
C01266,2024-01-09,Organic,Rwanda,1,50
C01267,2024-01-28,Organic,Kenya,0,41
C01268,10-15-2023,Paid Ads,Uganda,1,27
C01269,01/01/2023,Paid Ads,Rwanda,1,42
C01270,08/06/2023,Organic,Rwanda,1,58
C01271,02-25-2023,Paid Ads,Rwanda,1,27
C01272,04-27-2023,Email,Kenya,1,56
C01273,2023-12-08,Email,Kenya,0,33
C01274,2023-12-07,Organic,Uganda,1,45
C01275,18/03/2023,Paid Ads,Tanzania,1,29
C01276,2023-11-04,Organic,Tanzania,1,61
C01277,09-10-2023,Organic,Kenya,1,49
C01278,2024-04-03,Referral,Rwanda,1,46
C01279,08-01-2023,Organic,Tanzania,1,62
C01280,22/11/2023,Paid Ads,Tanzania,1,44
C01281,2023-12-05,Paid Ads,Kenya,1,43
C01282,04/10/2023,Email,Uganda,1,20
C01283,02-12-2023,Paid Ads,Kenya,0,43
C01284,01/07/2023,Organic,Kenya,1,56
C01285,2024-07-28,Organic,Rwanda,1,18
C01286,2024-02-10,Paid Ads,Kenya,1,52
C01287,24/03/2023,Organic,Rwanda,0,44
C01288,09/07/2024,Organic,Uganda,1,63
C01289,05-14-2024,Organic,Rwanda,1,21
C01290,08/05/2024,Organic,Uganda,1,36
C01291,11/09/2023,Organic,Uganda,1,39
C01292,2023-06-13,Organic,Uganda,1,23
C01293,2023-03-17,Paid Ads,Kenya,0,26
C01294,01-18-2023,Paid Ads,Rwanda,0,28
C01295,2024-06-08,Email,Tanzania,1,39
C01296,2023-03-16,Organic,Kenya,1,64
C01297,04-19-2024,Organic,Uganda,1,26
C01298,01/01/2024,Organic,Tanzania,0,46
C01299,11/04/2024,Paid Ads,Kenya,1,60
C01300,05-20-2024,Email,Tanzania,1,27
C01301,05-23-2023,Organic,Uganda,1,51
C01302,28/07/2023,Referral,Tanzania,1,48
C01303,01/01/2024,Organic,Tanzania,1,39
C01304,01-28-2024,Paid Ads,Uganda,1,63
C01305,23/03/2023,Email,Tanzania,1,21
C01306,2023-05-13,Email,Kenya,1,19
C01307,05/07/2024,Email,Tanzania,1,22
C01308,2023-02-15,Email,Rwanda,1,63
C01309,05-01-2024,Organic,Kenya,1,32
C01310,06-01-2023,Email,Tanzania,1,36
C01311,2023-07-03,Organic,Rwanda,1,55
C01312,2024-07-19,Email,Rwanda,0,32
C01313,09/01/2024,Paid Ads,Rwanda,1,63
C01314,2023-12-03,Email,Tanzania,1,25
C01315,2023-01-06,Paid Ads,Uganda,1,37
C01316,2023-08-03,Paid Ads,Rwanda,1,29
C01317,01-10-2023,Paid Ads,Uganda,1,21
C01318,2024-07-18,Email,Kenya,1,55
C01319,16/03/2024,Organic,Uganda,1,60
C01320,21/09/2023,Organic,Uganda,1,56
C01321,09-01-2023,Organic,Uganda,0,53
C01322,2024-07-18,Organic,Uganda,0,32
C01323,11/08/2023,Email,Uganda,0,18
C01324,25/02/2023,Organic,Kenya,1,48
C01325,10-07-2023,Referral,Kenya,0,26
C01326,04-18-2024,Organic,Uganda,1,40
C01327,10/04/2024,Organic,Uganda,1,43
C01328,14/01/2023,Email,Rwanda,1,57
C01329,08-12-2023,Paid Ads,Kenya,1,61
C01330,2023-03-02,Paid Ads,Tanzania,0,56
C01331,08-11-2024,Paid Ads,Kenya,1,35
C01332,2023-07-28,Email,Tanzania,1,50
C01333,2024-08-18,Organic,Rwanda,1,58
C01334,03-13-2023,Referral,Uganda,0,56
C01335,2024-06-25,Referral,Rwanda,1,31
C01336,2023-09-01,Paid Ads,Uganda,0,18
C01337,15/03/2024,Organic,Kenya,1,30
C01338,08-18-2024,Paid Ads,Uganda,1,32
C01339,12/09/2023,Organic,Tanzania,1,54
C01340,04-08-2024,Organic,Tanzania,1,22
C01341,12/02/2024,Organic,Rwanda,1,31
C01342,2024-04-16,Paid Ads,Kenya,1,31
C01343,18/08/2023,Email,Tanzania,1,63
C01344,18/04/2024,Email,Rwanda,1,22
C01345,12/05/2023,Email,Kenya,1,28
C01346,2024-02-26,Paid Ads,Kenya,1,49
C01347,02/07/2024,Organic,Rwanda,1,22
C01348,05-18-2024,Organic,Tanzania,1,53
C01349,10-16-2023,Referral,Tanzania,1,32
C01350,01-30-2023,Organic,Rwanda,1,24
C01351,2023-09-07,Email,Tanzania,1,22
C01352,2023-06-17,Paid Ads,Rwanda,1,47
C01353,01-05-2023,Paid Ads,Tanzania,1,32
C01354,2023-09-15,Email,Tanzania,0,47
C01355,09-11-2023,Paid Ads,Rwanda,1,31
C01356,04-29-2023,Email,Rwanda,0,41
C01357,21/01/2023,Referral,Tanzania,1,41
C01358,2023-02-14,Paid Ads,Rwanda,1,52
C01359,04-16-2024,Organic,Tanzania,1,22
C01360,30/07/2024,Paid Ads,Uganda,0,29
C01361,09-25-2023,Referral,Kenya,1,37
C01362,05/06/2024,Organic,Kenya,1,63
C01363,12/04/2024,Paid Ads,Tanzania,0,22
C01364,11-20-2023,Paid Ads,Kenya,1,53
C01365,01-31-2023,Email,Tanzania,1,38
C01366,07-18-2023,Organic,Rwanda,1,
C01367,2023-09-18,Email,Uganda,1,56
C01368,07-23-2024,Referral,Kenya,1,20
C01369,2024-05-30,Organic,Kenya,1,46
C01370,06-03-2024,Organic,Rwanda,1,42
C01371,12-04-2023,Referral,Uganda,1,44
C01372,03-29-2023,Organic,Uganda,1,53
C01373,15/08/2024,Email,Uganda,1,39
C01374,08-17-2024,Paid Ads,Rwanda,1,55
C01375,07/04/2023,Organic,Kenya,1,52
C01376,23/03/2023,Email,Kenya,1,18
C01377,2024-08-10,Paid Ads,Uganda,1,20
C01378,29/03/2023,Paid Ads,Rwanda,1,41
C01379,27/01/2023,Organic,Rwanda,1,25
C01380,29/06/2024,Paid Ads,Rwanda,0,
C01381,2023-03-24,Organic,Uganda,1,56
C01382,29/01/2023,Organic,Rwanda,1,35
C01383,01-07-2024,Referral,Uganda,1,58
C01384,01-15-2023,Organic,Uganda,1,20
C01385,12/04/2023,Paid Ads,Uganda,0,35
C01386,2023-07-12,Organic,Tanzania,1,33
C01387,05-18-2023,Email,Uganda,1,49
C01388,2024-07-09,Organic,Rwanda,1,18
C01389,2023-06-01,Referral,Tanzania,1,43
C01390,05/06/2023,Paid Ads,Kenya,1,
C01391,17/12/2023,Organic,Kenya,1,29
C01392,2024-05-14,Organic,Rwanda,1,55
C01393,12-14-2023,Organic,Rwanda,1,38
C01394,2024-05-31,Paid Ads,Rwanda,1,58
C01395,2024-04-25,Organic,Rwanda,1,30
C01396,11/07/2023,Email,Tanzania,1,29
C01397,03-19-2024,Paid Ads,Rwanda,1,30
C01398,12-10-2023,Organic,Uganda,0,35
C01399,2023-07-09,Paid Ads,Kenya,1,36
C01400,07-16-2023,Email,Rwanda,0,36
C01401,11-13-2023,Organic,Uganda,1,23
C01402,04-22-2023,Organic,Rwanda,1,
C01403,02-16-2023,Organic,Uganda,1,24
C01404,2024-04-27,Email,Tanzania,1,24
C01405,09-21-2023,Paid Ads,Kenya,0,45
C01406,15/09/2023,Paid Ads,Kenya,0,45
C01407,05-29-2024,Email,Tanzania,1,36
C01408,2024-06-10,Email,Uganda,1,33
C01409,11/04/2023,Paid Ads,Rwanda,1,34
C01410,06/02/2023,Email,Uganda,0,39
C01411,2024-06-28,Organic,Kenya,1,36
C01412,06-03-2024,Organic,Tanzania,1,
C01413,09-30-2023,Organic,Tanzania,1,46
C01414,25/04/2024,Organic,Uganda,1,
C01415,02-17-2023,Paid Ads,Uganda,1,36
C01416,2024-08-11,Referral,Tanzania,1,64
C01417,05-01-2023,Organic,Kenya,0,52
C01418,10-28-2023,Organic,Rwanda,1,64
C01419,13/08/2023,Paid Ads,Rwanda,1,42
C01420,25/02/2024,Referral,Uganda,1,
C01421,2024-03-10,Organic,Tanzania,1,37
C01422,09-14-2023,Paid Ads,Tanzania,1,54
C01423,07-14-2023,Organic,Tanzania,1,36
C01424,08/05/2023,Organic,Kenya,1,59
C01425,04-07-2024,Referral,Uganda,1,30
C01426,11-08-2023,Referral,Uganda,1,64
C01427,2024-05-24,Organic,Uganda,1,29
C01428,05/12/2023,Referral,Kenya,1,32
C01429,27/06/2023,Paid Ads,Uganda,1,21
C01430,2023-01-13,Email,Rwanda,1,32
C01431,2024-02-04,Paid Ads,Uganda,1,34
C01432,07-04-2023,Paid Ads,Uganda,1,44
C01433,24/02/2023,Paid Ads,Uganda,0,28
C01434,03-05-2023,Paid Ads,Kenya,1,40
C01435,03-18-2024,Organic,Rwanda,1,32
C01436,09/07/2023,Organic,Rwanda,1,48
C01437,06-02-2023,Organic,Tanzania,1,43
C01438,08/11/2023,Email,Tanzania,1,24
C01439,2023-10-27,Organic,Rwanda,1,30
C01440,22/03/2024,Paid Ads,Uganda,1,30
C01441,2023-05-03,Referral,Uganda,1,37
C01442,2023-06-30,Organic,Uganda,1,51
C01443,2024-06-13,Paid Ads,Kenya,1,27
C01444,03/03/2024,Paid Ads,Uganda,1,54
C01445,04/10/2023,Email,Kenya,1,44
C01446,2024-07-14,Organic,Rwanda,0,51
C01447,03-22-2023,Paid Ads,Uganda,0,53
C01448,28/08/2023,Email,Uganda,0,33
C01449,04-15-2023,Referral,Tanzania,0,38
C01450,02-01-2024,Paid Ads,Rwanda,1,33
C01451,04/07/2023,Paid Ads,Uganda,0,34
C01452,11-27-2023,Paid Ads,Kenya,1,32
C01453,13/05/2024,Email,Rwanda,1,30
C01454,11-02-2023,Paid Ads,Tanzania,1,50
C01455,04-06-2023,Organic,Rwanda,1,22
C01456,12-30-2023,Referral,Kenya,0,44
C01457,2023-09-10,Paid Ads,Tanzania,1,18
C01458,2024-06-03,Paid Ads,Kenya,1,61
C01459,2023-04-18,Organic,Rwanda,1,47
C01460,28/01/2023,Paid Ads,Tanzania,1,40
C01461,03-11-2024,Organic,Kenya,1,32
C01462,01-24-2024,Paid Ads,Rwanda,0,53
C01463,02-28-2023,Organic,Kenya,1,36
C01464,2023-10-31,Paid Ads,Uganda,1,47
C01465,12-05-2023,Referral,Rwanda,1,33
C01466,02-24-2024,Organic,Tanzania,1,35
C01467,11/02/2024,Referral,Tanzania,1,43
C01468,02-25-2024,Paid Ads,Uganda,1,34
C01469,2023-04-11,Email,Kenya,1,28
C01470,10/01/2024,Email,Kenya,1,62
C01471,31/03/2024,Paid Ads,Tanzania,1,46
C01472,2023-01-26,Email,Kenya,1,26
C01473,2023-11-28,Email,Rwanda,1,34
C01474,13/12/2023,Paid Ads,Rwanda,1,44
C01475,2024-03-12,Organic,Tanzania,0,54
C01476,2023-03-02,Paid Ads,Rwanda,1,39
C01477,2023-11-15,Email,Tanzania,1,25
C01478,2023-05-30,Email,Kenya,1,20
C01479,2024-02-07,Email,Kenya,1,55
C01480,02-08-2023,Paid Ads,Kenya,1,52
C01481,19/08/2024,Email,Uganda,1,49
C01482,12/07/2023,Organic,Tanzania,1,25
C01483,06-21-2023,Paid Ads,Rwanda,1,61
C01484,02-20-2023,Organic,Kenya,1,44
C01485,05-06-2023,Organic,Uganda,1,49
C01486,2023-06-11,Organic,Rwanda,1,53
C01487,2024-02-16,Organic,Rwanda,0,51
C01488,2023-02-09,Paid Ads,Rwanda,1,42
C01489,03/01/2024,Organic,Kenya,0,48
C01490,2024-06-07,Paid Ads,Rwanda,1,59
C01491,21/04/2024,Organic,Tanzania,1,64
C01492,09-11-2023,Organic,Uganda,1,30
C01493,11/04/2023,Organic,Rwanda,1,32
C01494,07-02-2023,Organic,Rwanda,1,30
C01495,2024-08-19,Paid Ads,Tanzania,1,50
C01496,2023-01-28,Paid Ads,Rwanda,1,48
C01497,2023-12-24,Paid Ads,Kenya,1,42
C01498,08-20-2024,Paid Ads,Kenya,1,
C01499,2023-01-06,Organic,Kenya,1,57
C01500,05-27-2024,Email,Rwanda,0,40
C01501,21/03/2023,Paid Ads,Uganda,1,55
C01502,07-28-2024,Paid Ads,Uganda,1,20
C01503,28/01/2024,Organic,Rwanda,1,33
C01504,2024-07-21,Organic,Uganda,1,19
C01505,02/09/2023,Organic,Uganda,1,40
C01506,27/12/2023,Organic,Rwanda,1,51
C01507,03-30-2023,Paid Ads,Kenya,1,47
C01508,11/06/2023,Paid Ads,Rwanda,1,64
C01509,08-23-2024,Paid Ads,Kenya,1,27
C01510,2024-01-28,Email,Kenya,1,18
C01511,28/04/2023,Email,Uganda,0,39
C01512,2023-05-24,Email,Uganda,1,64
C01513,2023-12-20,Referral,Kenya,1,50
C01514,2024-06-01,Organic,Kenya,1,42
C01515,06-10-2024,Organic,Uganda,0,39
C01516,2024-06-19,Organic,Tanzania,1,33
C01517,04-25-2023,Paid Ads,Kenya,1,47
C01518,04-25-2024,Email,Kenya,0,35
C01519,04-30-2023,Organic,Kenya,1,41
C01520,2023-08-26,Referral,Uganda,1,22
C01521,03-22-2024,Organic,Rwanda,1,54
C01522,02/07/2023,Referral,Kenya,1,40
C01523,2024-02-05,Organic,Kenya,0,59
C01524,12/12/2023,Organic,Kenya,1,44
C01525,2024-01-29,Paid Ads,Rwanda,1,29
C01526,2023-01-21,Organic,Rwanda,1,27
C01527,22/02/2024,Organic,Kenya,1,51
C01528,04-27-2023,Organic,Kenya,1,50
C01529,2024-07-25,Email,Tanzania,1,33
C01530,2023-04-22,Paid Ads,Rwanda,0,46
C01531,06-05-2024,Organic,Tanzania,1,35
C01532,03-11-2024,Paid Ads,Kenya,1,44
C01533,2024-02-17,Email,Kenya,1,24
C01534,2023-11-09,Organic,Kenya,1,53
C01535,26/04/2023,Paid Ads,Kenya,1,44
C01536,2024-01-30,Organic,Uganda,1,27
C01537,12-16-2023,Organic,Uganda,1,27
C01538,03/06/2023,Paid Ads,Uganda,1,28
C01539,2023-07-01,Organic,Tanzania,1,47
C01540,12-23-2023,Paid Ads,Rwanda,0,20
C01541,09/01/2024,Email,Kenya,1,46
C01542,09-02-2023,Organic,Rwanda,1,31
C01543,2023-03-04,Paid Ads,Uganda,1,30
C01544,2024-01-14,Organic,Kenya,1,36
C01545,19/07/2023,Referral,Kenya,1,42
C01546,2023-07-08,Paid Ads,Tanzania,1,27
C01547,14/08/2024,Email,Rwanda,0,32
C01548,28/03/2023,Paid Ads,Tanzania,1,45
C01549,2024-04-14,Organic,Uganda,1,57
C01550,07-25-2023,Paid Ads,Rwanda,1,55
C01551,05-02-2024,Referral,Uganda,1,24
C01552,2024-02-13,Paid Ads,Tanzania,1,31
C01553,2023-11-17,Email,Tanzania,1,47
C01554,2023-10-29,Email,Kenya,0,57
C01555,02-22-2024,Organic,Rwanda,0,29
C01556,10-07-2023,Organic,Rwanda,1,45
C01557,20/12/2023,Paid Ads,Kenya,1,31
C01558,04-29-2023,Paid Ads,Rwanda,1,18
C01559,08-02-2024,Email,Uganda,0,21
C01560,2024-02-05,Referral,Uganda,1,35
C01561,2023-11-20,Organic,Tanzania,1,53
C01562,21/06/2023,Organic,Uganda,1,49
C01563,01-22-2024,Email,Rwanda,1,45
C01564,2023-11-23,Organic,Kenya,1,45
C01565,2024-06-24,Email,Tanzania,0,55
C01566,2023-04-22,Paid Ads,Kenya,0,49
C01567,2024-05-05,Paid Ads,Tanzania,1,25
C01568,05-27-2024,Organic,Tanzania,1,42
C01569,01-25-2023,Paid Ads,Kenya,0,64
C01570,28/03/2023,Paid Ads,Uganda,1,37
C01571,06/12/2023,Paid Ads,Uganda,1,50
C01572,03/06/2024,Organic,Uganda,1,47
C01573,16/01/2024,Email,Uganda,0,54
C01574,06-23-2024,Email,Kenya,1,33
C01575,2023-10-24,Organic,Rwanda,1,42
C01576,04-10-2023,Organic,Tanzania,0,55
C01577,09-09-2023,Organic,Kenya,1,59
C01578,19/04/2024,Paid Ads,Uganda,0,27
C01579,23/07/2024,Paid Ads,Uganda,1,22
C01580,2023-08-19,Paid Ads,Kenya,1,25
C01581,02-04-2024,Organic,Tanzania,1,50
C01582,08/07/2023,Organic,Kenya,1,54
C01583,06-06-2023,Paid Ads,Kenya,1,18
C01584,03/02/2023,Paid Ads,Rwanda,0,48
C01585,04-28-2023,Referral,Kenya,1,24
C01586,02-23-2023,Organic,Rwanda,0,64
C01587,10/05/2023,Paid Ads,Tanzania,1,40
C01588,06-11-2023,Paid Ads,Kenya,1,41
C01589,2023-06-30,Paid Ads,Kenya,1,31
C01590,2024-02-13,Email,Uganda,1,40
C01591,07-15-2024,Paid Ads,Kenya,1,26
C01592,08-28-2023,Referral,Uganda,0,25
C01593,21/05/2023,Organic,Uganda,1,25
C01594,25/07/2024,Organic,Uganda,1,20
C01595,08/05/2023,Email,Tanzania,1,49
C01596,2023-05-12,Paid Ads,Rwanda,1,21
C01597,2023-05-01,Organic,Uganda,1,55
C01598,01-22-2023,Organic,Kenya,1,19
C01599,2024-05-05,Organic,Kenya,1,26
C01600,08-30-2023,Email,Uganda,1,63
C01601,05-01-2024,Organic,Uganda,1,18
C01602,15/01/2024,Organic,Kenya,1,28
C01603,05/02/2024,Organic,Uganda,1,46
C01604,24/12/2023,Organic,Rwanda,0,43
C01605,2023-12-18,Organic,Rwanda,1,44
C01606,04-21-2024,Paid Ads,Tanzania,1,55
C01607,2024-03-06,Organic,Uganda,1,46
C01608,02/05/2023,Email,Tanzania,0,50
C01609,11-28-2023,Organic,Tanzania,1,45
C01610,08/05/2023,Paid Ads,Tanzania,1,48
C01611,05-22-2023,Email,Uganda,1,36
C01612,14/07/2024,Paid Ads,Tanzania,1,
C01613,06/03/2024,Paid Ads,Rwanda,1,43
C01614,2023-03-06,Organic,Tanzania,1,46
C01615,12-08-2023,Organic,Rwanda,1,28
C01616,2024-02-09,Paid Ads,Rwanda,1,58
C01617,2023-06-11,Referral,Uganda,1,49
C01618,05-31-2023,Paid Ads,Tanzania,1,38
C01619,31/05/2023,Paid Ads,Uganda,1,55
C01620,08/01/2023,Email,Rwanda,0,51
C01621,2024-05-27,Paid Ads,Kenya,1,57
C01622,2023-02-08,Organic,Tanzania,0,39
C01623,11-11-2023,Paid Ads,Uganda,1,
C01624,04-17-2024,Referral,Kenya,0,44
C01625,02-09-2023,Organic,Tanzania,1,25
C01626,12/05/2024,Paid Ads,Tanzania,1,57
C01627,03-08-2024,Organic,Uganda,1,63
C01628,03-06-2023,Paid Ads,Kenya,1,48
C01629,04-17-2024,Organic,Uganda,1,18
C01630,2024-03-25,Paid Ads,Tanzania,1,56
C01631,03-12-2024,Email,Tanzania,1,51
C01632,04/03/2024,Organic,Rwanda,1,64
C01633,14/05/2023,Paid Ads,Tanzania,1,41
C01634,02-08-2023,Email,Tanzania,1,45
C01635,05/07/2024,Referral,Kenya,1,21
C01636,28/01/2023,Organic,Kenya,1,35
C01637,05-26-2023,Organic,Rwanda,0,46
C01638,13/03/2024,Organic,Rwanda,1,40
C01639,2023-12-20,Referral,Rwanda,1,54
C01640,2024-06-01,Referral,Uganda,0,44
C01641,13/09/2023,Paid Ads,Uganda,1,33
C01642,24/02/2024,Email,Rwanda,1,62
C01643,2024-03-10,Paid Ads,Uganda,0,44
C01644,2023-08-16,Paid Ads,Tanzania,1,26
C01645,19/01/2023,Organic,Rwanda,1,22
C01646,2023-11-10,Email,Rwanda,0,25
C01647,17/07/2024,Organic,Uganda,0,35
C01648,01/01/2023,Email,Kenya,1,52
C01649,05/07/2024,Email,Rwanda,1,23
C01650,30/06/2024,Email,Uganda,1,60
C01651,2023-07-01,Organic,Uganda,1,40
C01652,2024-02-17,Organic,Kenya,1,63
C01653,06-09-2024,Organic,Rwanda,1,43
C01654,2023-04-02,Organic,Kenya,0,56
C01655,2024-06-25,Organic,Tanzania,0,41
C01656,28/04/2023,Referral,Kenya,1,27
C01657,06-02-2023,Paid Ads,Kenya,1,32
C01658,2023-12-27,Organic,Uganda,1,55
C01659,01-22-2023,Organic,Kenya,1,37
C01660,2024-06-27,Paid Ads,Tanzania,1,46
C01661,2024-04-17,Paid Ads,Uganda,1,23
C01662,2024-04-14,Paid Ads,Tanzania,1,
C01663,2023-04-07,Referral,Kenya,0,26
C01664,04/02/2024,Paid Ads,Tanzania,1,22
C01665,11/09/2023,Referral,Tanzania,1,
C01666,29/06/2024,Email,Kenya,1,56
C01667,06-04-2023,Organic,Kenya,1,36
C01668,11/03/2024,Referral,Uganda,0,22
C01669,2023-06-13,Organic,Uganda,1,37
C01670,2023-08-02,Email,Rwanda,1,28
C01671,01-31-2023,Organic,Uganda,1,44
C01672,2024-02-26,Email,Kenya,1,46
C01673,07-30-2024,Email,Tanzania,0,24
C01674,10-16-2023,Email,Tanzania,1,20
C01675,08-05-2023,Email,Uganda,1,22
C01676,13/06/2023,Organic,Uganda,1,30
C01677,2023-02-13,Organic,Kenya,1,33
C01678,21/06/2024,Paid Ads,Tanzania,1,29
C01679,10-01-2023,Organic,Rwanda,1,56
C01680,02-14-2023,Paid Ads,Rwanda,1,44
C01681,07-14-2024,Organic,Uganda,0,62
C01682,2023-04-05,Referral,Rwanda,1,50
C01683,25/02/2023,Paid Ads,Kenya,1,32
C01684,2024-07-19,Email,Rwanda,0,38
C01685,26/10/2023,Organic,Uganda,1,61
C01686,2024-03-04,Email,Kenya,1,34
C01687,01-25-2024,Referral,Tanzania,1,54
C01688,02-05-2024,Paid Ads,Kenya,1,32
C01689,24/02/2024,Paid Ads,Uganda,1,37
C01690,04/05/2024,Email,Uganda,1,36
C01691,2023-10-31,Organic,Rwanda,1,18
C01692,02-24-2024,Paid Ads,Rwanda,1,21
C01693,06-21-2024,Organic,Tanzania,1,20
C01694,14/07/2023,Organic,Tanzania,1,25
C01695,12-22-2023,Organic,Uganda,1,58
C01696,23/01/2024,Organic,Uganda,1,61
C01697,05/08/2024,Organic,Uganda,1,22
C01698,10-16-2023,Organic,Tanzania,1,26
C01699,09-03-2023,Referral,Uganda,1,18
C01700,2024-05-20,Paid Ads,Tanzania,1,60
C01701,2024-04-07,Referral,Uganda,0,47
C01702,2023-07-12,Paid Ads,Kenya,1,24
C01703,01/03/2023,Organic,Kenya,1,39
C01704,02-18-2023,Paid Ads,Uganda,1,37
C01705,07-03-2024,Paid Ads,Kenya,1,46
C01706,10/12/2023,Organic,Tanzania,1,44
C01707,01-22-2023,Paid Ads,Rwanda,0,42
C01708,04/05/2023,Organic,Kenya,0,63
C01709,2024-03-07,Paid Ads,Rwanda,1,52
C01710,03-26-2024,Paid Ads,Kenya,1,44
C01711,06/07/2023,Organic,Tanzania,1,28
C01712,2023-08-04,Organic,Kenya,1,34
C01713,08-22-2023,Email,Kenya,1,48
C01714,2024-05-22,Paid Ads,Uganda,0,35
C01715,12-25-2023,Organic,Rwanda,0,36
C01716,01-12-2023,Referral,Rwanda,0,55
C01717,28/01/2024,Organic,Tanzania,1,46
C01718,2023-04-19,Paid Ads,Tanzania,1,32
C01719,2024-01-02,Referral,Rwanda,1,24
C01720,06-14-2024,Organic,Uganda,1,54
C01721,30/08/2023,Organic,Uganda,1,54
C01722,14/05/2024,Organic,Rwanda,1,24
C01723,07-15-2023,Organic,Kenya,1,39
C01724,07-21-2023,Organic,Rwanda,1,29
C01725,2023-05-12,Paid Ads,Kenya,1,25
C01726,22/06/2024,Organic,Rwanda,0,35
C01727,2023-08-12,Paid Ads,Kenya,1,45
C01728,19/08/2023,Referral,Uganda,1,35
C01729,01-16-2023,Email,Rwanda,1,48
C01730,20/09/2023,Paid Ads,Tanzania,1,34
C01731,2024-02-28,Organic,Kenya,1,40
C01732,2024-01-07,Paid Ads,Uganda,1,28
C01733,15/05/2024,Paid Ads,Tanzania,1,32
C01734,2023-11-14,Paid Ads,Uganda,1,47
C01735,2023-03-10,Organic,Kenya,0,48
C01736,07-30-2024,Email,Rwanda,0,23
C01737,2023-07-09,Paid Ads,Uganda,1,29
C01738,08-01-2023,Organic,Rwanda,1,40
C01739,2024-05-14,Organic,Rwanda,0,56
C01740,11/03/2023,Paid Ads,Uganda,1,57
C01741,2023-05-28,Email,Uganda,1,53
C01742,04/11/2023,Email,Uganda,0,52
C01743,08-25-2023,Email,Rwanda,1,20
C01744,04-16-2023,Organic,Tanzania,0,59
C01745,05-24-2024,Paid Ads,Kenya,1,45
C01746,2023-12-31,Paid Ads,Tanzania,1,32
C01747,14/05/2023,Organic,Rwanda,0,30
C01748,18/12/2023,Organic,Uganda,1,36
C01749,2023-11-02,Email,Uganda,1,57
C01750,05-11-2023,Organic,Kenya,1,35
C01751,04-03-2024,Paid Ads,Kenya,0,48
C01752,05-27-2023,Organic,Tanzania,1,54
C01753,2023-02-05,Organic,Tanzania,1,38
C01754,2023-09-29,Organic,Kenya,1,56
C01755,04/08/2023,Referral,Rwanda,1,22
C01756,02-01-2023,Email,Tanzania,1,34
C01757,2024-04-29,Referral,Uganda,1,36
C01758,06-26-2023,Paid Ads,Uganda,0,21
C01759,01-01-2024,Organic,Rwanda,1,43
C01760,2023-11-02,Paid Ads,Kenya,1,41
C01761,2023-09-13,Paid Ads,Tanzania,1,56
C01762,07/10/2023,Email,Uganda,0,55
C01763,01-29-2024,Organic,Kenya,1,63
C01764,06-18-2024,Paid Ads,Tanzania,1,36
C01765,03-30-2024,Organic,Rwanda,0,47
C01766,2023-04-30,Organic,Uganda,1,43
C01767,2024-03-13,Email,Rwanda,1,28
C01768,08-23-2024,Paid Ads,Rwanda,1,56
C01769,2024-07-09,Organic,Rwanda,1,20
C01770,31/12/2023,Organic,Tanzania,1,39
C01771,07-21-2023,Paid Ads,Rwanda,0,34
C01772,11-15-2023,Email,Tanzania,0,28
C01773,2024-06-01,Email,Tanzania,1,64
C01774,2023-08-18,Referral,Rwanda,1,56
C01775,08/07/2024,Email,Rwanda,1,64
C01776,26/03/2023,Organic,Kenya,1,44
C01777,02-01-2024,Paid Ads,Uganda,1,60
C01778,2024-03-19,Paid Ads,Kenya,0,46
C01779,2024-03-04,Organic,Uganda,1,29
C01780,07-03-2023,Email,Uganda,1,30
C01781,28/03/2024,Organic,Kenya,1,28
C01782,27/02/2024,Referral,Kenya,1,48
C01783,2024-07-21,Paid Ads,Uganda,1,28
C01784,2023-12-22,Paid Ads,Uganda,1,58
C01785,2024-04-11,Paid Ads,Uganda,1,60
C01786,2023-05-15,Email,Tanzania,1,53
C01787,08-09-2024,Paid Ads,Uganda,1,19
C01788,03/09/2023,Paid Ads,Rwanda,1,40
C01789,2023-09-06,Organic,Rwanda,0,53
C01790,11-15-2023,Paid Ads,Rwanda,0,31
C01791,04-20-2023,Organic,Kenya,1,54
C01792,2024-05-20,Email,Kenya,1,44
C01793,2024-04-30,Paid Ads,Kenya,0,29
C01794,20/11/2023,Paid Ads,Uganda,1,46
C01795,05-09-2023,Organic,Rwanda,1,23
C01796,24/10/2023,Organic,Uganda,1,61
C01797,2023-08-27,Email,Tanzania,1,64
C01798,26/11/2023,Organic,Tanzania,1,40
C01799,07-20-2023,Organic,Kenya,1,27
C01800,06-17-2024,Organic,Tanzania,0,51
C01801,13/06/2023,Referral,Rwanda,1,61
C01802,2024-01-30,Email,Tanzania,1,29
C01803,2023-11-07,Organic,Kenya,0,49
C01804,2023-06-30,Organic,Uganda,1,43
C01805,05-02-2023,Organic,Tanzania,0,24
C01806,05-30-2023,Email,Rwanda,0,49
C01807,31/01/2023,Paid Ads,Rwanda,1,50
C01808,2023-01-16,Organic,Rwanda,0,35
C01809,01-02-2024,Organic,Uganda,1,52
C01810,08-27-2023,Organic,Rwanda,1,37
C01811,08-28-2023,Paid Ads,Kenya,1,48
C01812,27/02/2023,Email,Kenya,1,22
C01813,27/05/2024,Organic,Rwanda,0,49
C01814,2023-07-30,Organic,Tanzania,1,64
C01815,16/06/2023,Organic,Rwanda,1,59
C01816,2023-03-26,Referral,Kenya,1,36
C01817,17/07/2024,Organic,Kenya,1,18
C01818,11-09-2023,Email,Kenya,1,24
C01819,2023-06-24,Paid Ads,Tanzania,1,39
C01820,2024-02-09,Organic,Tanzania,0,51
C01821,06-03-2024,Organic,Tanzania,1,27
C01822,2023-07-06,Organic,Kenya,1,64
C01823,10/10/2023,Paid Ads,Uganda,1,59
C01824,2023-06-25,Email,Rwanda,1,43
C01825,01/04/2024,Paid Ads,Rwanda,1,49
C01826,12/09/2023,Paid Ads,Kenya,1,59
C01827,06-21-2023,Organic,Tanzania,1,44
C01828,2023-02-20,Referral,Uganda,1,29
C01829,2024-02-05,Email,Uganda,1,57
C01830,09-06-2023,Organic,Tanzania,1,40
C01831,2023-09-07,Referral,Rwanda,1,31
C01832,2023-05-26,Paid Ads,Rwanda,1,51
C01833,01/01/2024,Paid Ads,Uganda,1,34
C01834,2023-08-04,Email,Uganda,0,23
C01835,2023-03-13,Email,Tanzania,1,44
C01836,10-30-2023,Paid Ads,Rwanda,1,25
C01837,09-12-2023,Organic,Uganda,1,50
C01838,21/02/2023,Organic,Rwanda,1,52
C01839,20/12/2023,Referral,Uganda,1,64
C01840,30/01/2024,Organic,Tanzania,0,34
C01841,04-28-2023,Organic,Rwanda,0,43
C01842,2023-03-26,Paid Ads,Uganda,0,24
C01843,2023-01-22,Paid Ads,Uganda,0,63
C01844,09-17-2023,Paid Ads,Uganda,1,41
C01845,2024-03-29,Referral,Uganda,1,42
C01846,05-23-2023,Organic,Tanzania,1,52
C01847,07-15-2023,Organic,Rwanda,0,43
C01848,2023-11-21,Organic,Rwanda,1,22
C01849,14/05/2024,Email,Kenya,1,64
C01850,2023-08-15,Paid Ads,Rwanda,1,55
C01851,2024-07-23,Organic,Kenya,0,52
C01852,21/05/2024,Email,Uganda,1,47
C01853,2024-08-11,Email,Tanzania,1,42
C01854,16/05/2024,Email,Tanzania,0,41
C01855,2023-04-27,Referral,Uganda,1,47
C01856,25/03/2024,Organic,Kenya,0,37
C01857,03/11/2023,Email,Uganda,1,20
C01858,2023-02-26,Paid Ads,Tanzania,1,49
C01859,21/03/2023,Email,Tanzania,0,25
C01860,07/09/2023,Email,Rwanda,1,64
C01861,05-28-2024,Email,Kenya,1,40
C01862,2023-06-21,Paid Ads,Rwanda,1,63
C01863,09/08/2023,Organic,Tanzania,1,33
C01864,05-27-2024,Paid Ads,Tanzania,1,52
C01865,07-27-2023,Referral,Rwanda,1,42
C01866,2024-01-05,Referral,Rwanda,1,32
C01867,2024-05-08,Organic,Tanzania,0,25
C01868,09/04/2024,Organic,Rwanda,1,51
C01869,06-30-2024,Organic,Rwanda,1,42
C01870,02/10/2023,Email,Kenya,1,61
C01871,18/01/2024,Email,Tanzania,1,36
C01872,2024-01-22,Organic,Uganda,0,60
C01873,03-26-2024,Paid Ads,Kenya,1,30
C01874,2023-11-14,Email,Uganda,0,63
C01875,2024-05-15,Email,Rwanda,1,29
C01876,03-07-2024,Paid Ads,Rwanda,1,32
C01877,2023-10-18,Paid Ads,Uganda,1,40
C01878,15/01/2024,Paid Ads,Rwanda,1,57
C01879,13/06/2023,Organic,Rwanda,1,19
C01880,2023-09-25,Paid Ads,Kenya,1,57
C01881,2024-04-27,Paid Ads,Uganda,1,40
C01882,01-05-2024,Email,Kenya,0,22
C01883,11-04-2023,Paid Ads,Uganda,1,51
C01884,2024-02-04,Email,Kenya,1,27
C01885,05/05/2023,Organic,Tanzania,1,44
C01886,2024-01-14,Paid Ads,Tanzania,1,59
C01887,24/03/2024,Organic,Uganda,0,21
C01888,2023-12-08,Organic,Tanzania,1,21
C01889,07-18-2023,Email,Kenya,1,25
C01890,05/06/2023,Referral,Uganda,1,23
C01891,2023-02-22,Organic,Tanzania,1,42
C01892,11-19-2023,Paid Ads,Tanzania,1,44
C01893,2023-11-13,Email,Uganda,1,64
C01894,03-21-2023,Organic,Tanzania,0,57
C01895,17/11/2023,Paid Ads,Tanzania,1,37
C01896,21/01/2023,Email,Uganda,1,44
C01897,01-01-2024,Paid Ads,Tanzania,1,24
C01898,08/06/2024,Organic,Tanzania,1,40
C01899,17/02/2023,Organic,Tanzania,0,37
C01900,26/06/2024,Email,Tanzania,0,51
C01901,03/12/2023,Paid Ads,Rwanda,1,46
C01902,2023-01-01,Organic,Uganda,1,61
C01903,04-01-2024,Email,Rwanda,1,22
C01904,01-20-2023,Organic,Rwanda,1,44
C01905,24/04/2023,Email,Kenya,1,29
C01906,17/08/2024,Organic,Rwanda,0,34
C01907,07-03-2023,Referral,Rwanda,1,54
C01908,08-14-2024,Organic,Kenya,1,51
C01909,02-09-2024,Organic,Tanzania,0,47
C01910,2024-05-26,Organic,Tanzania,1,53
C01911,05/05/2024,Organic,Rwanda,0,23
C01912,07-19-2023,Email,Kenya,1,49
C01913,06/08/2024,Referral,Tanzania,0,49
C01914,2023-09-08,Organic,Kenya,1,26
C01915,26/06/2024,Paid Ads,Uganda,1,39
C01916,12-09-2023,Email,Uganda,1,27
C01917,10-12-2023,Email,Uganda,1,46
C01918,03/04/2023,Paid Ads,Uganda,1,28
C01919,04-30-2024,Organic,Rwanda,0,45
C01920,22/08/2024,Paid Ads,Uganda,0,19
C01921,09-12-2023,Paid Ads,Uganda,1,38
C01922,26/07/2023,Organic,Kenya,1,48
C01923,08-14-2024,Paid Ads,Tanzania,1,58
C01924,2024-08-23,Organic,Kenya,1,34
C01925,2023-11-21,Email,Rwanda,1,44
C01926,08-19-2024,Organic,Uganda,0,47
C01927,09-22-2023,Paid Ads,Tanzania,1,58
C01928,01-20-2023,Paid Ads,Tanzania,1,25
C01929,2023-10-22,Paid Ads,Uganda,1,54
C01930,2024-04-20,Organic,Uganda,1,22
C01931,07/06/2023,Paid Ads,Rwanda,1,43
C01932,11/03/2024,Paid Ads,Rwanda,1,23
C01933,20/02/2023,Paid Ads,Uganda,1,33
C01934,18/05/2024,Paid Ads,Uganda,1,18
C01935,06-28-2023,Paid Ads,Uganda,1,26
C01936,09-05-2023,Email,Uganda,1,38
C01937,23/02/2024,Organic,Tanzania,1,24
C01938,06-01-2023,Email,Rwanda,1,60
C01939,2023-08-30,Paid Ads,Uganda,0,32
C01940,2023-07-25,Organic,Uganda,1,41
C01941,2024-04-01,Organic,Tanzania,1,22
C01942,09/08/2023,Organic,Kenya,1,55
C01943,2024-05-22,Email,Uganda,1,46
C01944,2023-12-07,Email,Tanzania,1,63
C01945,27/06/2023,Email,Tanzania,1,63
C01946,2023-05-16,Paid Ads,Kenya,1,28
C01947,29/02/2024,Paid Ads,Rwanda,0,21
C01948,08/08/2023,Organic,Rwanda,0,27
C01949,2023-12-20,Organic,Rwanda,1,51
C01950,03-13-2023,Paid Ads,Uganda,1,21
C01951,08/02/2023,Organic,Rwanda,0,27
C01952,12/05/2023,Organic,Uganda,1,50
C01953,07-12-2024,Paid Ads,Uganda,1,63
C01954,12/09/2023,Email,Tanzania,0,35
C01955,30/03/2023,Referral,Rwanda,0,29
C01956,2023-07-18,Referral,Rwanda,1,40
C01957,2024-07-20,Paid Ads,Rwanda,1,61
C01958,05-27-2024,Paid Ads,Uganda,1,42
C01959,10-30-2023,Paid Ads,Uganda,0,54
C01960,28/07/2023,Email,Rwanda,0,21
C01961,2024-08-08,Organic,Uganda,1,30
C01962,26/04/2023,Paid Ads,Uganda,1,35
C01963,01-14-2024,Email,Kenya,1,46
C01964,14/05/2023,Organic,Kenya,1,61
C01965,07-31-2024,Paid Ads,Rwanda,0,47
C01966,20/07/2024,Paid Ads,Rwanda,1,
C01967,2024-01-22,Organic,Kenya,1,55
C01968,27/06/2023,Organic,Uganda,1,45
C01969,10-10-2023,Organic,Uganda,1,24
C01970,2023-01-14,Organic,Tanzania,1,41
C01971,06-20-2024,Organic,Rwanda,1,58
C01972,05-02-2023,Email,Rwanda,0,27
C01973,2023-04-26,Organic,Rwanda,1,54
C01974,2023-10-18,Paid Ads,Tanzania,0,44
C01975,2023-01-18,Organic,Tanzania,1,38
C01976,11-25-2023,Referral,Uganda,1,53
C01977,02-19-2023,Organic,Kenya,1,60
C01978,01-30-2023,Paid Ads,Kenya,0,46
C01979,2023-12-24,Email,Kenya,1,24
C01980,02-24-2024,Email,Uganda,1,30
C01981,2023-03-03,Organic,Kenya,1,62
C01982,25/05/2024,Email,Tanzania,1,40
C01983,08-23-2024,Paid Ads,Tanzania,0,42
C01984,20/05/2024,Paid Ads,Rwanda,0,58
C01985,02-06-2024,Organic,Kenya,1,62
C01986,03-30-2023,Organic,Tanzania,1,30
C01987,08-06-2023,Email,Rwanda,1,54
C01988,2023-05-30,Paid Ads,Kenya,1,47
C01989,01/03/2023,Paid Ads,Kenya,0,43
C01990,2023-01-11,Email,Tanzania,0,29
C01991,2023-12-03,Email,Rwanda,1,18
C01992,2024-05-20,Organic,Rwanda,1,35
C01993,06-08-2023,Paid Ads,Tanzania,1,38
C01994,10/09/2023,Organic,Tanzania,1,41
C01995,12-28-2023,Email,Tanzania,1,34
C01996,2023-11-08,Paid Ads,Kenya,1,59
C01997,12-15-2023,Referral,Tanzania,1,26
C01998,2024-01-06,Organic,Tanzania,1,57
C01999,2024-05-29,Organic,Uganda,1,45
C02000,01-16-2024,Organic,Tanzania,1,32
C02001,2023-12-05,Organic,Tanzania,0,30
C02002,2023-07-01,Organic,Kenya,1,45
C02003,2023-08-26,Referral,Rwanda,0,34
C02004,08-09-2024,Organic,Kenya,1,26
C02005,2024-03-15,Organic,Uganda,0,38
C02006,2024-03-16,Email,Tanzania,0,47
C02007,06-15-2023,Paid Ads,Tanzania,1,28
C02008,2024-07-12,Email,Tanzania,1,47
C02009,06-10-2024,Organic,Tanzania,0,53
C02010,2023-11-15,Paid Ads,Tanzania,1,42
C02011,08-15-2024,Organic,Tanzania,0,24
C02012,21/06/2023,Organic,Uganda,1,37
C02013,01/05/2024,Referral,Tanzania,1,52
C02014,17/08/2024,Organic,Tanzania,1,27
C02015,2023-09-06,Paid Ads,Tanzania,1,52
C02016,11-10-2023,Paid Ads,Uganda,0,18
C02017,2024-08-14,Organic,Tanzania,1,31
C02018,27/03/2024,Email,Uganda,1,62
C02019,20/06/2023,Organic,Kenya,1,22
C02020,30/04/2024,Paid Ads,Tanzania,1,57
C02021,17/06/2024,Referral,Rwanda,1,61
C02022,2023-03-03,Paid Ads,Uganda,1,55
C02023,27/05/2024,Referral,Kenya,1,51
C02024,20/09/2023,Organic,Uganda,1,41
C02025,11-02-2023,Paid Ads,Uganda,1,21
C02026,03-12-2024,Organic,Kenya,1,44
C02027,21/07/2023,Email,Tanzania,0,22
C02028,30/07/2023,Referral,Tanzania,0,60
C02029,2023-06-25,Organic,Uganda,1,30
C02030,02-16-2023,Paid Ads,Kenya,1,57
C02031,08-04-2023,Organic,Tanzania,1,38
C02032,07-27-2023,Paid Ads,Uganda,1,54
C02033,04-12-2024,Paid Ads,Rwanda,1,49
C02034,2023-09-27,Referral,Kenya,0,55
C02035,01-07-2023,Paid Ads,Rwanda,1,48
C02036,08/01/2024,Organic,Rwanda,0,49
C02037,10-16-2023,Organic,Uganda,1,32
C02038,01-15-2024,Organic,Kenya,1,
C02039,2023-08-29,Organic,Tanzania,0,47
C02040,04-25-2024,Organic,Tanzania,1,60
C02041,07/02/2024,Email,Uganda,1,24
C02042,03-28-2023,Paid Ads,Tanzania,1,55
C02043,2024-05-22,Paid Ads,Tanzania,1,48
C02044,06-08-2023,Organic,Rwanda,1,61
C02045,13/06/2023,Email,Rwanda,1,43
C02046,2024-04-18,Email,Kenya,1,53
C02047,15/03/2023,Organic,Rwanda,1,63
C02048,05-09-2023,Email,Tanzania,0,60
C02049,2023-03-30,Paid Ads,Kenya,1,43
C02050,2024-07-11,Organic,Kenya,1,61
C02051,09/12/2023,Paid Ads,Uganda,1,19
C02052,2024-03-22,Paid Ads,Rwanda,1,60
C02053,2024-01-26,Organic,Kenya,1,62
C02054,2023-01-09,Referral,Tanzania,1,60
C02055,05-21-2023,Email,Kenya,1,26
C02056,12-03-2023,Paid Ads,Kenya,1,
C02057,07-14-2024,Paid Ads,Uganda,1,22
C02058,2024-07-31,Paid Ads,Tanzania,0,44
C02059,2024-05-25,Paid Ads,Tanzania,1,29
C02060,12/12/2023,Paid Ads,Rwanda,1,52
C02061,12-10-2023,Organic,Tanzania,1,46
C02062,22/03/2024,Paid Ads,Kenya,1,33
C02063,2024-02-09,Email,Tanzania,0,36
C02064,26/12/2023,Paid Ads,Tanzania,1,60
C02065,02-21-2024,Organic,Kenya,0,44
C02066,11/10/2023,Email,Uganda,1,35
C02067,22/07/2024,Organic,Rwanda,1,58
C02068,27/08/2023,Organic,Rwanda,0,30
C02069,15/01/2024,Organic,Uganda,1,47
C02070,2023-06-18,Organic,Kenya,0,43
C02071,28/04/2024,Email,Rwanda,1,23
C02072,16/09/2023,Paid Ads,Uganda,1,20
C02073,09/08/2024,Organic,Uganda,1,40
C02074,05-24-2024,Email,Uganda,1,29
C02075,02-04-2023,Email,Rwanda,1,58
C02076,2024-05-04,Email,Rwanda,1,58
C02077,02-02-2023,Organic,Rwanda,1,32
C02078,2023-08-03,Paid Ads,Rwanda,1,18
C02079,2023-05-20,Referral,Tanzania,1,64
C02080,2024-06-24,Email,Uganda,0,25
C02081,29/11/2023,Organic,Tanzania,1,48
C02082,2023-09-23,Organic,Uganda,1,28
C02083,2023-03-16,Paid Ads,Rwanda,1,34
C02084,05-04-2023,Referral,Rwanda,0,44
C02085,04-21-2023,Paid Ads,Tanzania,1,48
C02086,06/05/2024,Paid Ads,Kenya,1,44
C02087,2023-12-07,Organic,Rwanda,1,31
C02088,2023-03-18,Paid Ads,Kenya,1,40
C02089,06/10/2023,Email,Uganda,1,22
C02090,2024-01-17,Organic,Tanzania,0,47
C02091,26/05/2023,Email,Kenya,1,51
C02092,03/01/2024,Referral,Kenya,1,64
C02093,03-09-2024,Organic,Rwanda,0,36
C02094,31/10/2023,Paid Ads,Kenya,1,48
C02095,03/12/2023,Organic,Kenya,0,33
C02096,22/06/2024,Email,Uganda,0,62
C02097,15/02/2024,Paid Ads,Tanzania,1,44
C02098,2023-10-21,Paid Ads,Rwanda,1,43
C02099,08-06-2023,Email,Rwanda,1,56
C02100,2023-08-16,Organic,Kenya,1,46
C02101,12-02-2023,Referral,Uganda,0,56
C02102,28/04/2024,Paid Ads,Kenya,0,61
C02103,05/02/2023,Organic,Kenya,1,62
C02104,2024-04-15,Paid Ads,Rwanda,1,46
C02105,2024-04-02,Email,Kenya,1,62
C02106,2024-05-01,Organic,Kenya,1,63
C02107,2024-07-28,Email,Uganda,1,64
C02108,08-08-2024,Referral,Rwanda,0,48
C02109,17/03/2023,Organic,Tanzania,1,19
C02110,06/04/2023,Referral,Uganda,0,23
C02111,2023-08-11,Organic,Uganda,1,26
C02112,2024-02-05,Organic,Uganda,1,32
C02113,06-15-2023,Organic,Rwanda,1,37
C02114,2023-03-16,Email,Kenya,0,
C02115,11-30-2023,Paid Ads,Tanzania,1,19
C02116,2023-05-31,Organic,Rwanda,1,20
C02117,03-08-2023,Paid Ads,Kenya,1,47
C02118,04-19-2024,Paid Ads,Uganda,1,25
C02119,03-01-2024,Organic,Rwanda,1,57
C02120,30/08/2023,Email,Kenya,1,38
C02121,2023-06-22,Email,Tanzania,1,56
C02122,2023-09-23,Paid Ads,Tanzania,1,60
C02123,2024-07-10,Referral,Kenya,1,30
C02124,2024-06-25,Paid Ads,Rwanda,0,57
C02125,05/03/2024,Referral,Uganda,1,58
C02126,07-30-2023,Paid Ads,Kenya,1,
C02127,07/03/2024,Paid Ads,Uganda,1,54
C02128,06-16-2024,Organic,Tanzania,1,49
C02129,2024-06-24,Email,Kenya,1,31
C02130,11/07/2023,Paid Ads,Tanzania,0,18
C02131,10/08/2023,Organic,Uganda,1,44
C02132,16/08/2023,Organic,Uganda,1,41
C02133,04-03-2024,Paid Ads,Kenya,1,39
C02134,2024-02-23,Paid Ads,Kenya,1,31
C02135,2023-06-25,Email,Kenya,0,62
C02136,11-05-2023,Email,Tanzania,0,25
C02137,2023-09-20,Organic,Uganda,1,44
C02138,08/02/2023,Email,Uganda,1,20
C02139,2023-04-10,Organic,Tanzania,0,50
C02140,04-12-2023,Email,Kenya,1,64
C02141,2023-02-21,Email,Rwanda,1,38
C02142,11/11/2023,Paid Ads,Kenya,0,49
C02143,06-08-2023,Email,Rwanda,1,57
C02144,13/02/2023,Organic,Rwanda,1,58
C02145,2024-02-04,Paid Ads,Tanzania,0,62
C02146,27/07/2023,Email,Uganda,1,61
C02147,17/05/2023,Paid Ads,Uganda,1,58
C02148,2023-03-02,Organic,Uganda,1,49
C02149,31/10/2023,Paid Ads,Uganda,1,41
C02150,08-12-2023,Email,Tanzania,1,28
C02151,01-04-2024,Organic,Rwanda,1,54
C02152,13/03/2023,Organic,Uganda,1,38
C02153,22/05/2023,Email,Rwanda,0,35
C02154,29/12/2023,Email,Tanzania,1,28
C02155,2023-09-29,Organic,Kenya,1,44
C02156,23/06/2023,Organic,Tanzania,1,60
C02157,30/05/2024,Organic,Uganda,0,55
C02158,04/06/2024,Organic,Kenya,1,18
C02159,09-09-2023,Paid Ads,Tanzania,1,46
C02160,2023-07-08,Email,Tanzania,1,38
C02161,18/05/2023,Paid Ads,Rwanda,1,46
C02162,2023-11-08,Paid Ads,Tanzania,1,26
C02163,01-17-2023,Organic,Kenya,1,24
C02164,07-23-2023,Email,Tanzania,0,55
C02165,06-12-2024,Paid Ads,Uganda,0,48
C02166,02-11-2023,Referral,Rwanda,0,44
C02167,17/02/2024,Paid Ads,Kenya,1,59
C02168,2023-10-18,Organic,Kenya,0,49
C02169,2023-09-16,Paid Ads,Tanzania,0,22
C02170,04-09-2024,Organic,Uganda,1,50
C02171,2023-09-24,Paid Ads,Rwanda,1,32
C02172,10-15-2023,Organic,Kenya,1,22
C02173,09/01/2023,Organic,Rwanda,1,37
C02174,01/09/2023,Email,Tanzania,1,55
C02175,17/10/2023,Organic,Uganda,1,54
C02176,2023-09-13,Email,Tanzania,1,34
C02177,23/06/2023,Organic,Rwanda,1,21
C02178,2023-07-21,Paid Ads,Tanzania,1,38
C02179,2024-06-20,Paid Ads,Rwanda,1,51
C02180,18/06/2024,Paid Ads,Kenya,0,57
C02181,07-28-2024,Organic,Kenya,0,22
C02182,06-03-2024,Organic,Tanzania,1,21
C02183,2023-04-07,Organic,Kenya,1,39
C02184,2023-04-14,Organic,Rwanda,1,31
C02185,01/12/2023,Paid Ads,Kenya,1,21
C02186,18/06/2023,Referral,Uganda,1,25
C02187,20/12/2023,Email,Uganda,1,20
C02188,09/03/2024,Email,Tanzania,0,63
C02189,03-07-2024,Email,Tanzania,1,46
C02190,10/10/2023,Paid Ads,Tanzania,1,43
C02191,03-06-2023,Organic,Tanzania,1,47
C02192,2024-03-25,Referral,Rwanda,1,29
C02193,20/04/2024,Paid Ads,Rwanda,1,32
C02194,26/03/2024,Paid Ads,Uganda,1,58
C02195,2023-12-24,Organic,Rwanda,1,19
C02196,02/01/2024,Paid Ads,Kenya,1,18
C02197,07-29-2024,Paid Ads,Uganda,1,64
C02198,2023-06-03,Email,Tanzania,1,64
C02199,08/02/2024,Paid Ads,Tanzania,1,45
C02200,04-18-2024,Organic,Rwanda,1,57
C02201,04-25-2023,Referral,Uganda,1,52
C02202,09-15-2023,Organic,Rwanda,1,51
C02203,02-06-2023,Paid Ads,Rwanda,1,21
C02204,09-19-2023,Organic,Rwanda,1,35
C02205,11/07/2023,Email,Uganda,1,29
C02206,01-31-2024,Referral,Tanzania,1,38
C02207,2023-07-07,Organic,Kenya,1,27
C02208,02-05-2024,Email,Tanzania,1,38
C02209,2023-12-26,Organic,Uganda,1,57
C02210,12/06/2023,Referral,Tanzania,0,42
C02211,12/05/2024,Email,Tanzania,1,34
C02212,2023-09-05,Email,Kenya,1,23
C02213,02-04-2023,Organic,Tanzania,1,31
C02214,08/08/2023,Referral,Tanzania,1,54
C02215,18/06/2024,Email,Tanzania,1,57
C02216,2024-07-02,Organic,Rwanda,1,57
C02217,10-18-2023,Email,Uganda,1,35
C02218,03-11-2024,Organic,Uganda,0,47
C02219,12-01-2023,Email,Kenya,1,26
C02220,02-14-2024,Organic,Rwanda,1,31
C02221,2023-04-17,Email,Rwanda,1,63
C02222,17/01/2023,Paid Ads,Tanzania,1,63
C02223,2024-04-22,Organic,Uganda,0,34
C02224,2024-05-02,Organic,Kenya,1,51
C02225,22/05/2024,Organic,Rwanda,0,63
C02226,08-16-2023,Paid Ads,Tanzania,1,39
C02227,2024-08-03,Organic,Kenya,1,49
C02228,05-02-2024,Paid Ads,Rwanda,1,29
C02229,2023-05-10,Organic,Kenya,1,33
C02230,2023-11-30,Organic,Rwanda,1,39
C02231,03-23-2024,Email,Kenya,1,55
C02232,2024-07-24,Organic,Rwanda,1,56
C02233,2023-06-11,Referral,Rwanda,1,19
C02234,05/05/2024,Email,Kenya,1,62
C02235,02-19-2023,Paid Ads,Rwanda,1,25
C02236,07-24-2023,Paid Ads,Rwanda,1,61
C02237,30/05/2023,Email,Rwanda,1,18
C02238,15/08/2023,Organic,Kenya,1,58
C02239,09-07-2023,Organic,Kenya,1,57
C02240,01-24-2023,Organic,Rwanda,0,58
C02241,03-14-2023,Email,Rwanda,1,22
C02242,18/05/2023,Organic,Kenya,1,62
C02243,10-13-2023,Paid Ads,Tanzania,1,63
C02244,2023-02-09,Referral,Rwanda,1,53
C02245,11-29-2023,Email,Tanzania,1,34
C02246,05-23-2023,Paid Ads,Kenya,1,58
C02247,2023-02-27,Organic,Rwanda,1,47
C02248,03-16-2023,Email,Tanzania,1,32
C02249,05-14-2023,Paid Ads,Kenya,0,37
C02250,16/04/2023,Organic,Tanzania,0,53
C02251,2024-04-16,Organic,Uganda,1,19
C02252,06/04/2024,Referral,Kenya,1,62
C02253,2024-06-27,Paid Ads,Uganda,1,21
C02254,2024-04-21,Email,Kenya,1,41
C02255,2023-09-16,Email,Kenya,1,
C02256,01-14-2023,Paid Ads,Rwanda,1,59
C02257,10/01/2023,Paid Ads,Uganda,1,19
C02258,2024-06-15,Paid Ads,Uganda,0,63
C02259,04/03/2024,Organic,Uganda,0,19
C02260,2023-12-10,Paid Ads,Kenya,1,18
C02261,29/03/2024,Email,Uganda,1,30
C02262,05-01-2023,Paid Ads,Uganda,1,23
C02263,01-15-2024,Email,Rwanda,1,39
C02264,13/07/2023,Paid Ads,Tanzania,1,34
C02265,05-29-2024,Paid Ads,Tanzania,0,39
C02266,01-20-2024,Paid Ads,Uganda,1,60
C02267,09-02-2023,Paid Ads,Uganda,1,23
C02268,13/11/2023,Email,Uganda,1,20
C02269,11-28-2023,Organic,Uganda,1,63
C02270,2023-05-09,Paid Ads,Tanzania,1,23
C02271,03/05/2024,Organic,Rwanda,1,34
C02272,2023-12-18,Organic,Kenya,0,52
C02273,2024-03-17,Paid Ads,Uganda,1,54
C02274,02-07-2023,Paid Ads,Uganda,1,64
C02275,2023-07-01,Referral,Tanzania,1,52
C02276,28/07/2023,Paid Ads,Uganda,1,40
C02277,06-19-2024,Email,Rwanda,1,25
C02278,08-08-2023,Paid Ads,Rwanda,1,24
C02279,2023-05-08,Paid Ads,Uganda,1,27
C02280,2024-04-23,Organic,Tanzania,1,43
C02281,04-23-2024,Organic,Uganda,1,27
C02282,2023-12-19,Organic,Uganda,1,36
C02283,2024-02-22,Paid Ads,Tanzania,1,40
C02284,2023-06-23,Organic,Rwanda,1,48
C02285,05-03-2023,Organic,Kenya,1,50
C02286,24/06/2023,Organic,Uganda,1,19
C02287,12-18-2023,Referral,Rwanda,1,45
C02288,23/09/2023,Organic,Uganda,1,49
C02289,2023-09-10,Paid Ads,Kenya,1,50
C02290,23/10/2023,Organic,Tanzania,1,26
C02291,05-01-2024,Paid Ads,Rwanda,1,46
C02292,16/11/2023,Organic,Kenya,0,32
C02293,23/03/2024,Organic,Uganda,1,35
C02294,2024-07-15,Paid Ads,Kenya,0,35
C02295,2023-11-01,Organic,Rwanda,1,24
C02296,17/02/2023,Organic,Tanzania,1,31
C02297,30/11/2023,Organic,Uganda,0,46
C02298,2024-07-10,Organic,Tanzania,0,36
C02299,2024-04-14,Organic,Tanzania,1,22
C02300,05-11-2024,Organic,Kenya,1,58
C02301,05-13-2023,Email,Kenya,1,62
C02302,2023-08-29,Paid Ads,Rwanda,1,22
C02303,05-09-2024,Paid Ads,Rwanda,1,32
C02304,2024-05-31,Organic,Tanzania,1,43
C02305,08-17-2024,Referral,Rwanda,0,41
C02306,26/05/2024,Organic,Tanzania,1,36
C02307,07/07/2023,Organic,Uganda,1,37
C02308,05-01-2024,Paid Ads,Tanzania,1,60
C02309,2024-06-26,Organic,Rwanda,1,26
C02310,2024-08-02,Organic,Rwanda,1,45
C02311,28/01/2024,Paid Ads,Tanzania,1,33
C02312,24/03/2023,Email,Kenya,1,28
C02313,2024-03-27,Paid Ads,Tanzania,1,51
C02314,15/04/2023,Email,Tanzania,1,42
C02315,08/09/2023,Referral,Kenya,1,57
C02316,06-01-2024,Organic,Uganda,1,38
C02317,2023-12-09,Organic,Kenya,1,22
C02318,2023-08-18,Organic,Rwanda,1,28
C02319,2023-11-01,Paid Ads,Kenya,0,60
C02320,2023-02-24,Paid Ads,Rwanda,1,26
C02321,12/04/2023,Referral,Rwanda,1,28
C02322,03-20-2023,Email,Tanzania,1,54
C02323,2024-02-25,Paid Ads,Tanzania,1,58
C02324,07-12-2023,Organic,Uganda,1,18
C02325,10-29-2023,Email,Rwanda,1,43
C02326,20/02/2023,Referral,Tanzania,0,27
C02327,14/08/2024,Email,Rwanda,1,57
C02328,30/08/2023,Organic,Uganda,1,36
C02329,06/02/2023,Paid Ads,Rwanda,1,33
C02330,03-06-2023,Organic,Uganda,1,62
C02331,2024-02-03,Organic,Uganda,1,54
C02332,06-02-2024,Organic,Uganda,1,58
C02333,04/12/2023,Paid Ads,Tanzania,1,21
C02334,04-11-2024,Paid Ads,Kenya,0,31
C02335,26/04/2023,Organic,Kenya,1,47
C02336,02/12/2023,Organic,Tanzania,0,24
C02337,2024-01-06,Paid Ads,Rwanda,1,29
C02338,30/12/2023,Organic,Tanzania,1,41
C02339,22/05/2023,Organic,Rwanda,1,56
C02340,2024-01-16,Paid Ads,Uganda,1,60
C02341,10-07-2023,Email,Tanzania,1,39
C02342,24/09/2023,Organic,Kenya,1,64
C02343,2023-07-05,Organic,Rwanda,1,47
C02344,01-25-2024,Organic,Tanzania,1,56
C02345,2023-10-05,Referral,Tanzania,1,37
C02346,2023-04-27,Paid Ads,Rwanda,1,43
C02347,12-08-2023,Paid Ads,Uganda,1,22
C02348,03-11-2024,Organic,Uganda,1,57
C02349,2024-03-16,Paid Ads,Uganda,1,59
C02350,2024-05-10,Organic,Uganda,1,23
C02351,2024-04-17,Paid Ads,Rwanda,1,51
C02352,23/08/2023,Referral,Kenya,1,22
C02353,14/04/2024,Paid Ads,Tanzania,1,27
C02354,2024-07-04,Email,Tanzania,1,45
C02355,2023-03-18,Email,Uganda,1,20
C02356,03-17-2024,Organic,Rwanda,1,30
C02357,09-11-2023,Referral,Kenya,1,
C02358,06-23-2024,Organic,Kenya,1,64
C02359,29/04/2024,Paid Ads,Tanzania,0,19
C02360,29/01/2024,Organic,Uganda,1,52
C02361,04-10-2023,Organic,Tanzania,1,64
C02362,2023-02-08,Paid Ads,Tanzania,1,45
C02363,04-08-2024,Organic,Kenya,0,54
C02364,22/07/2024,Paid Ads,Rwanda,1,40
C02365,21/03/2024,Paid Ads,Kenya,1,60
C02366,16/02/2023,Organic,Tanzania,0,40
C02367,10-13-2023,Organic,Uganda,1,52
C02368,29/08/2023,Paid Ads,Uganda,0,58
C02369,2024-07-03,Organic,Rwanda,1,56
C02370,2023-05-04,Email,Rwanda,1,49
C02371,09-21-2023,Paid Ads,Rwanda,1,19
C02372,15/12/2023,Email,Tanzania,1,64
C02373,27/03/2024,Paid Ads,Tanzania,1,61
C02374,19/05/2024,Paid Ads,Rwanda,1,
C02375,2024-03-10,Paid Ads,Uganda,1,33
C02376,11-08-2023,Organic,Uganda,0,33
C02377,2024-01-11,Organic,Uganda,1,20
C02378,09/05/2024,Email,Tanzania,1,45
C02379,28/11/2023,Paid Ads,Kenya,0,46
C02380,08-03-2023,Email,Uganda,1,37
C02381,01/02/2024,Email,Uganda,1,53
C02382,09-24-2023,Email,Uganda,1,50
C02383,2023-08-13,Referral,Rwanda,1,39
C02384,02-03-2023,Paid Ads,Tanzania,1,25
C02385,02-05-2024,Organic,Rwanda,1,64
C02386,01-13-2024,Paid Ads,Rwanda,1,41
C02387,09/07/2023,Organic,Kenya,1,54
C02388,23/05/2023,Paid Ads,Rwanda,1,37
C02389,10/08/2024,Email,Kenya,1,29
C02390,03-12-2023,Paid Ads,Rwanda,1,37
C02391,08-21-2023,Organic,Uganda,1,37
C02392,01-28-2024,Organic,Tanzania,0,21
C02393,06/03/2023,Paid Ads,Rwanda,0,47
C02394,16/07/2024,Organic,Kenya,1,48
C02395,08-23-2024,Email,Tanzania,1,39
C02396,12/04/2024,Organic,Kenya,0,32
C02397,2023-05-31,Organic,Uganda,1,55
C02398,04-15-2023,Organic,Rwanda,1,54
C02399,10-29-2023,Paid Ads,Tanzania,1,45
C02400,06-04-2023,Paid Ads,Uganda,0,28
C02401,2024-01-29,Organic,Rwanda,1,31
C02402,22/07/2023,Organic,Rwanda,1,28
C02403,29/01/2023,Paid Ads,Kenya,1,26
C02404,24/09/2023,Organic,Kenya,1,41
C02405,02-16-2023,Paid Ads,Uganda,1,27
C02406,28/03/2024,Paid Ads,Kenya,1,55
C02407,2023-04-18,Organic,Uganda,1,60
C02408,09-14-2023,Organic,Uganda,1,58
C02409,11-19-2023,Referral,Uganda,1,54
C02410,2023-09-19,Paid Ads,Kenya,1,59
C02411,11/05/2024,Paid Ads,Tanzania,1,49
C02412,05-15-2024,Organic,Uganda,1,37
C02413,13/08/2023,Paid Ads,Tanzania,1,31
C02414,07-01-2024,Organic,Rwanda,1,55
C02415,05-23-2023,Paid Ads,Kenya,1,21
C02416,23/08/2024,Referral,Kenya,0,41
C02417,07-23-2024,Organic,Tanzania,1,49
C02418,24/03/2023,Organic,Rwanda,1,27
C02419,06/09/2023,Organic,Rwanda,1,60
C02420,20/08/2024,Organic,Uganda,1,33
C02421,28/11/2023,Organic,Kenya,0,56
C02422,2023-04-23,Organic,Rwanda,1,49
C02423,2024-03-16,Email,Rwanda,1,35
C02424,2024-02-18,Paid Ads,Uganda,0,42
C02425,02-02-2024,Organic,Uganda,1,24
C02426,11/03/2024,Referral,Tanzania,1,64
C02427,2023-03-04,Organic,Kenya,1,35
C02428,2024-06-01,Referral,Rwanda,1,64
C02429,07-31-2023,Organic,Tanzania,0,35
C02430,2024-05-19,Email,Kenya,1,20
C02431,08-03-2024,Paid Ads,Tanzania,0,18
C02432,2023-12-14,Email,Kenya,0,50
C02433,11/08/2023,Referral,Kenya,1,24
C02434,06-18-2024,Organic,Rwanda,1,27
C02435,2024-07-05,Referral,Kenya,1,61
C02436,2023-11-22,Organic,Uganda,1,25
C02437,07/07/2023,Organic,Rwanda,1,49
C02438,2023-12-21,Organic,Uganda,1,40
C02439,03/07/2024,Paid Ads,Tanzania,1,34
C02440,15/02/2024,Organic,Tanzania,0,31
C02441,2024-02-28,Paid Ads,Kenya,1,34
C02442,05-09-2023,Paid Ads,Kenya,1,42
C02443,2023-04-25,Email,Uganda,0,38
C02444,02-17-2024,Email,Uganda,1,23
C02445,04-17-2024,Paid Ads,Uganda,1,37
C02446,08-21-2024,Organic,Tanzania,1,37
C02447,09-23-2023,Organic,Uganda,1,43
C02448,22/07/2023,Organic,Rwanda,1,49
C02449,2024-05-11,Organic,Rwanda,1,25
C02450,04/06/2024,Organic,Tanzania,1,62
C02451,18/02/2023,Organic,Uganda,0,
C02452,2023-06-14,Referral,Uganda,1,61
C02453,2024-05-20,Paid Ads,Kenya,1,46
C02454,05-05-2024,Organic,Rwanda,1,34
C02455,22/04/2023,Paid Ads,Tanzania,1,35
C02456,01-09-2023,Organic,Uganda,1,57
C02457,2023-10-18,Paid Ads,Kenya,0,35
C02458,08-04-2024,Paid Ads,Tanzania,1,28
C02459,2023-10-19,Paid Ads,Tanzania,1,62
C02460,2024-04-06,Paid Ads,Rwanda,1,29
C02461,04-04-2024,Referral,Uganda,1,32
C02462,2023-08-03,Email,Tanzania,1,43
C02463,2023-07-02,Paid Ads,Kenya,1,20
C02464,28/01/2023,Paid Ads,Kenya,1,20
C02465,30/11/2023,Paid Ads,Tanzania,1,55
C02466,06/01/2024,Organic,Kenya,1,52
C02467,01-28-2023,Organic,Tanzania,1,26
C02468,22/09/2023,Organic,Kenya,1,60
C02469,11-29-2023,Paid Ads,Tanzania,0,57
C02470,05-03-2024,Paid Ads,Tanzania,1,21
C02471,07-18-2024,Organic,Tanzania,1,37
C02472,06-18-2023,Referral,Kenya,1,32
C02473,08-04-2024,Referral,Tanzania,1,46
C02474,2024-08-02,Email,Rwanda,1,22
C02475,03-31-2023,Paid Ads,Tanzania,1,56
C02476,12-17-2023,Email,Uganda,1,57
C02477,06-10-2024,Organic,Uganda,1,24
C02478,02/01/2023,Email,Rwanda,0,25
C02479,2023-12-28,Organic,Tanzania,1,49
C02480,05-07-2023,Email,Uganda,1,53
C02481,2024-04-28,Organic,Tanzania,1,50
C02482,2023-01-19,Email,Uganda,0,54
C02483,12-08-2023,Referral,Kenya,1,49
C02484,20/03/2023,Organic,Kenya,1,60
C02485,2023-02-11,Paid Ads,Rwanda,0,53
C02486,09-05-2023,Referral,Rwanda,1,51
C02487,09-13-2023,Paid Ads,Tanzania,1,42
C02488,2023-02-19,Email,Rwanda,1,61
C02489,11-30-2023,Paid Ads,Tanzania,0,49
C02490,06-18-2023,Organic,Kenya,0,19
C02491,08-21-2023,Organic,Kenya,0,26
C02492,08-06-2024,Organic,Uganda,1,55
C02493,2023-06-07,Email,Tanzania,0,46
C02494,2023-10-21,Organic,Kenya,1,55
C02495,03-27-2024,Paid Ads,Kenya,1,35
C02496,2023-06-17,Paid Ads,Tanzania,1,39
C02497,2024-08-20,Paid Ads,Uganda,1,52
C02498,2024-01-06,Email,Uganda,1,32
C02499,2024-07-16,Referral,Uganda,1,24
C02500,2023-05-05,Paid Ads,Uganda,0,30
C02501,10/05/2023,Email,Kenya,1,59
C02502,2024-03-20,Email,Tanzania,1,53
C02503,08-26-2023,Paid Ads,Tanzania,0,33
C02504,15/01/2023,Referral,Kenya,1,58
C02505,06/01/2024,Organic,Kenya,1,38
C02506,2024-06-06,Organic,Kenya,1,45
C02507,01-02-2023,Email,Rwanda,1,27
C02508,2024-06-26,Paid Ads,Tanzania,1,36
C02509,2024-05-07,Email,Tanzania,1,34
C02510,04/06/2023,Email,Tanzania,0,18
C02511,2023-12-29,Organic,Uganda,1,30
C02512,2023-11-17,Email,Kenya,1,53
C02513,2024-03-11,Paid Ads,Kenya,1,64
C02514,08-23-2023,Paid Ads,Kenya,1,59
C02515,29/07/2024,Paid Ads,Rwanda,1,37
C02516,2023-10-24,Referral,Tanzania,0,58
C02517,23/05/2024,Organic,Kenya,1,57
C02518,28/05/2023,Paid Ads,Rwanda,1,23
C02519,2024-06-11,Paid Ads,Kenya,0,40
C02520,03-24-2023,Email,Uganda,1,59
C02521,10-04-2023,Paid Ads,Tanzania,1,41
C02522,2023-12-16,Organic,Rwanda,1,22
C02523,18/03/2023,Organic,Kenya,1,49
C02524,2024-04-23,Organic,Tanzania,0,63
C02525,2024-04-30,Email,Rwanda,1,34
C02526,12-12-2023,Organic,Tanzania,1,28
C02527,03-29-2023,Organic,Tanzania,1,44
C02528,22/01/2024,Referral,Uganda,0,21
C02529,2024-02-01,Organic,Tanzania,0,40
C02530,24/03/2023,Referral,Rwanda,1,40
C02531,01-16-2024,Paid Ads,Tanzania,1,51
C02532,01-19-2023,Email,Rwanda,1,38
C02533,2023-11-23,Organic,Tanzania,1,39
C02534,09-04-2023,Organic,Kenya,0,18
C02535,05-20-2023,Email,Uganda,0,49
C02536,2023-01-17,Email,Kenya,0,45
C02537,04/02/2024,Email,Uganda,1,35
C02538,2023-06-27,Organic,Rwanda,0,24
C02539,04-06-2024,Email,Uganda,0,55
C02540,15/06/2023,Email,Tanzania,1,23
C02541,25/11/2023,Paid Ads,Tanzania,1,31
C02542,2024-01-01,Email,Kenya,1,47
C02543,12-12-2023,Email,Uganda,1,61
C02544,14/09/2023,Paid Ads,Rwanda,0,63
C02545,05-02-2024,Organic,Rwanda,1,31
C02546,06-24-2024,Paid Ads,Tanzania,1,61
C02547,07/01/2023,Organic,Rwanda,1,58
C02548,05-19-2024,Paid Ads,Tanzania,1,26
C02549,2023-07-11,Paid Ads,Tanzania,0,48
C02550,2024-04-03,Organic,Tanzania,1,19
C02551,12/09/2023,Organic,Kenya,1,35
C02552,2023-12-31,Organic,Kenya,1,22
C02553,08-21-2024,Email,Tanzania,1,43
C02554,11/07/2024,Referral,Tanzania,1,40
C02555,2024-04-14,Organic,Tanzania,0,29
C02556,04-26-2024,Referral,Rwanda,1,31
C02557,03-24-2023,Paid Ads,Tanzania,1,30
C02558,2023-05-18,Organic,Tanzania,1,52
C02559,23/05/2023,Organic,Uganda,1,64
C02560,2023-12-20,Paid Ads,Uganda,0,32
C02561,05-03-2024,Email,Uganda,1,52
C02562,25/09/2023,Email,Uganda,1,36
C02563,25/03/2024,Organic,Tanzania,1,32
C02564,26/01/2023,Organic,Uganda,1,25
C02565,2024-07-19,Paid Ads,Rwanda,1,40
C02566,05/03/2023,Organic,Rwanda,1,30
C02567,02-11-2024,Organic,Uganda,1,40
C02568,31/05/2024,Organic,Kenya,0,48
C02569,2023-09-18,Email,Rwanda,1,47
C02570,24/03/2024,Referral,Rwanda,1,59
C02571,07/06/2023,Paid Ads,Uganda,0,19
C02572,05/06/2024,Referral,Uganda,0,28
C02573,08-06-2024,Organic,Tanzania,1,42
C02574,07-15-2023,Paid Ads,Rwanda,1,46
C02575,01-22-2024,Organic,Uganda,1,39
C02576,24/09/2023,Paid Ads,Uganda,1,36
C02577,03-22-2024,Referral,Tanzania,1,26
C02578,08-23-2024,Paid Ads,Rwanda,1,58
C02579,02-21-2024,Organic,Uganda,1,55
C02580,2023-01-18,Paid Ads,Tanzania,1,46
C02581,2024-01-09,Organic,Uganda,1,27
C02582,05-10-2024,Email,Kenya,1,39
C02583,08-08-2024,Paid Ads,Kenya,1,41
C02584,05-17-2024,Paid Ads,Uganda,1,25
C02585,2024-02-15,Paid Ads,Rwanda,1,64
C02586,16/06/2024,Paid Ads,Kenya,1,23
C02587,2024-03-02,Organic,Tanzania,1,24
C02588,16/03/2024,Paid Ads,Uganda,1,37
C02589,08-10-2023,Organic,Tanzania,1,34
C02590,2023-06-03,Email,Kenya,1,53
C02591,04/07/2023,Email,Rwanda,1,25
C02592,02/08/2023,Email,Tanzania,1,30
C02593,03-10-2023,Paid Ads,Kenya,1,41
C02594,2023-07-26,Paid Ads,Kenya,1,63
C02595,2024-06-23,Organic,Kenya,1,48
C02596,03-11-2023,Email,Tanzania,1,40
C02597,12/11/2023,Organic,Kenya,1,34
C02598,2023-04-02,Paid Ads,Uganda,1,63
C02599,11-03-2023,Organic,Kenya,0,41
C02600,18/12/2023,Organic,Uganda,1,60
C02601,2023-06-18,Paid Ads,Rwanda,1,27
C02602,2023-11-12,Organic,Uganda,1,48
C02603,2024-01-07,Email,Rwanda,1,62
C02604,29/06/2023,Organic,Rwanda,1,37
C02605,06-12-2023,Organic,Uganda,1,33
C02606,2023-07-31,Paid Ads,Rwanda,1,31
C02607,2024-03-11,Organic,Uganda,1,20
C02608,2024-07-05,Organic,Tanzania,1,47
C02609,2024-08-01,Email,Rwanda,1,35
C02610,2023-06-07,Organic,Uganda,1,23
C02611,26/05/2024,Email,Rwanda,1,37
C02612,2023-12-01,Organic,Kenya,1,52
C02613,10-09-2023,Organic,Uganda,1,36
C02614,08/10/2023,Email,Kenya,1,43
C02615,02-25-2023,Organic,Rwanda,1,52
C02616,27/10/2023,Organic,Rwanda,1,29
C02617,2024-02-19,Organic,Tanzania,1,25
C02618,25/09/2023,Organic,Uganda,1,54
C02619,21/10/2023,Email,Kenya,0,27
C02620,2023-04-18,Organic,Tanzania,1,38
C02621,03-27-2023,Email,Rwanda,1,58
C02622,07/04/2023,Email,Rwanda,1,62
C02623,10-06-2023,Paid Ads,Tanzania,0,59
C02624,04/02/2023,Referral,Kenya,0,46
C02625,14/03/2024,Organic,Rwanda,1,48
C02626,05-08-2023,Referral,Rwanda,1,57
C02627,08/03/2023,Organic,Uganda,1,24
C02628,2023-12-31,Paid Ads,Tanzania,1,51
C02629,10-19-2023,Paid Ads,Rwanda,1,51
C02630,01-10-2023,Organic,Kenya,0,47
C02631,2023-12-08,Paid Ads,Uganda,1,21
C02632,02/03/2024,Email,Tanzania,1,58
C02633,10-26-2023,Organic,Kenya,1,47
C02634,08-22-2024,Organic,Rwanda,1,42
C02635,06-18-2024,Email,Tanzania,1,31
C02636,19/03/2024,Paid Ads,Tanzania,1,41
C02637,01/04/2023,Referral,Kenya,1,60
C02638,06-07-2023,Email,Tanzania,1,48
C02639,06/04/2023,Referral,Kenya,1,56
C02640,03-07-2023,Email,Rwanda,0,45
C02641,04-05-2024,Organic,Uganda,1,42
C02642,2023-08-13,Organic,Kenya,1,36
C02643,2023-05-03,Email,Uganda,1,21
C02644,15/01/2024,Paid Ads,Tanzania,1,51
C02645,2023-08-29,Organic,Kenya,0,49
C02646,2024-07-22,Organic,Rwanda,0,42
C02647,03-08-2024,Referral,Kenya,1,39
C02648,05/04/2023,Paid Ads,Kenya,1,45
C02649,06-07-2023,Paid Ads,Kenya,1,35
C02650,2024-03-28,Paid Ads,Uganda,0,24
C02651,08/06/2024,Organic,Uganda,1,28
C02652,2024-04-19,Organic,Tanzania,1,59
C02653,05-27-2024,Organic,Tanzania,1,28
C02654,01-22-2023,Organic,Tanzania,0,26
C02655,12-31-2023,Email,Tanzania,1,52
C02656,12-16-2023,Paid Ads,Kenya,1,54
C02657,2024-02-24,Email,Uganda,1,40
C02658,02-02-2023,Email,Uganda,0,50
C02659,03-09-2023,Organic,Uganda,1,18
C02660,10-30-2023,Paid Ads,Uganda,0,37
C02661,11/07/2023,Paid Ads,Tanzania,1,22
C02662,11/12/2023,Email,Kenya,1,46
C02663,2023-09-29,Organic,Uganda,0,43
C02664,2023-07-05,Paid Ads,Rwanda,0,55
C02665,2024-03-28,Paid Ads,Kenya,1,20
C02666,2023-11-17,Organic,Rwanda,1,38
C02667,07-16-2024,Organic,Kenya,1,30
C02668,2024-06-11,Paid Ads,Kenya,1,48
C02669,29/01/2023,Email,Kenya,1,34
C02670,04-25-2024,Organic,Rwanda,1,52
C02671,18/08/2024,Paid Ads,Uganda,1,40
C02672,08-23-2023,Organic,Uganda,1,20
C02673,2024-07-08,Email,Rwanda,1,62
C02674,2024-07-07,Organic,Uganda,1,19
C02675,03-19-2024,Email,Tanzania,1,20
C02676,04-24-2023,Organic,Uganda,1,37
C02677,10-05-2023,Organic,Tanzania,1,
C02678,2023-12-11,Organic,Tanzania,1,61
C02679,06/07/2023,Organic,Tanzania,1,26
C02680,06/11/2023,Paid Ads,Rwanda,1,
C02681,05-13-2023,Organic,Uganda,1,21
C02682,06-14-2024,Email,Uganda,1,42
C02683,01-12-2024,Organic,Rwanda,1,18
C02684,2023-09-11,Organic,Rwanda,1,56
C02685,02-29-2024,Organic,Uganda,1,29
C02686,07-29-2024,Organic,Rwanda,0,57
C02687,10/05/2024,Organic,Rwanda,1,57
C02688,04/02/2023,Paid Ads,Tanzania,0,41
C02689,08-07-2024,Paid Ads,Rwanda,1,26
C02690,11-14-2023,Paid Ads,Tanzania,1,63
C02691,2023-07-13,Paid Ads,Kenya,1,37
C02692,10-18-2023,Paid Ads,Tanzania,1,22
C02693,17/03/2023,Organic,Tanzania,0,37
C02694,2023-09-04,Paid Ads,Rwanda,1,38
C02695,02-17-2024,Referral,Uganda,1,19
C02696,07/06/2023,Paid Ads,Kenya,1,38
C02697,2024-03-21,Paid Ads,Kenya,1,59
C02698,2023-01-30,Organic,Kenya,1,41
C02699,06/06/2023,Email,Uganda,1,26
C02700,04/07/2024,Email,Kenya,0,56
C02701,2024-01-02,Paid Ads,Kenya,1,47
C02702,12-19-2023,Referral,Uganda,1,35
C02703,12-26-2023,Organic,Kenya,1,61
C02704,06-22-2024,Organic,Rwanda,1,60
C02705,2024-05-19,Email,Rwanda,1,27
C02706,02-04-2023,Email,Tanzania,0,62
C02707,06-09-2024,Organic,Tanzania,1,58
C02708,2023-12-10,Organic,Tanzania,1,
C02709,03-03-2024,Organic,Rwanda,0,38
C02710,14/09/2023,Organic,Rwanda,1,39
C02711,03-13-2024,Email,Rwanda,1,34
C02712,03-05-2023,Paid Ads,Tanzania,1,22
C02713,18/06/2024,Organic,Tanzania,0,23
C02714,25/12/2023,Organic,Tanzania,1,27
C02715,04/08/2023,Organic,Tanzania,1,60
C02716,19/04/2023,Organic,Tanzania,1,19
C02717,18/05/2024,Paid Ads,Tanzania,1,24
C02718,26/11/2023,Referral,Rwanda,1,63
C02719,2023-11-12,Email,Uganda,1,21
C02720,2024-01-15,Organic,Uganda,1,54
C02721,12-03-2023,Email,Tanzania,0,36
C02722,01-11-2024,Email,Uganda,1,45
C02723,09/01/2023,Email,Uganda,1,37
C02724,07-27-2023,Paid Ads,Rwanda,0,47
C02725,05/06/2024,Organic,Tanzania,1,59
C02726,31/08/2023,Organic,Tanzania,0,55
C02727,20/02/2024,Organic,Uganda,1,19
C02728,2023-07-11,Organic,Tanzania,1,20
C02729,2023-01-03,Organic,Tanzania,1,64
C02730,05/02/2024,Paid Ads,Tanzania,1,59
C02731,09/07/2024,Email,Tanzania,1,56
C02732,28/05/2024,Paid Ads,Uganda,1,42
C02733,02-07-2023,Organic,Kenya,1,19
C02734,2023-06-08,Referral,Uganda,1,56
C02735,10-17-2023,Referral,Rwanda,1,32
C02736,11-15-2023,Email,Kenya,1,20
C02737,24/06/2024,Referral,Kenya,1,22
C02738,12/01/2023,Paid Ads,Kenya,1,57
C02739,2023-09-14,Referral,Uganda,1,53
C02740,13/08/2023,Organic,Rwanda,1,57
C02741,09-19-2023,Organic,Uganda,1,55
C02742,01-10-2023,Organic,Rwanda,1,54
C02743,03-03-2023,Organic,Uganda,1,44
C02744,2024-02-24,Organic,Uganda,0,22
C02745,2023-02-05,Paid Ads,Uganda,1,34
C02746,2024-07-19,Email,Kenya,1,55
C02747,29/01/2023,Paid Ads,Uganda,0,62
C02748,2023-12-25,Organic,Rwanda,1,58
C02749,2023-12-13,Email,Rwanda,1,29
C02750,05/11/2023,Paid Ads,Rwanda,1,59
C02751,07-14-2023,Organic,Kenya,1,48
C02752,2024-06-09,Paid Ads,Uganda,1,50
C02753,2023-04-04,Organic,Uganda,1,60
C02754,09/06/2023,Organic,Tanzania,1,46
C02755,04-30-2024,Referral,Kenya,1,55
C02756,02-20-2023,Organic,Rwanda,1,20
C02757,04-23-2024,Paid Ads,Rwanda,1,55
C02758,18/07/2023,Email,Uganda,1,58
C02759,2024-08-22,Email,Rwanda,1,57
C02760,01-20-2024,Organic,Uganda,1,47
C02761,27/02/2024,Organic,Uganda,1,64
C02762,03-05-2023,Organic,Tanzania,0,39
C02763,07-26-2023,Paid Ads,Kenya,1,55
C02764,2023-08-19,Paid Ads,Uganda,1,49
C02765,06-09-2023,Organic,Uganda,1,60
C02766,03/01/2023,Referral,Uganda,1,27
C02767,21/01/2024,Paid Ads,Tanzania,1,49
C02768,2023-08-08,Organic,Uganda,1,60
C02769,04/09/2023,Paid Ads,Kenya,1,21
C02770,2023-05-18,Paid Ads,Kenya,0,46
C02771,2024-03-18,Organic,Rwanda,1,62
C02772,31/05/2024,Organic,Kenya,0,25
C02773,03-09-2024,Email,Rwanda,1,37
C02774,2023-03-28,Paid Ads,Kenya,1,64
C02775,2024-02-22,Paid Ads,Rwanda,0,24
C02776,03-26-2023,Paid Ads,Uganda,1,18
C02777,04-10-2024,Organic,Tanzania,0,42
C02778,11-01-2023,Organic,Tanzania,1,43
C02779,23/02/2024,Paid Ads,Tanzania,1,26
C02780,04/06/2023,Organic,Uganda,1,40
C02781,07-23-2023,Organic,Tanzania,1,57
C02782,31/05/2024,Email,Kenya,1,19
C02783,07-12-2023,Referral,Rwanda,1,43
C02784,05/07/2023,Email,Uganda,1,31
C02785,2023-04-17,Email,Tanzania,1,61
C02786,04-02-2023,Organic,Kenya,1,48
C02787,2024-07-13,Referral,Kenya,1,43
C02788,08/08/2023,Organic,Uganda,1,36
C02789,2023-06-11,Referral,Uganda,1,55
C02790,2023-05-22,Referral,Tanzania,1,22
C02791,06-20-2024,Email,Rwanda,0,23
C02792,15/04/2023,Referral,Tanzania,1,52
C02793,2024-05-26,Paid Ads,Tanzania,1,33
C02794,05-16-2024,Organic,Uganda,1,48
C02795,2023-04-05,Paid Ads,Tanzania,0,35
C02796,2023-07-18,Paid Ads,Tanzania,1,31
C02797,25/02/2024,Organic,Rwanda,1,42
C02798,08-04-2024,Paid Ads,Kenya,1,32
C02799,09-23-2023,Referral,Kenya,1,43
C02800,2023-01-11,Organic,Rwanda,1,53
C02801,04/08/2024,Email,Kenya,0,28
C02802,28/06/2024,Referral,Tanzania,0,54
C02803,12/05/2023,Referral,Rwanda,1,58
C02804,2023-11-23,Referral,Rwanda,1,54
C02805,22/02/2024,Paid Ads,Uganda,0,24
C02806,2024-01-16,Referral,Kenya,1,35
C02807,07-05-2023,Email,Uganda,1,37
C02808,2024-02-05,Organic,Tanzania,1,19
C02809,2024-03-27,Paid Ads,Rwanda,1,43
C02810,26/10/2023,Email,Tanzania,1,40
C02811,08-09-2023,Organic,Kenya,0,49
C02812,20/05/2023,Paid Ads,Uganda,1,30
C02813,2023-08-14,Paid Ads,Kenya,1,30
C02814,05-10-2024,Organic,Tanzania,1,34
C02815,01-07-2023,Paid Ads,Uganda,1,42
C02816,14/07/2023,Email,Kenya,1,39
C02817,2024-07-18,Paid Ads,Tanzania,1,44
C02818,2023-10-22,Organic,Kenya,1,34
C02819,03/01/2023,Organic,Rwanda,0,43
C02820,2023-04-08,Organic,Uganda,1,55
C02821,08-04-2024,Referral,Uganda,0,31
C02822,12/11/2023,Organic,Uganda,1,31
C02823,06-17-2024,Paid Ads,Rwanda,1,29
C02824,09-30-2023,Organic,Uganda,1,22
C02825,03-10-2023,Organic,Rwanda,1,54
C02826,13/06/2023,Email,Uganda,1,21
C02827,2023-03-09,Email,Kenya,1,46
C02828,02/05/2024,Organic,Kenya,1,42
C02829,2024-06-21,Paid Ads,Kenya,1,62
C02830,11/12/2023,Organic,Kenya,1,21
C02831,2024-03-25,Paid Ads,Rwanda,1,33
C02832,2024-08-23,Paid Ads,Tanzania,1,19
C02833,09-28-2023,Organic,Tanzania,1,40
C02834,09/04/2023,Organic,Kenya,1,21
C02835,2023-04-09,Organic,Tanzania,1,37
C02836,12-11-2023,Referral,Tanzania,1,34
C02837,2024-02-27,Referral,Uganda,1,23
C02838,2023-11-30,Organic,Rwanda,1,35
C02839,04-03-2023,Email,Kenya,1,37
C02840,2024-08-20,Organic,Tanzania,1,56
C02841,09-09-2023,Organic,Tanzania,0,62
C02842,04-23-2023,Email,Kenya,1,58
C02843,2023-09-20,Referral,Uganda,0,51
C02844,04/02/2023,Referral,Kenya,1,57
C02845,2023-08-23,Paid Ads,Uganda,0,63
C02846,2023-10-04,Organic,Tanzania,1,41
C02847,04/11/2023,Email,Rwanda,1,35
C02848,09/12/2023,Organic,Uganda,1,47
C02849,08-06-2024,Paid Ads,Uganda,1,18
C02850,2024-04-07,Organic,Kenya,0,40
C02851,06-06-2023,Paid Ads,Tanzania,1,46
C02852,06-17-2024,Organic,Rwanda,0,58
C02853,2023-11-18,Organic,Kenya,1,58
C02854,05-23-2024,Referral,Kenya,1,49
C02855,01/06/2024,Organic,Rwanda,1,19
C02856,05-17-2024,Paid Ads,Tanzania,0,
C02857,2023-12-20,Organic,Rwanda,1,53
C02858,07/05/2024,Organic,Kenya,1,62
C02859,07-26-2024,Organic,Kenya,1,34
C02860,2023-12-17,Organic,Uganda,1,60
C02861,08-01-2024,Email,Rwanda,0,19
C02862,2023-01-20,Organic,Rwanda,1,21
C02863,06-15-2023,Referral,Rwanda,1,61
C02864,21/06/2024,Paid Ads,Kenya,1,51
C02865,26/04/2023,Paid Ads,Tanzania,1,18
C02866,13/07/2023,Paid Ads,Kenya,1,40
C02867,11-07-2023,Paid Ads,Uganda,1,23
C02868,24/04/2024,Email,Kenya,1,33
C02869,05-26-2023,Organic,Kenya,1,19
C02870,15/08/2023,Organic,Kenya,1,63
C02871,21/05/2024,Email,Uganda,1,29
C02872,10-06-2023,Referral,Rwanda,0,44
C02873,01-27-2024,Email,Tanzania,0,36
C02874,08-13-2023,Paid Ads,Tanzania,1,45
C02875,08/04/2023,Email,Uganda,1,52
C02876,2023-03-05,Paid Ads,Rwanda,1,60
C02877,02-05-2023,Paid Ads,Rwanda,1,21
C02878,2024-06-22,Organic,Uganda,1,24
C02879,2023-11-15,Paid Ads,Kenya,1,54
C02880,11-19-2023,Organic,Rwanda,1,42
C02881,2024-05-13,Organic,Tanzania,1,58
C02882,04-25-2024,Email,Uganda,0,34
C02883,2024-06-24,Organic,Tanzania,1,58
C02884,2023-11-10,Organic,Kenya,1,31
C02885,07/12/2023,Organic,Uganda,1,54
C02886,2023-01-26,Referral,Tanzania,1,19
C02887,2023-06-30,Paid Ads,Tanzania,1,41
C02888,2023-01-05,Paid Ads,Kenya,1,32
C02889,09-07-2023,Email,Uganda,1,
C02890,29/03/2024,Email,Rwanda,1,50
C02891,02/01/2023,Organic,Rwanda,1,29
C02892,2024-02-20,Paid Ads,Tanzania,1,36
C02893,21/01/2024,Email,Kenya,0,64
C02894,04-18-2024,Paid Ads,Tanzania,1,22
C02895,2023-05-10,Organic,Kenya,1,18
C02896,10-11-2023,Email,Rwanda,1,60
C02897,2024-06-04,Paid Ads,Tanzania,1,26
C02898,2023-11-17,Organic,Tanzania,0,56
C02899,09/04/2024,Paid Ads,Kenya,1,51
C02900,2023-10-17,Organic,Uganda,1,46
C02901,24/04/2023,Organic,Kenya,1,
C02902,10-28-2023,Email,Uganda,1,
C02903,02/07/2023,Organic,Rwanda,0,63
C02904,13/12/2023,Paid Ads,Tanzania,1,19
C02905,2024-08-01,Paid Ads,Tanzania,1,36
C02906,2023-04-05,Organic,Kenya,0,45
C02907,08-21-2024,Referral,Kenya,1,52
C02908,10-16-2023,Organic,Rwanda,1,57
C02909,04-21-2024,Organic,Rwanda,1,
C02910,2023-05-14,Organic,Uganda,1,39
C02911,05-25-2024,Organic,Rwanda,1,21
C02912,01-03-2023,Organic,Rwanda,1,25
C02913,2023-06-13,Email,Rwanda,1,18
C02914,31/05/2023,Referral,Rwanda,0,53
C02915,03-30-2023,Organic,Uganda,1,24
C02916,11/03/2023,Paid Ads,Rwanda,1,42
C02917,2023-05-03,Email,Uganda,1,46
C02918,09-15-2023,Email,Kenya,0,18
C02919,07-22-2023,Paid Ads,Tanzania,1,35
C02920,2024-03-07,Organic,Kenya,0,21
C02921,14/09/2023,Organic,Rwanda,1,37
C02922,06-18-2024,Email,Tanzania,0,63
C02923,02-18-2023,Email,Rwanda,1,25
C02924,07-23-2023,Organic,Rwanda,1,44
C02925,2023-07-12,Organic,Kenya,1,56
C02926,02-13-2023,Referral,Rwanda,1,52
C02927,15/02/2023,Email,Kenya,1,42
C02928,12-10-2023,Referral,Rwanda,1,31
C02929,22/02/2024,Email,Uganda,1,61
C02930,03-09-2023,Organic,Tanzania,0,64
C02931,16/07/2024,Paid Ads,Kenya,1,57
C02932,11-22-2023,Paid Ads,Kenya,1,48
C02933,05-24-2023,Organic,Tanzania,1,22
C02934,2023-04-28,Paid Ads,Kenya,1,34
C02935,09/05/2024,Email,Tanzania,0,27
C02936,2024-06-28,Organic,Uganda,1,60
C02937,06-25-2023,Email,Rwanda,1,33
C02938,2024-03-25,Paid Ads,Uganda,1,
C02939,26/12/2023,Referral,Rwanda,0,21
C02940,2024-01-04,Organic,Tanzania,0,22
C02941,10-30-2023,Organic,Uganda,1,59
C02942,01-10-2024,Paid Ads,Rwanda,1,63
C02943,18/02/2024,Organic,Tanzania,1,58
C02944,05-29-2023,Email,Rwanda,1,37
C02945,2023-10-13,Email,Kenya,1,23
C02946,01-15-2024,Organic,Kenya,1,28
C02947,23/11/2023,Paid Ads,Tanzania,1,34
C02948,03-24-2023,Paid Ads,Rwanda,1,58
C02949,2024-07-04,Organic,Kenya,1,20
C02950,01/03/2023,Referral,Uganda,1,33
C02951,2023-07-30,Email,Rwanda,1,53
C02952,17/06/2024,Paid Ads,Rwanda,1,43
C02953,06/05/2024,Email,Kenya,1,41
C02954,2024-04-17,Paid Ads,Kenya,1,64
C02955,07-24-2023,Referral,Tanzania,0,51
C02956,2024-04-15,Paid Ads,Rwanda,1,37
C02957,01-25-2024,Email,Uganda,1,34
C02958,13/02/2023,Email,Kenya,0,37
C02959,05/03/2024,Organic,Rwanda,1,33
C02960,04-27-2023,Email,Kenya,0,21
C02961,2024-07-21,Organic,Tanzania,1,35
C02962,04/02/2023,Organic,Rwanda,1,53
C02963,07-25-2024,Organic,Rwanda,1,52
C02964,2024-08-16,Referral,Tanzania,1,47
C02965,08-14-2024,Email,Uganda,1,35
C02966,14/05/2023,Email,Kenya,1,38
C02967,02-12-2023,Email,Tanzania,0,49
C02968,10/07/2023,Paid Ads,Rwanda,1,22
C02969,12-25-2023,Referral,Tanzania,1,58
C02970,13/07/2023,Paid Ads,Rwanda,1,40
C02971,05/03/2024,Organic,Tanzania,1,47
C02972,05-29-2023,Organic,Uganda,1,44
C02973,28/08/2023,Email,Rwanda,1,32
C02974,28/10/2023,Email,Tanzania,1,58
C02975,2023-10-03,Organic,Uganda,1,31
C02976,28/05/2023,Organic,Uganda,1,38
C02977,03/02/2024,Email,Kenya,1,51
C02978,2023-08-06,Organic,Rwanda,1,43
C02979,03-13-2023,Email,Kenya,1,42
C02980,2023-11-18,Referral,Uganda,1,62
C02981,15/05/2024,Paid Ads,Kenya,1,48
C02982,08-17-2024,Organic,Kenya,1,
C02983,2024-07-23,Email,Tanzania,1,23
C02984,2024-02-10,Email,Kenya,1,
C02985,07-12-2024,Paid Ads,Uganda,1,21
C02986,05/09/2023,Referral,Kenya,1,41
C02987,05/04/2023,Organic,Rwanda,1,59
C02988,2024-02-22,Paid Ads,Tanzania,0,48
C02989,10/10/2023,Email,Uganda,1,36
C02990,12/10/2023,Email,Kenya,1,28
C02991,2023-07-07,Organic,Rwanda,1,46
C02992,2023-01-24,Email,Uganda,0,22
C02993,08/03/2023,Paid Ads,Kenya,1,35
C02994,18/06/2024,Organic,Tanzania,1,20
C02995,2023-12-19,Organic,Kenya,1,57
C02996,2023-05-04,Email,Uganda,1,28
C02997,01/10/2023,Organic,Uganda,1,38
C02998,29/09/2023,Organic,Uganda,1,47
C02999,08/10/2023,Organic,Rwanda,1,36
C03000,16/02/2023,Email,Kenya,0,42
C03001,2023-03-03,Paid Ads,Kenya,1,52
C03002,02-19-2023,Email,Kenya,1,29
C03003,06/07/2024,Organic,Tanzania,1,64
C03004,19/04/2023,Paid Ads,Rwanda,1,43
C03005,2023-03-27,Paid Ads,Rwanda,0,
C03006,2024-05-28,Email,Tanzania,1,22
C03007,2023-07-14,Referral,Rwanda,1,36
C03008,24/01/2023,Organic,Tanzania,0,44
C03009,01/01/2023,Paid Ads,Uganda,1,55
C03010,02/06/2023,Organic,Uganda,1,46
C03011,2024-05-23,Paid Ads,Rwanda,1,29
C03012,04-18-2024,Organic,Uganda,0,36
C03013,04-26-2023,Organic,Uganda,0,26
C03014,2023-04-13,Organic,Uganda,1,35
C03015,29/04/2023,Paid Ads,Kenya,1,46
C03016,2023-02-04,Organic,Uganda,0,20
C03017,08-11-2024,Email,Kenya,1,40
C03018,12/08/2024,Paid Ads,Tanzania,0,47
C03019,05/10/2023,Organic,Tanzania,1,63
C03020,18/02/2024,Email,Tanzania,1,41
C03021,2023-12-28,Organic,Tanzania,1,54
C03022,13/02/2024,Paid Ads,Tanzania,1,54
C03023,2023-06-06,Paid Ads,Uganda,1,21
C03024,2024-01-05,Organic,Uganda,0,45
C03025,2024-04-19,Organic,Uganda,1,33
C03026,01-05-2024,Organic,Tanzania,0,30
C03027,11/07/2024,Referral,Tanzania,1,25
C03028,01-13-2024,Paid Ads,Kenya,1,
C03029,13/01/2024,Paid Ads,Rwanda,0,42
C03030,06-10-2023,Paid Ads,Uganda,1,19
C03031,05-20-2023,Organic,Rwanda,1,47
C03032,04-07-2023,Paid Ads,Tanzania,1,57
C03033,03-16-2024,Email,Tanzania,1,20
C03034,2023-05-21,Organic,Tanzania,1,40
C03035,12-25-2023,Organic,Rwanda,0,46
C03036,2024-06-24,Organic,Kenya,0,58
C03037,2023-05-10,Paid Ads,Tanzania,1,47
C03038,02/06/2024,Referral,Kenya,1,28
C03039,2023-10-28,Organic,Kenya,1,38
C03040,06-19-2024,Paid Ads,Uganda,1,44
C03041,05-23-2023,Organic,Rwanda,1,41
C03042,16/05/2023,Referral,Tanzania,0,48
C03043,2023-08-01,Organic,Kenya,1,47
C03044,2023-07-19,Paid Ads,Rwanda,1,18
C03045,31/01/2023,Email,Rwanda,0,18
C03046,04-26-2024,Email,Tanzania,1,25
C03047,21/07/2023,Paid Ads,Uganda,0,
C03048,2023-09-18,Organic,Uganda,1,59
C03049,2023-09-19,Organic,Kenya,1,51
C03050,15/04/2023,Organic,Uganda,0,33
C03051,27/05/2024,Organic,Uganda,1,44
C03052,03-29-2023,Paid Ads,Uganda,0,21
C03053,24/06/2023,Organic,Rwanda,0,36
C03054,2023-09-15,Organic,Tanzania,1,46
C03055,04-02-2023,Paid Ads,Rwanda,1,58
C03056,06-23-2023,Referral,Rwanda,1,20
C03057,10-17-2023,Paid Ads,Tanzania,0,28
C03058,2023-02-25,Organic,Rwanda,1,25
C03059,09-20-2023,Organic,Kenya,1,56
C03060,2024-03-14,Referral,Kenya,1,50
C03061,2024-01-05,Organic,Rwanda,1,25
C03062,26/02/2023,Organic,Uganda,0,42
C03063,20/04/2024,Paid Ads,Rwanda,0,41
C03064,08/08/2023,Paid Ads,Uganda,0,43
C03065,12-23-2023,Paid Ads,Rwanda,1,43
C03066,09-15-2023,Organic,Kenya,1,34
C03067,2023-06-30,Organic,Uganda,1,44
C03068,01-17-2023,Referral,Kenya,1,46
C03069,10-09-2023,Organic,Rwanda,1,60
C03070,2024-08-20,Paid Ads,Tanzania,0,56
C03071,10/08/2023,Email,Uganda,0,26
C03072,16/09/2023,Paid Ads,Uganda,0,31
C03073,10/02/2023,Organic,Rwanda,0,22
C03074,12/10/2023,Organic,Rwanda,0,47
C03075,09-12-2023,Paid Ads,Uganda,1,45
C03076,15/02/2024,Email,Tanzania,0,62
C03077,08-19-2023,Referral,Rwanda,1,54
C03078,2023-12-25,Organic,Rwanda,1,25
C03079,16/04/2023,Organic,Rwanda,1,32
C03080,08-18-2023,Referral,Tanzania,1,45
C03081,2023-02-22,Email,Uganda,1,53
C03082,2024-02-10,Email,Kenya,1,50
C03083,2023-05-19,Organic,Rwanda,1,23
C03084,05-06-2024,Paid Ads,Tanzania,0,29
C03085,01-15-2024,Email,Uganda,0,24
C03086,2023-09-22,Paid Ads,Uganda,1,62
C03087,2023-05-09,Paid Ads,Tanzania,1,45
C03088,05/11/2023,Organic,Rwanda,1,24
C03089,2024-01-07,Paid Ads,Kenya,1,58
C03090,2023-03-01,Organic,Rwanda,1,18
C03091,2023-07-20,Paid Ads,Uganda,0,41
C03092,20/06/2024,Referral,Kenya,1,62
C03093,2023-12-12,Organic,Rwanda,1,36
C03094,08-24-2023,Email,Kenya,1,49
C03095,01-31-2023,Organic,Tanzania,1,47
C03096,2023-12-17,Paid Ads,Rwanda,1,18
C03097,13/04/2023,Referral,Uganda,1,49
C03098,09-28-2023,Organic,Uganda,0,37
C03099,02-10-2023,Organic,Kenya,1,38
C03100,12-07-2023,Paid Ads,Tanzania,1,36
C03101,07/10/2023,Organic,Rwanda,1,47
C03102,2023-08-11,Email,Tanzania,1,45
C03103,09/07/2023,Referral,Tanzania,1,49
C03104,2024-02-25,Paid Ads,Kenya,1,47
C03105,24/05/2024,Organic,Kenya,1,40
C03106,18/10/2023,Paid Ads,Rwanda,1,44
C03107,11/01/2024,Email,Uganda,1,54
C03108,2023-06-08,Organic,Rwanda,1,43
C03109,28/05/2023,Paid Ads,Tanzania,1,20
C03110,08-01-2023,Paid Ads,Kenya,1,48
C03111,07-23-2024,Paid Ads,Tanzania,1,19
C03112,2024-07-27,Organic,Kenya,1,27
C03113,2024-05-08,Email,Uganda,1,55
C03114,19/07/2024,Organic,Tanzania,1,36
C03115,2024-07-18,Organic,Kenya,1,48
C03116,2023-09-23,Email,Rwanda,1,46
C03117,2023-02-07,Email,Rwanda,1,42
C03118,04-11-2023,Organic,Rwanda,0,49
C03119,2023-04-19,Organic,Tanzania,1,34
C03120,2024-07-20,Organic,Kenya,0,62
C03121,2023-10-29,Organic,Kenya,0,40
C03122,08-10-2023,Organic,Kenya,0,35
C03123,02-10-2023,Organic,Tanzania,1,28
C03124,2024-02-29,Paid Ads,Kenya,1,37
C03125,2023-10-06,Email,Uganda,1,30
C03126,09-18-2023,Paid Ads,Tanzania,1,41
C03127,10-31-2023,Paid Ads,Uganda,1,60
C03128,03-10-2024,Organic,Uganda,0,37
C03129,19/11/2023,Referral,Rwanda,1,59
C03130,02-09-2023,Email,Tanzania,1,45
C03131,05/10/2023,Email,Kenya,1,52
C03132,08-08-2024,Email,Uganda,1,38
C03133,03-31-2024,Referral,Tanzania,1,23
C03134,07-12-2023,Paid Ads,Kenya,1,24
C03135,04-11-2023,Organic,Rwanda,1,46
C03136,03-27-2023,Paid Ads,Tanzania,1,40
C03137,20/09/2023,Email,Tanzania,0,22
C03138,01/01/2023,Email,Tanzania,0,39
C03139,2023-03-14,Paid Ads,Kenya,1,26
C03140,2023-04-05,Organic,Uganda,0,49
C03141,11/05/2023,Organic,Uganda,1,27
C03142,09-10-2023,Referral,Tanzania,1,63
C03143,08-20-2024,Paid Ads,Tanzania,1,60
C03144,2024-05-12,Paid Ads,Kenya,1,45
C03145,2023-04-19,Organic,Rwanda,1,28
C03146,04-22-2024,Organic,Tanzania,1,24
C03147,01-04-2024,Email,Tanzania,1,47
C03148,07/05/2024,Paid Ads,Rwanda,1,60
C03149,2024-03-09,Email,Tanzania,1,62
C03150,03-25-2024,Paid Ads,Uganda,1,55
C03151,07/07/2024,Paid Ads,Tanzania,1,51
C03152,06-27-2023,Organic,Uganda,0,63
C03153,07/11/2023,Email,Kenya,1,45
C03154,30/07/2023,Paid Ads,Kenya,1,49
C03155,2024-05-27,Paid Ads,Uganda,1,33
C03156,15/01/2024,Paid Ads,Uganda,1,56
C03157,01-14-2023,Referral,Rwanda,1,18
C03158,27/10/2023,Organic,Uganda,1,51
C03159,06/10/2023,Email,Uganda,1,58
C03160,09-16-2023,Organic,Tanzania,1,40
C03161,02-25-2024,Paid Ads,Rwanda,1,37
C03162,2023-10-10,Organic,Uganda,1,35
C03163,05-24-2024,Organic,Uganda,0,35
C03164,2023-07-08,Paid Ads,Uganda,1,59
C03165,2024-01-15,Organic,Tanzania,1,57
C03166,07/08/2024,Paid Ads,Tanzania,1,38
C03167,12-05-2023,Referral,Tanzania,0,25
C03168,2024-05-19,Organic,Kenya,1,51
C03169,08-24-2023,Email,Tanzania,1,28
C03170,09/02/2023,Paid Ads,Uganda,1,60
C03171,05-01-2024,Paid Ads,Tanzania,1,60
C03172,2023-09-24,Organic,Tanzania,0,27
C03173,02/02/2024,Organic,Rwanda,1,25
C03174,05-18-2023,Organic,Uganda,1,64
C03175,09-14-2023,Organic,Tanzania,0,25
C03176,06/06/2023,Organic,Kenya,0,36
C03177,2023-09-24,Paid Ads,Rwanda,1,18
C03178,2023-03-15,Email,Tanzania,1,20
C03179,30/04/2024,Email,Rwanda,1,61
C03180,03-04-2023,Paid Ads,Rwanda,1,49
C03181,2023-04-17,Organic,Kenya,0,
C03182,05/09/2023,Organic,Kenya,1,33
C03183,23/01/2023,Organic,Kenya,1,47
C03184,2024-03-28,Organic,Uganda,1,45
C03185,26/01/2023,Paid Ads,Rwanda,1,45
C03186,02-10-2023,Paid Ads,Tanzania,1,33
C03187,14/08/2024,Organic,Kenya,1,58
C03188,01-21-2024,Organic,Kenya,1,50
C03189,2023-02-01,Email,Rwanda,1,42
C03190,01-31-2024,Email,Rwanda,0,35
C03191,01/11/2023,Organic,Rwanda,1,43
C03192,2023-05-18,Referral,Tanzania,1,23
C03193,2024-01-17,Referral,Uganda,1,55
C03194,02-21-2024,Organic,Uganda,1,61
C03195,10/08/2024,Organic,Kenya,1,20
C03196,2023-06-18,Paid Ads,Uganda,1,60
C03197,2023-08-07,Referral,Tanzania,1,23
C03198,2024-04-26,Email,Uganda,1,31
C03199,2023-06-10,Organic,Tanzania,1,35
C03200,2023-04-17,Organic,Kenya,1,33
C03201,2023-08-07,Paid Ads,Rwanda,0,41
C03202,11/02/2024,Paid Ads,Tanzania,1,30
C03203,2023-03-21,Organic,Rwanda,0,18
C03204,2023-12-09,Email,Kenya,0,55
C03205,09-27-2023,Paid Ads,Tanzania,1,31
C03206,2023-12-16,Email,Tanzania,1,34
C03207,16/06/2024,Email,Uganda,1,30
C03208,03-07-2023,Email,Tanzania,1,30
C03209,2023-08-10,Paid Ads,Kenya,1,26
C03210,01/08/2024,Paid Ads,Rwanda,1,23
C03211,03-01-2023,Organic,Tanzania,1,23
C03212,09/04/2023,Paid Ads,Kenya,1,47
C03213,2023-04-18,Organic,Kenya,1,54
C03214,19/10/2023,Paid Ads,Tanzania,1,63
C03215,09/01/2024,Organic,Uganda,1,31
C03216,2023-04-27,Organic,Tanzania,1,21
C03217,05-17-2023,Organic,Tanzania,1,51
C03218,13/03/2023,Organic,Uganda,1,19
C03219,2023-04-11,Email,Kenya,1,34
C03220,2024-02-12,Email,Tanzania,1,59
C03221,05-27-2023,Paid Ads,Uganda,1,31
C03222,2023-03-25,Organic,Rwanda,1,34
C03223,01-27-2023,Organic,Rwanda,0,47
C03224,2023-02-22,Organic,Uganda,0,60
C03225,2024-02-05,Organic,Kenya,1,46
C03226,2024-02-11,Email,Uganda,1,24
C03227,2023-03-27,Organic,Kenya,1,26
C03228,03-13-2023,Organic,Rwanda,1,63
C03229,04-12-2023,Organic,Tanzania,1,40
C03230,03-21-2024,Organic,Uganda,1,53
C03231,06/06/2023,Paid Ads,Rwanda,1,31
C03232,12-07-2023,Paid Ads,Tanzania,1,37
C03233,2023-09-05,Organic,Rwanda,1,34
C03234,01-29-2023,Organic,Uganda,1,49
C03235,2024-03-24,Organic,Uganda,1,42
C03236,15/12/2023,Organic,Tanzania,1,47
C03237,04/08/2024,Organic,Uganda,1,44
C03238,2023-12-06,Referral,Rwanda,1,44
C03239,07-22-2023,Paid Ads,Tanzania,1,63
C03240,2024-03-28,Paid Ads,Tanzania,1,48
C03241,2024-05-13,Paid Ads,Rwanda,1,62
C03242,2023-10-03,Paid Ads,Kenya,1,43
C03243,16/10/2023,Paid Ads,Tanzania,1,31
C03244,23/02/2024,Paid Ads,Kenya,1,
C03245,2024-04-08,Email,Rwanda,1,38
C03246,2024-04-12,Organic,Rwanda,1,45
C03247,07-26-2024,Paid Ads,Tanzania,1,32
C03248,09-17-2023,Paid Ads,Uganda,1,47
C03249,26/03/2024,Email,Tanzania,1,42
C03250,2024-05-22,Paid Ads,Uganda,1,28
C03251,05-01-2024,Paid Ads,Kenya,1,61
C03252,14/07/2024,Organic,Uganda,1,28
C03253,07-04-2023,Paid Ads,Tanzania,1,45
C03254,08-22-2024,Organic,Uganda,1,22
C03255,2024-07-05,Organic,Rwanda,0,45
C03256,05-28-2024,Organic,Kenya,1,25
C03257,05-30-2024,Paid Ads,Rwanda,1,43
C03258,02-10-2023,Organic,Rwanda,1,23
C03259,02-07-2024,Organic,Rwanda,1,49
C03260,2023-03-11,Email,Rwanda,1,
C03261,05-05-2023,Organic,Uganda,1,49
C03262,02/04/2024,Paid Ads,Rwanda,1,29
C03263,25/03/2024,Paid Ads,Uganda,1,23
C03264,08-03-2024,Organic,Rwanda,0,30
C03265,2023-04-23,Email,Tanzania,1,56
C03266,10-22-2023,Organic,Rwanda,1,57
C03267,11-17-2023,Paid Ads,Tanzania,1,61
C03268,2023-08-26,Paid Ads,Uganda,1,51
C03269,10-20-2023,Paid Ads,Kenya,1,40
C03270,02/01/2024,Paid Ads,Uganda,1,58
C03271,07-11-2023,Organic,Kenya,1,62
C03272,2023-09-11,Organic,Kenya,1,34
C03273,22/03/2023,Email,Rwanda,1,62
C03274,2024-06-03,Paid Ads,Kenya,1,
C03275,03-28-2024,Email,Uganda,1,18
C03276,23/04/2024,Email,Rwanda,1,24
C03277,2023-07-06,Email,Kenya,1,30
C03278,07/04/2023,Paid Ads,Uganda,1,31
C03279,2023-08-06,Organic,Kenya,1,34
C03280,04-21-2024,Email,Kenya,1,47
C03281,02-23-2024,Paid Ads,Rwanda,0,
C03282,2024-02-25,Organic,Rwanda,1,64
C03283,2024-05-25,Email,Uganda,1,51
C03284,07-30-2024,Email,Rwanda,1,44
C03285,2024-01-09,Paid Ads,Rwanda,0,42
C03286,2023-05-30,Organic,Tanzania,1,61
C03287,16/05/2024,Organic,Tanzania,1,52
C03288,2023-01-02,Email,Uganda,0,26
C03289,10/05/2023,Referral,Rwanda,0,23
C03290,2023-04-05,Organic,Uganda,1,43
C03291,25/07/2023,Organic,Tanzania,0,55
C03292,11/03/2023,Email,Tanzania,1,56
C03293,2023-08-03,Organic,Tanzania,1,44
C03294,02-22-2023,Paid Ads,Uganda,1,57
C03295,2024-07-27,Referral,Rwanda,0,48
C03296,11-04-2023,Organic,Kenya,1,20
C03297,2024-08-16,Paid Ads,Rwanda,1,41
C03298,2023-06-29,Organic,Uganda,0,32
C03299,08-21-2024,Organic,Tanzania,1,23
C03300,10/09/2023,Email,Kenya,1,28
C03301,2023-03-19,Paid Ads,Uganda,1,47
C03302,2023-09-19,Referral,Tanzania,1,52
C03303,24/03/2024,Paid Ads,Uganda,1,
C03304,2023-09-10,Organic,Kenya,0,55
C03305,01-18-2024,Organic,Tanzania,1,60
C03306,2023-07-31,Organic,Rwanda,1,57
C03307,2023-08-31,Organic,Uganda,1,46
C03308,2024-04-25,Organic,Kenya,1,40
C03309,03-14-2024,Organic,Rwanda,1,59
C03310,2024-07-07,Paid Ads,Kenya,1,59
C03311,03-26-2023,Email,Uganda,1,20
C03312,17/01/2023,Paid Ads,Kenya,0,43
C03313,03-12-2023,Email,Tanzania,1,31
C03314,2023-06-11,Organic,Kenya,1,36
C03315,04-27-2023,Organic,Uganda,0,38
C03316,20/08/2024,Paid Ads,Tanzania,1,38
C03317,2023-06-27,Paid Ads,Kenya,1,26
C03318,07/07/2023,Organic,Kenya,0,30
C03319,06-03-2023,Email,Tanzania,1,58
C03320,02-14-2024,Email,Rwanda,1,61
C03321,2023-10-04,Paid Ads,Rwanda,1,63
C03322,2023-03-07,Organic,Tanzania,1,54
C03323,18/03/2024,Email,Kenya,1,55
C03324,28/06/2023,Paid Ads,Rwanda,1,62
C03325,2023-01-23,Email,Tanzania,1,62
C03326,2024-03-23,Email,Uganda,1,41
C03327,03-09-2024,Email,Kenya,1,55
C03328,2024-05-01,Paid Ads,Uganda,1,63
C03329,28/12/2023,Organic,Kenya,1,28
C03330,04-02-2023,Paid Ads,Rwanda,1,46
C03331,2024-05-26,Paid Ads,Uganda,1,62
C03332,22/01/2024,Email,Uganda,1,61
C03333,01-21-2023,Organic,Tanzania,1,
C03334,2023-11-16,Organic,Rwanda,1,55
C03335,03-31-2024,Email,Rwanda,1,58
C03336,09-09-2023,Email,Kenya,0,34
C03337,2024-05-22,Referral,Tanzania,1,
C03338,09/08/2024,Email,Tanzania,1,43
C03339,03/11/2023,Paid Ads,Kenya,1,43
C03340,2024-07-27,Paid Ads,Uganda,1,29
C03341,2023-02-02,Email,Kenya,1,35
C03342,2023-10-21,Paid Ads,Kenya,1,26
C03343,08-23-2024,Paid Ads,Kenya,0,20
C03344,09/01/2023,Organic,Tanzania,1,27
C03345,23/08/2024,Paid Ads,Kenya,1,60
C03346,03/04/2023,Email,Kenya,0,19
C03347,12/07/2024,Organic,Kenya,1,25
C03348,13/08/2023,Organic,Rwanda,1,60
C03349,2024-01-11,Organic,Uganda,0,35
C03350,11/08/2023,Organic,Uganda,1,56
C03351,01-31-2024,Organic,Uganda,1,48
C03352,2024-08-01,Paid Ads,Uganda,0,31
C03353,01/11/2023,Referral,Tanzania,1,56
C03354,2023-04-08,Paid Ads,Tanzania,0,50
C03355,2023-01-23,Organic,Kenya,1,46
C03356,06/07/2023,Organic,Tanzania,1,61
C03357,17/07/2024,Paid Ads,Uganda,1,50
C03358,01-03-2024,Organic,Rwanda,1,52
C03359,2023-09-22,Email,Kenya,1,19
C03360,06-08-2023,Paid Ads,Kenya,1,52
C03361,04-16-2024,Email,Uganda,1,49
C03362,2024-07-20,Organic,Uganda,1,53
C03363,20/02/2024,Paid Ads,Uganda,1,63
C03364,18/06/2024,Organic,Tanzania,1,40
C03365,06-06-2024,Referral,Kenya,1,22
C03366,15/06/2023,Paid Ads,Uganda,1,64
C03367,2023-04-17,Organic,Rwanda,0,33
C03368,2023-12-24,Organic,Kenya,1,57
C03369,01-22-2024,Organic,Kenya,1,41
C03370,2024-03-08,Paid Ads,Tanzania,0,57
C03371,05-17-2023,Organic,Kenya,1,45
C03372,03-30-2024,Paid Ads,Uganda,1,42
C03373,08-24-2023,Organic,Uganda,1,24
C03374,05-23-2023,Paid Ads,Rwanda,0,55
C03375,07-12-2024,Email,Kenya,1,24
C03376,2023-11-17,Email,Kenya,0,39
C03377,07-04-2024,Email,Tanzania,0,39
C03378,01-03-2023,Organic,Uganda,1,44
C03379,08-20-2023,Organic,Rwanda,1,50
C03380,2023-11-20,Paid Ads,Uganda,1,62
C03381,14/03/2023,Organic,Kenya,1,49
C03382,01-10-2023,Paid Ads,Kenya,1,56
C03383,28/01/2024,Organic,Rwanda,0,49
C03384,02-11-2023,Organic,Kenya,1,18
C03385,22/01/2023,Organic,Rwanda,1,27
C03386,25/01/2023,Email,Rwanda,1,62
C03387,2023-01-07,Organic,Uganda,1,21
C03388,2024-03-03,Paid Ads,Rwanda,1,46
C03389,08-15-2024,Organic,Kenya,1,24
C03390,2024-08-10,Paid Ads,Tanzania,1,55
C03391,02-22-2023,Organic,Tanzania,1,23
C03392,03-12-2023,Email,Kenya,0,28
C03393,06-13-2024,Email,Tanzania,1,26
C03394,04/04/2023,Organic,Tanzania,1,47
C03395,05/10/2023,Referral,Rwanda,1,39
C03396,2023-09-12,Referral,Tanzania,1,56
C03397,04-22-2024,Email,Tanzania,1,26
C03398,27/02/2024,Email,Tanzania,1,55
C03399,04-14-2024,Organic,Uganda,0,63
C03400,12/12/2023,Paid Ads,Kenya,1,50
C03401,2023-08-25,Organic,Rwanda,1,43
C03402,08-06-2023,Organic,Tanzania,1,33
C03403,01-05-2023,Referral,Kenya,0,26
C03404,06/07/2023,Organic,Tanzania,1,40
C03405,23/04/2023,Email,Uganda,1,32
C03406,31/01/2023,Email,Uganda,1,36
C03407,01-22-2024,Email,Tanzania,0,59
C03408,12/01/2024,Referral,Tanzania,0,33
C03409,08-12-2024,Organic,Tanzania,1,42
C03410,03-15-2023,Organic,Uganda,1,52
C03411,06-15-2024,Paid Ads,Uganda,1,30
C03412,09-26-2023,Organic,Kenya,0,63
C03413,11-28-2023,Organic,Rwanda,0,24
C03414,2023-04-12,Organic,Rwanda,0,51
C03415,11/10/2023,Email,Uganda,0,31
C03416,01/11/2023,Paid Ads,Rwanda,0,40
C03417,07/08/2023,Organic,Tanzania,1,40
C03418,25/10/2023,Paid Ads,Kenya,0,34
C03419,01-08-2023,Organic,Uganda,1,30
C03420,23/10/2023,Organic,Uganda,0,44
C03421,2024-07-19,Email,Rwanda,1,19
C03422,2023-09-09,Paid Ads,Tanzania,1,54
C03423,27/11/2023,Email,Kenya,1,47
C03424,07-16-2023,Organic,Rwanda,1,21
C03425,01-07-2024,Email,Uganda,1,47
C03426,23/10/2023,Paid Ads,Uganda,1,20
C03427,25/04/2023,Paid Ads,Rwanda,1,31
C03428,24/12/2023,Paid Ads,Tanzania,1,28
C03429,12-05-2023,Email,Kenya,1,57
C03430,2024-06-21,Paid Ads,Kenya,1,40
C03431,2023-07-07,Paid Ads,Kenya,0,58
C03432,05-13-2024,Referral,Kenya,1,
C03433,03/01/2023,Email,Tanzania,1,49
C03434,04/06/2023,Paid Ads,Uganda,1,20
C03435,2023-02-28,Email,Uganda,1,59
C03436,2023-01-28,Organic,Kenya,1,18
C03437,05-30-2023,Organic,Kenya,1,26
C03438,17/02/2024,Paid Ads,Kenya,1,
C03439,12-15-2023,Referral,Rwanda,1,26
C03440,28/06/2023,Referral,Rwanda,1,29
C03441,21/10/2023,Organic,Uganda,1,18
C03442,14/06/2023,Paid Ads,Uganda,1,33
C03443,07/11/2023,Organic,Kenya,0,47
C03444,2023-08-13,Referral,Rwanda,1,25
C03445,02-02-2023,Referral,Tanzania,1,63
C03446,2023-03-05,Paid Ads,Rwanda,1,63
C03447,18/07/2023,Email,Uganda,1,27
C03448,06-09-2023,Email,Rwanda,1,50
C03449,01-07-2023,Paid Ads,Uganda,1,55
C03450,2024-03-15,Organic,Kenya,1,58
C03451,31/12/2023,Paid Ads,Tanzania,1,39
C03452,02-26-2024,Paid Ads,Kenya,1,33
C03453,2023-05-06,Paid Ads,Kenya,1,36
C03454,13/07/2023,Organic,Tanzania,1,28
C03455,2024-05-25,Referral,Tanzania,0,28
C03456,2023-08-06,Organic,Tanzania,1,31
C03457,26/06/2024,Paid Ads,Uganda,1,56
C03458,15/12/2023,Paid Ads,Kenya,1,43
C03459,11/01/2023,Paid Ads,Uganda,1,61
C03460,02-13-2023,Paid Ads,Tanzania,1,37
C03461,11-30-2023,Organic,Uganda,1,37
C03462,2024-05-09,Organic,Tanzania,0,22
C03463,05-08-2024,Paid Ads,Rwanda,1,18
C03464,19/06/2023,Paid Ads,Tanzania,1,28
C03465,01-13-2023,Organic,Kenya,1,64
C03466,2023-08-16,Email,Kenya,0,27
C03467,14/03/2023,Paid Ads,Kenya,1,64
C03468,05-17-2023,Paid Ads,Uganda,1,45
C03469,2023-02-12,Email,Kenya,1,62
C03470,04-30-2024,Organic,Tanzania,1,64
C03471,12-01-2023,Organic,Rwanda,1,51
C03472,2024-06-13,Email,Kenya,0,30
C03473,03-10-2024,Paid Ads,Uganda,1,61
C03474,22/01/2024,Paid Ads,Rwanda,1,42
C03475,2023-02-09,Email,Kenya,0,40
C03476,11-27-2023,Email,Kenya,1,53
C03477,09/07/2024,Referral,Rwanda,1,29
C03478,03/09/2023,Paid Ads,Kenya,1,64
C03479,2024-03-07,Paid Ads,Uganda,1,62
C03480,03/05/2024,Paid Ads,Tanzania,1,19
C03481,2023-02-07,Organic,Tanzania,1,37
C03482,26/01/2023,Paid Ads,Rwanda,0,33
C03483,14/03/2024,Organic,Tanzania,0,31
C03484,07/08/2023,Referral,Kenya,1,19
C03485,08/04/2023,Paid Ads,Kenya,1,33
C03486,03/11/2023,Paid Ads,Uganda,1,21
C03487,09-18-2023,Organic,Tanzania,1,60
C03488,2023-05-31,Organic,Rwanda,1,30
C03489,2023-01-20,Organic,Kenya,1,55
C03490,18/07/2024,Paid Ads,Rwanda,1,18
C03491,2024-02-05,Organic,Kenya,0,26
C03492,07-22-2023,Paid Ads,Kenya,1,38
C03493,06/05/2023,Email,Uganda,1,35
C03494,26/01/2024,Email,Tanzania,1,60
C03495,2023-12-04,Paid Ads,Uganda,1,49
C03496,02-13-2024,Organic,Tanzania,0,63
C03497,17/11/2023,Email,Rwanda,0,51
C03498,07-04-2024,Email,Tanzania,1,37
C03499,14/06/2024,Organic,Rwanda,1,60
C03500,07/09/2023,Email,Kenya,1,19
C03501,2024-01-22,Organic,Rwanda,1,21
C03502,06/06/2023,Email,Rwanda,1,62
C03503,19/04/2023,Referral,Kenya,1,55
C03504,02/05/2024,Organic,Rwanda,1,24
C03505,01-19-2023,Email,Rwanda,1,39
C03506,26/09/2023,Paid Ads,Kenya,1,37
C03507,22/07/2024,Referral,Kenya,1,52
C03508,2023-04-12,Paid Ads,Kenya,1,21
C03509,05-18-2024,Email,Tanzania,1,37
C03510,2024-02-20,Organic,Kenya,1,52
C03511,28/03/2024,Organic,Kenya,1,50
C03512,05/01/2023,Organic,Rwanda,1,38
C03513,02-25-2024,Referral,Uganda,0,62
C03514,01/02/2023,Email,Uganda,0,31
C03515,15/06/2023,Email,Tanzania,0,48
C03516,22/05/2024,Referral,Tanzania,1,39
C03517,2023-08-05,Organic,Uganda,1,
C03518,07-25-2024,Organic,Uganda,1,47
C03519,11/09/2023,Organic,Kenya,1,46
C03520,07-02-2023,Organic,Rwanda,1,53
C03521,2023-08-28,Organic,Kenya,1,59
C03522,2024-03-08,Paid Ads,Tanzania,1,46
C03523,2023-11-09,Organic,Uganda,1,24
C03524,22/03/2023,Organic,Tanzania,0,49
C03525,01-05-2024,Organic,Kenya,1,30
C03526,26/03/2023,Organic,Tanzania,0,30
C03527,2023-10-10,Referral,Tanzania,1,31
C03528,07/12/2023,Email,Rwanda,1,23
C03529,12-29-2023,Referral,Tanzania,1,33
C03530,2023-02-11,Paid Ads,Kenya,1,58
C03531,01-08-2023,Organic,Rwanda,1,
C03532,02-22-2023,Email,Tanzania,1,38
C03533,2023-04-17,Organic,Kenya,1,61
C03534,07/06/2024,Organic,Uganda,1,33
C03535,2024-07-26,Organic,Rwanda,1,22
C03536,09/03/2024,Organic,Tanzania,1,41
C03537,03-08-2024,Organic,Tanzania,1,60
C03538,26/04/2024,Organic,Rwanda,0,18
C03539,2024-02-22,Paid Ads,Kenya,1,27
C03540,2024-03-02,Organic,Tanzania,1,60
C03541,10-06-2023,Organic,Kenya,1,64
C03542,20/01/2023,Email,Rwanda,0,52
C03543,03/07/2023,Organic,Tanzania,1,48
C03544,08-09-2023,Organic,Uganda,1,32
C03545,02/03/2023,Email,Uganda,1,28
C03546,2024-07-29,Organic,Uganda,1,26
C03547,25/04/2024,Organic,Rwanda,1,19
C03548,30/10/2023,Paid Ads,Tanzania,1,61
C03549,07/06/2023,Organic,Rwanda,0,47
C03550,07-23-2024,Paid Ads,Tanzania,1,33
C03551,2023-02-12,Email,Uganda,0,
C03552,2023-08-31,Organic,Uganda,0,18
C03553,03/08/2024,Paid Ads,Kenya,1,
C03554,14/10/2023,Paid Ads,Rwanda,1,23
C03555,07-18-2024,Organic,Rwanda,1,63
C03556,2023-02-14,Paid Ads,Kenya,0,28
C03557,11/04/2024,Organic,Uganda,1,50
C03558,29/05/2023,Paid Ads,Uganda,1,34
C03559,09-21-2023,Organic,Rwanda,1,51
C03560,03-14-2024,Paid Ads,Tanzania,0,63
C03561,2023-03-05,Organic,Uganda,1,57
C03562,05-23-2023,Email,Kenya,1,42
C03563,12-10-2023,Organic,Kenya,1,39
C03564,2023-12-20,Paid Ads,Kenya,1,43
C03565,16/08/2023,Paid Ads,Rwanda,1,44
C03566,26/03/2023,Email,Rwanda,0,55
C03567,05-07-2023,Paid Ads,Rwanda,1,26
C03568,17/06/2023,Paid Ads,Rwanda,1,54
C03569,07/04/2024,Email,Kenya,1,22
C03570,11-11-2023,Email,Kenya,1,35
C03571,2023-05-08,Organic,Rwanda,1,39
C03572,2024-06-26,Paid Ads,Rwanda,1,63
C03573,14/06/2024,Email,Kenya,1,29
C03574,07-21-2023,Referral,Rwanda,1,61
C03575,06-22-2024,Email,Rwanda,1,39
C03576,02/07/2024,Organic,Rwanda,1,23
C03577,13/08/2024,Organic,Rwanda,1,53
C03578,2023-10-11,Paid Ads,Uganda,1,44
C03579,02-19-2024,Email,Rwanda,1,64
C03580,08-03-2024,Paid Ads,Kenya,1,32
C03581,2024-05-23,Paid Ads,Kenya,1,34
C03582,07/03/2023,Email,Kenya,1,20
C03583,28/06/2023,Organic,Kenya,1,27
C03584,10/04/2024,Email,Rwanda,0,42
C03585,08/08/2024,Paid Ads,Uganda,1,38
C03586,2023-08-01,Organic,Tanzania,1,57
C03587,07/06/2024,Paid Ads,Tanzania,1,26
C03588,03/11/2023,Email,Tanzania,1,41
C03589,09-14-2023,Organic,Tanzania,1,49
C03590,07-18-2023,Organic,Kenya,1,20
C03591,02-13-2023,Referral,Rwanda,1,50
C03592,10/08/2024,Organic,Rwanda,1,60
C03593,2023-09-13,Paid Ads,Tanzania,1,62
C03594,06-12-2024,Paid Ads,Tanzania,1,29
C03595,2023-09-06,Paid Ads,Uganda,1,46
C03596,21/05/2024,Paid Ads,Uganda,0,38
C03597,02-28-2024,Organic,Uganda,1,56
C03598,02-03-2024,Paid Ads,Kenya,1,51
C03599,2023-05-15,Organic,Rwanda,1,50
C03600,03-14-2024,Paid Ads,Kenya,1,49
C03601,28/01/2024,Organic,Kenya,1,37
C03602,06-12-2024,Paid Ads,Rwanda,1,20
C03603,05-01-2023,Organic,Uganda,1,21
C03604,2023-12-07,Organic,Rwanda,1,34
C03605,2023-09-02,Organic,Tanzania,1,34
C03606,17/02/2024,Organic,Uganda,1,36
C03607,13/02/2024,Email,Rwanda,0,21
C03608,22/03/2024,Organic,Kenya,1,46
C03609,05-09-2024,Referral,Rwanda,0,34
C03610,10-06-2023,Referral,Uganda,1,39
C03611,2023-07-03,Paid Ads,Tanzania,0,19
C03612,28/10/2023,Organic,Kenya,1,59
C03613,20/09/2023,Organic,Tanzania,1,29
C03614,17/01/2024,Email,Tanzania,1,62
C03615,03-03-2023,Organic,Kenya,1,28
C03616,2024-01-26,Organic,Rwanda,1,57
C03617,30/01/2024,Paid Ads,Rwanda,1,46
C03618,11/03/2024,Email,Tanzania,0,37
C03619,03-20-2024,Email,Rwanda,1,22
C03620,2023-07-09,Organic,Uganda,1,42
C03621,10-08-2023,Paid Ads,Tanzania,1,51
C03622,2023-08-06,Organic,Tanzania,1,29
C03623,2023-04-16,Organic,Tanzania,1,45
C03624,15/05/2023,Email,Uganda,1,51
C03625,2023-10-24,Organic,Tanzania,0,23
C03626,2024-02-12,Organic,Rwanda,1,36
C03627,01/12/2023,Organic,Rwanda,1,29
C03628,2024-07-07,Email,Rwanda,1,42
C03629,19/06/2023,Email,Rwanda,0,30
C03630,2023-10-04,Paid Ads,Tanzania,1,34
C03631,2023-01-30,Email,Uganda,0,29
C03632,30/11/2023,Organic,Kenya,1,20
C03633,2024-05-28,Paid Ads,Rwanda,1,41
C03634,06-06-2024,Organic,Kenya,1,25
C03635,19/12/2023,Organic,Kenya,1,
C03636,2023-03-23,Paid Ads,Tanzania,1,53
C03637,05-07-2023,Referral,Rwanda,1,43
C03638,2024-01-25,Organic,Rwanda,1,62
C03639,14/04/2023,Organic,Rwanda,0,25
C03640,2023-12-05,Organic,Kenya,0,49
C03641,03-09-2024,Organic,Rwanda,0,49
C03642,04-22-2024,Referral,Rwanda,0,18
C03643,06-03-2023,Paid Ads,Uganda,1,20
C03644,19/01/2024,Paid Ads,Tanzania,1,18
C03645,2024-03-06,Email,Rwanda,0,32
C03646,10-20-2023,Organic,Rwanda,1,37
C03647,2023-08-03,Paid Ads,Tanzania,1,20
C03648,2023-11-23,Paid Ads,Tanzania,1,32
C03649,14/07/2024,Paid Ads,Kenya,1,54
C03650,02/11/2023,Referral,Kenya,1,38
C03651,07/02/2024,Email,Kenya,1,59
C03652,12/06/2023,Organic,Tanzania,1,56
C03653,06-18-2024,Email,Uganda,0,40
C03654,2023-07-09,Organic,Rwanda,1,57
C03655,08-03-2023,Organic,Tanzania,1,52
C03656,07-27-2024,Organic,Uganda,1,35
C03657,08-16-2024,Organic,Tanzania,0,34
C03658,2023-07-03,Paid Ads,Uganda,1,48
C03659,19/01/2023,Paid Ads,Tanzania,1,
C03660,10/01/2024,Referral,Tanzania,0,43
C03661,2023-12-06,Paid Ads,Uganda,1,39
C03662,21/06/2023,Paid Ads,Uganda,0,62
C03663,12/05/2023,Organic,Uganda,1,53
C03664,2023-04-29,Organic,Uganda,1,52
C03665,02-17-2023,Paid Ads,Uganda,1,28
C03666,03/09/2023,Paid Ads,Uganda,1,44
C03667,2024-03-06,Email,Uganda,1,51
C03668,2023-07-13,Organic,Uganda,0,35
C03669,2023-07-15,Organic,Tanzania,0,44
C03670,03-24-2023,Paid Ads,Uganda,0,21
C03671,09/03/2024,Organic,Uganda,1,34
C03672,02-25-2024,Organic,Tanzania,0,23
C03673,22/08/2024,Email,Tanzania,1,59
C03674,2023-04-29,Organic,Kenya,0,28
C03675,31/03/2024,Paid Ads,Kenya,1,22
C03676,09-04-2023,Organic,Uganda,1,35
C03677,03/05/2024,Organic,Uganda,0,42
C03678,07-20-2024,Organic,Kenya,0,27
C03679,06/06/2024,Email,Kenya,1,58
C03680,15/10/2023,Organic,Rwanda,1,33
C03681,04-20-2024,Email,Rwanda,1,27
C03682,04-11-2023,Organic,Uganda,1,27
C03683,23/03/2024,Email,Rwanda,1,53
C03684,25/02/2023,Organic,Kenya,1,38
C03685,25/12/2023,Paid Ads,Uganda,1,31
C03686,08-18-2024,Paid Ads,Tanzania,1,25
C03687,10-01-2023,Referral,Tanzania,1,18
C03688,06/08/2023,Organic,Kenya,1,33
C03689,03-26-2023,Organic,Rwanda,1,43
C03690,2023-12-30,Organic,Tanzania,1,59
C03691,2023-01-04,Email,Rwanda,1,23
C03692,17/10/2023,Paid Ads,Tanzania,1,56
C03693,2023-12-16,Email,Rwanda,1,19
C03694,07-31-2024,Organic,Tanzania,1,26
C03695,12/05/2023,Organic,Tanzania,1,22
C03696,2024-08-15,Organic,Uganda,1,57
C03697,2023-04-07,Referral,Uganda,0,22
C03698,2023-05-19,Paid Ads,Kenya,1,64
C03699,04/11/2023,Referral,Tanzania,1,25
C03700,2023-09-07,Organic,Rwanda,1,22
C03701,2023-09-05,Paid Ads,Tanzania,1,22
C03702,02-22-2023,Paid Ads,Rwanda,0,34
C03703,23/12/2023,Organic,Rwanda,1,26
C03704,2023-02-22,Email,Tanzania,1,51
C03705,05-22-2023,Referral,Rwanda,1,50
C03706,02-20-2023,Email,Kenya,1,39
C03707,02-13-2024,Email,Uganda,1,38
C03708,2023-06-28,Organic,Rwanda,0,60
C03709,20/03/2023,Organic,Tanzania,0,32
C03710,2023-10-18,Referral,Uganda,1,18
C03711,03-28-2024,Organic,Kenya,0,24
C03712,2023-05-12,Email,Rwanda,1,40
C03713,03-04-2024,Email,Rwanda,0,64
C03714,26/04/2023,Paid Ads,Uganda,0,23
C03715,11/10/2023,Referral,Rwanda,1,37
C03716,05/08/2024,Organic,Tanzania,1,43
C03717,2023-02-15,Organic,Uganda,1,59
C03718,2024-06-09,Organic,Uganda,1,29
C03719,08-19-2023,Paid Ads,Rwanda,1,30
C03720,10/04/2023,Organic,Kenya,0,64
C03721,2024-01-17,Organic,Kenya,0,30
C03722,2023-12-12,Email,Kenya,1,19
C03723,11/11/2023,Referral,Kenya,0,49
C03724,2023-05-28,Organic,Uganda,0,48
C03725,2024-06-04,Organic,Uganda,1,28
C03726,20/10/2023,Referral,Rwanda,1,54
C03727,04-21-2024,Organic,Kenya,1,21
C03728,08-23-2024,Organic,Kenya,1,51
C03729,2023-02-13,Organic,Rwanda,1,33
C03730,2023-02-16,Paid Ads,Rwanda,1,48
C03731,2023-09-28,Organic,Rwanda,0,42
C03732,2023-05-18,Referral,Tanzania,0,56
C03733,2024-04-05,Paid Ads,Rwanda,1,25
C03734,05-22-2023,Paid Ads,Rwanda,0,25
C03735,07-30-2024,Organic,Tanzania,1,51
C03736,09/05/2024,Paid Ads,Kenya,0,32
C03737,07-17-2024,Paid Ads,Uganda,1,22
C03738,04-02-2023,Email,Kenya,1,36
C03739,2024-04-07,Email,Uganda,0,27
C03740,2024-05-20,Paid Ads,Uganda,1,26
C03741,08-01-2023,Referral,Rwanda,1,46
C03742,13/09/2023,Email,Rwanda,1,57
C03743,24/03/2023,Email,Tanzania,1,54
C03744,2023-07-06,Organic,Kenya,0,36
C03745,05/05/2023,Organic,Kenya,1,30
C03746,10-18-2023,Organic,Uganda,0,63
C03747,11-02-2023,Paid Ads,Rwanda,1,57
C03748,07-08-2023,Paid Ads,Rwanda,1,33
C03749,25/04/2023,Paid Ads,Kenya,1,47
C03750,2023-06-23,Email,Tanzania,1,22
C03751,06-02-2023,Email,Rwanda,1,50
C03752,07-08-2024,Referral,Tanzania,1,36
C03753,08-14-2024,Organic,Kenya,1,36
C03754,22/02/2024,Paid Ads,Kenya,1,34
C03755,04-13-2024,Organic,Tanzania,1,41
C03756,17/12/2023,Organic,Rwanda,1,45
C03757,2023-05-09,Organic,Kenya,1,59
C03758,17/04/2024,Organic,Uganda,1,54
C03759,2024-06-13,Paid Ads,Kenya,1,39
C03760,09-19-2023,Email,Rwanda,1,56
C03761,08-19-2024,Organic,Uganda,1,33
C03762,24/11/2023,Email,Kenya,1,52
C03763,2023-07-19,Paid Ads,Rwanda,1,44
C03764,28/07/2024,Organic,Rwanda,1,29
C03765,14/02/2024,Paid Ads,Kenya,0,63
C03766,09-20-2023,Organic,Rwanda,1,45
C03767,11-01-2023,Paid Ads,Tanzania,1,18
C03768,2023-07-13,Paid Ads,Uganda,1,56
C03769,2024-02-13,Organic,Tanzania,1,35
C03770,2024-06-19,Organic,Kenya,0,40
C03771,23/01/2023,Paid Ads,Tanzania,1,39
C03772,01/05/2024,Referral,Kenya,1,21
C03773,2023-11-25,Organic,Kenya,1,
C03774,06-02-2024,Email,Rwanda,1,28
C03775,2023-01-13,Paid Ads,Rwanda,1,35
C03776,11/03/2023,Referral,Kenya,1,
C03777,03-20-2024,Email,Uganda,1,24
C03778,01-14-2024,Paid Ads,Uganda,1,38
C03779,11-14-2023,Paid Ads,Uganda,0,52
C03780,2023-02-17,Email,Tanzania,0,54
C03781,12-14-2023,Organic,Kenya,1,47
C03782,01/03/2024,Organic,Rwanda,1,34
C03783,2023-01-21,Organic,Tanzania,1,50
C03784,08-18-2024,Email,Tanzania,1,33
C03785,09-22-2023,Email,Rwanda,0,32
C03786,2023-01-15,Organic,Kenya,1,30
C03787,2023-11-10,Paid Ads,Tanzania,1,56
C03788,09/02/2024,Paid Ads,Kenya,0,20
C03789,2023-01-11,Organic,Kenya,0,41
C03790,10/07/2024,Referral,Kenya,1,40
C03791,2023-11-24,Organic,Rwanda,1,62
C03792,16/04/2023,Organic,Kenya,1,
C03793,11-30-2023,Paid Ads,Tanzania,1,18
C03794,11/10/2023,Email,Rwanda,0,49
C03795,20/04/2023,Organic,Rwanda,1,50
C03796,27/04/2023,Paid Ads,Tanzania,1,
C03797,18/03/2023,Paid Ads,Rwanda,1,47
C03798,2023-02-02,Organic,Tanzania,0,19
C03799,11-02-2023,Organic,Uganda,0,35
C03800,2023-05-23,Paid Ads,Tanzania,0,47
C03801,03/05/2023,Organic,Rwanda,1,35
C03802,11-16-2023,Referral,Tanzania,0,22
C03803,04-01-2024,Email,Uganda,1,22
C03804,29/08/2023,Referral,Kenya,1,25
C03805,2023-02-16,Organic,Kenya,1,26
C03806,2023-09-08,Referral,Kenya,0,49
C03807,13/08/2024,Paid Ads,Rwanda,0,31
C03808,03/04/2024,Organic,Uganda,1,30
C03809,06/01/2024,Organic,Tanzania,1,35
C03810,07-18-2024,Organic,Tanzania,0,21
C03811,2024-04-21,Paid Ads,Tanzania,1,39
C03812,2023-06-12,Paid Ads,Tanzania,0,37
C03813,04/11/2023,Organic,Rwanda,1,32
C03814,13/04/2023,Paid Ads,Rwanda,1,24
C03815,05-26-2023,Organic,Uganda,1,30
C03816,03-27-2024,Paid Ads,Tanzania,1,51
C03817,05-20-2023,Organic,Kenya,1,58
C03818,09-01-2023,Email,Rwanda,1,47
C03819,04-17-2024,Email,Uganda,1,22
C03820,03/05/2023,Paid Ads,Uganda,1,18
C03821,2023-12-28,Organic,Rwanda,0,48
C03822,25/04/2023,Organic,Kenya,1,37
C03823,16/07/2023,Email,Kenya,1,36
C03824,09/05/2023,Organic,Tanzania,0,46
C03825,07/07/2024,Organic,Rwanda,1,62
C03826,2023-08-16,Organic,Kenya,1,55
C03827,07-26-2023,Paid Ads,Rwanda,1,27
C03828,08-30-2023,Paid Ads,Uganda,0,46
C03829,04/07/2024,Email,Uganda,0,48
C03830,01-14-2023,Organic,Uganda,1,28
C03831,02/01/2024,Organic,Rwanda,0,40
C03832,01/03/2024,Email,Tanzania,1,47
C03833,07-07-2023,Email,Tanzania,1,42
C03834,07/05/2023,Organic,Kenya,0,33
C03835,2024-08-16,Paid Ads,Rwanda,1,40
C03836,07-22-2023,Organic,Tanzania,0,50
C03837,04-05-2024,Referral,Rwanda,1,54
C03838,11-20-2023,Organic,Tanzania,1,45
C03839,09-24-2023,Referral,Uganda,0,44
C03840,11-01-2023,Paid Ads,Uganda,1,23
C03841,2023-03-10,Paid Ads,Kenya,0,55
C03842,07-12-2023,Organic,Uganda,0,54
C03843,05-01-2023,Paid Ads,Tanzania,0,23
C03844,06-17-2023,Paid Ads,Kenya,1,42
C03845,2023-02-18,Organic,Kenya,1,30
C03846,10/12/2023,Paid Ads,Uganda,0,50
C03847,20/04/2024,Referral,Rwanda,1,50
C03848,2023-02-14,Paid Ads,Uganda,1,42
C03849,18/05/2023,Email,Uganda,0,31
C03850,31/01/2023,Organic,Kenya,1,57
C03851,2023-11-26,Paid Ads,Uganda,0,58
C03852,08-31-2023,Organic,Tanzania,1,59
C03853,05/02/2023,Paid Ads,Kenya,1,55
C03854,2023-05-29,Referral,Uganda,1,26
C03855,10/01/2023,Paid Ads,Rwanda,1,35
C03856,03/07/2023,Organic,Tanzania,1,32
C03857,05-10-2024,Organic,Rwanda,1,21
C03858,15/12/2023,Paid Ads,Tanzania,0,51
C03859,10/10/2023,Paid Ads,Rwanda,1,55
C03860,29/06/2024,Email,Uganda,1,34
C03861,01/12/2023,Email,Tanzania,1,24
C03862,2023-10-30,Paid Ads,Kenya,1,49
C03863,22/01/2023,Organic,Kenya,1,40
C03864,2023-01-08,Organic,Rwanda,1,37
C03865,2023-01-25,Organic,Rwanda,1,64
C03866,2023-07-06,Organic,Rwanda,1,19
C03867,2023-10-15,Paid Ads,Tanzania,1,38
C03868,2024-08-09,Paid Ads,Kenya,1,29
C03869,03/11/2023,Paid Ads,Uganda,1,59
C03870,01-01-2024,Organic,Tanzania,1,44
C03871,03-13-2024,Organic,Rwanda,1,
C03872,09-20-2023,Organic,Kenya,1,27
C03873,2023-12-19,Organic,Rwanda,1,25
C03874,2023-03-18,Email,Uganda,1,38
C03875,2023-02-22,Organic,Uganda,0,39
C03876,2023-11-28,Paid Ads,Kenya,0,30
C03877,29/07/2024,Organic,Tanzania,1,
C03878,08/02/2023,Email,Uganda,0,57
C03879,2024-06-07,Paid Ads,Uganda,1,29
C03880,19/05/2023,Organic,Uganda,1,34
C03881,2023-07-20,Paid Ads,Uganda,1,
C03882,25/01/2024,Email,Rwanda,1,26
C03883,06-28-2024,Referral,Rwanda,1,57
C03884,2023-07-13,Organic,Tanzania,1,29
C03885,03-22-2023,Email,Kenya,0,26
C03886,30/01/2023,Referral,Kenya,1,47
C03887,12/02/2024,Referral,Kenya,1,23
C03888,2023-08-05,Paid Ads,Uganda,1,42
C03889,2023-08-06,Paid Ads,Rwanda,0,45
C03890,2024-03-06,Paid Ads,Rwanda,1,27
C03891,09-09-2023,Email,Tanzania,1,58
C03892,10-23-2023,Paid Ads,Kenya,1,45
C03893,08/02/2023,Paid Ads,Rwanda,1,46
C03894,2023-03-27,Paid Ads,Tanzania,1,53
C03895,2024-07-15,Email,Kenya,1,28
C03896,29/05/2024,Email,Uganda,1,38
C03897,2024-08-15,Organic,Rwanda,1,55
C03898,20/03/2024,Email,Rwanda,1,43
C03899,15/10/2023,Paid Ads,Kenya,1,35
C03900,12/09/2023,Email,Uganda,1,21
C03901,27/11/2023,Paid Ads,Uganda,1,61
C03902,01-29-2023,Organic,Rwanda,1,58
C03903,17/04/2023,Referral,Kenya,0,32
C03904,2024-04-06,Organic,Tanzania,1,40
C03905,03-18-2024,Email,Rwanda,1,58
C03906,03-20-2023,Paid Ads,Uganda,1,23
C03907,09-28-2023,Paid Ads,Tanzania,0,60
C03908,2023-11-11,Organic,Kenya,1,24
C03909,08-03-2024,Paid Ads,Uganda,1,63
C03910,19/12/2023,Organic,Tanzania,1,
C03911,03-28-2024,Organic,Rwanda,1,32
C03912,2023-05-18,Organic,Uganda,1,26
C03913,01-08-2024,Organic,Kenya,0,47
C03914,17/03/2023,Referral,Uganda,1,61
C03915,17/05/2024,Referral,Rwanda,1,60
C03916,29/06/2023,Organic,Kenya,1,45
C03917,05/06/2024,Email,Rwanda,1,47
C03918,10/06/2023,Organic,Tanzania,0,25
C03919,16/03/2023,Paid Ads,Uganda,1,52
C03920,2024-02-08,Email,Rwanda,0,52
C03921,08-11-2023,Referral,Tanzania,1,43
C03922,2024-05-02,Paid Ads,Kenya,1,47
C03923,09-19-2023,Email,Kenya,1,52
C03924,04/07/2023,Organic,Tanzania,1,55
C03925,10-01-2023,Referral,Tanzania,1,28
C03926,17/05/2023,Organic,Kenya,1,37
C03927,08-03-2024,Paid Ads,Rwanda,1,63
C03928,2023-10-08,Paid Ads,Tanzania,1,48
C03929,2023-03-09,Paid Ads,Rwanda,1,51
C03930,24/12/2023,Organic,Kenya,1,29
C03931,21/04/2024,Referral,Rwanda,1,
C03932,25/07/2024,Organic,Rwanda,0,45
C03933,2023-05-19,Paid Ads,Tanzania,1,20
C03934,07-20-2024,Organic,Rwanda,1,
C03935,2023-04-12,Organic,Rwanda,1,59
C03936,08-15-2023,Paid Ads,Rwanda,1,22
C03937,09/09/2023,Paid Ads,Kenya,1,30
C03938,08-30-2023,Organic,Kenya,0,29
C03939,04-22-2023,Organic,Uganda,1,18
C03940,07/06/2024,Paid Ads,Kenya,1,60
C03941,02-19-2023,Email,Kenya,1,36
C03942,05/12/2023,Email,Uganda,1,46
C03943,19/02/2023,Organic,Uganda,1,64
C03944,21/09/2023,Organic,Tanzania,0,
C03945,12-23-2023,Organic,Tanzania,1,56
C03946,2024-01-26,Organic,Kenya,0,59
C03947,11/11/2023,Paid Ads,Rwanda,1,42
C03948,25/05/2024,Paid Ads,Tanzania,1,33
C03949,07/05/2024,Organic,Tanzania,1,34
C03950,07-02-2023,Organic,Kenya,1,45
C03951,2024-08-18,Organic,Rwanda,0,56
C03952,10-26-2023,Email,Uganda,1,60
C03953,2023-03-01,Referral,Uganda,0,22
C03954,02-15-2023,Organic,Kenya,1,18
C03955,2023-10-20,Organic,Kenya,1,20
C03956,07/06/2024,Email,Rwanda,0,
C03957,01/08/2024,Referral,Kenya,1,41
C03958,2024-06-10,Paid Ads,Kenya,0,46
C03959,2024-06-03,Organic,Kenya,1,32
C03960,31/05/2023,Organic,Rwanda,0,21
C03961,2023-10-24,Paid Ads,Kenya,1,61
C03962,03-19-2023,Organic,Tanzania,1,18
C03963,2024-04-19,Organic,Rwanda,1,32
C03964,2023-08-08,Paid Ads,Tanzania,1,41
C03965,26/11/2023,Organic,Rwanda,1,48
C03966,2023-12-17,Email,Tanzania,1,37
C03967,29/06/2024,Organic,Rwanda,1,27
C03968,2024-07-09,Organic,Uganda,1,28
C03969,12/03/2023,Paid Ads,Kenya,1,35
C03970,25/10/2023,Organic,Kenya,1,51
C03971,2023-03-19,Referral,Rwanda,1,45
C03972,04-11-2023,Paid Ads,Tanzania,1,55
C03973,2023-09-02,Organic,Uganda,1,33
C03974,08-06-2024,Email,Tanzania,1,41
C03975,01-13-2024,Organic,Kenya,1,56
C03976,2023-10-20,Referral,Kenya,0,29
C03977,11-27-2023,Organic,Tanzania,1,59
C03978,01/08/2024,Paid Ads,Rwanda,1,24
C03979,2023-06-15,Organic,Rwanda,1,53
C03980,06-30-2024,Paid Ads,Tanzania,1,34
C03981,07-17-2023,Email,Kenya,0,21
C03982,04-27-2023,Email,Tanzania,0,54
C03983,04-08-2024,Organic,Kenya,1,50
C03984,02-26-2023,Organic,Tanzania,1,36
C03985,05/08/2023,Email,Rwanda,1,43
C03986,25/01/2023,Referral,Uganda,1,28
C03987,14/11/2023,Organic,Kenya,0,48
C03988,26/03/2024,Paid Ads,Uganda,1,18
C03989,15/07/2023,Organic,Rwanda,1,57
C03990,14/03/2024,Email,Tanzania,1,53
C03991,24/09/2023,Organic,Rwanda,1,46
C03992,07-30-2024,Organic,Uganda,1,42
C03993,2023-01-03,Email,Rwanda,0,64
C03994,04-15-2023,Organic,Rwanda,1,35
C03995,10-02-2023,Paid Ads,Tanzania,0,20
C03996,17/02/2024,Paid Ads,Uganda,1,35
C03997,25/03/2023,Organic,Uganda,1,24
C03998,02-17-2023,Organic,Uganda,1,45
C03999,12/07/2023,Paid Ads,Kenya,1,34
C04000,2024-01-21,Organic,Rwanda,0,42
C04001,2024-04-13,Paid Ads,Uganda,1,35
C04002,2023-01-16,Email,Rwanda,1,57
C04003,2023-09-07,Email,Tanzania,1,60
C04004,10/01/2024,Organic,Tanzania,1,20
C04005,2023-09-21,Organic,Kenya,1,42
C04006,21/04/2024,Organic,Kenya,1,24
C04007,18/01/2023,Organic,Tanzania,1,64
C04008,06-07-2024,Paid Ads,Uganda,1,27
C04009,2023-08-24,Paid Ads,Tanzania,1,61
C04010,2024-07-15,Organic,Rwanda,1,61
C04011,03-10-2024,Organic,Kenya,1,36
C04012,27/05/2023,Organic,Kenya,1,32
C04013,11-02-2023,Paid Ads,Tanzania,1,38
C04014,2023-08-31,Organic,Uganda,1,38
C04015,2024-07-06,Paid Ads,Uganda,1,54
C04016,11/03/2023,Organic,Rwanda,1,45
C04017,10/08/2024,Email,Kenya,1,62
C04018,2023-10-16,Email,Tanzania,1,49
C04019,07-15-2023,Organic,Tanzania,1,58
C04020,10/07/2024,Organic,Kenya,1,44
C04021,2023-02-19,Paid Ads,Tanzania,1,40
C04022,04-02-2024,Organic,Kenya,0,27
C04023,29/06/2023,Paid Ads,Uganda,1,57
C04024,2024-01-15,Email,Uganda,0,58
C04025,11-05-2023,Paid Ads,Tanzania,1,23
C04026,2024-08-02,Email,Uganda,1,41
C04027,2023-03-14,Organic,Uganda,1,35
C04028,2023-05-18,Organic,Rwanda,1,27
C04029,2023-04-28,Email,Kenya,1,32
C04030,05-21-2023,Organic,Kenya,1,62
C04031,04/01/2023,Paid Ads,Tanzania,0,60
C04032,05/05/2024,Organic,Kenya,1,51
C04033,2024-02-14,Organic,Rwanda,0,25
C04034,2024-08-16,Referral,Tanzania,1,52
C04035,05-04-2023,Organic,Tanzania,1,44
C04036,09-24-2023,Referral,Kenya,1,42
C04037,11-13-2023,Referral,Uganda,1,20
C04038,2023-08-21,Email,Uganda,1,38
C04039,29/04/2024,Paid Ads,Uganda,0,56
C04040,07/01/2024,Paid Ads,Uganda,1,49
C04041,2024-06-19,Email,Rwanda,1,38
C04042,2024-06-22,Organic,Tanzania,1,26
C04043,01-08-2024,Paid Ads,Uganda,1,18
C04044,2023-01-10,Paid Ads,Rwanda,1,21
C04045,06/06/2023,Paid Ads,Tanzania,1,21
C04046,06-10-2024,Paid Ads,Kenya,1,43
C04047,05-02-2023,Organic,Kenya,1,51
C04048,24/06/2023,Paid Ads,Rwanda,1,44
C04049,2024-02-06,Email,Tanzania,1,32
C04050,09/01/2023,Organic,Uganda,1,62
C04051,05-31-2023,Referral,Tanzania,1,49
C04052,31/12/2023,Paid Ads,Uganda,1,58
C04053,02/11/2023,Email,Rwanda,0,24
C04054,01-03-2023,Paid Ads,Uganda,0,61
C04055,2024-07-02,Email,Rwanda,1,61
C04056,06-22-2023,Organic,Tanzania,0,31
C04057,18/02/2024,Email,Tanzania,1,40
C04058,2023-07-31,Organic,Uganda,1,64
C04059,2023-11-14,Email,Tanzania,1,18
C04060,08-03-2023,Referral,Uganda,0,49
C04061,05-16-2024,Organic,Tanzania,1,58
C04062,03-16-2024,Organic,Kenya,0,43
C04063,2023-05-24,Email,Uganda,0,
C04064,02-13-2023,Organic,Rwanda,1,26
C04065,14/08/2023,Email,Kenya,1,33
C04066,02/01/2023,Organic,Rwanda,1,48
C04067,2023-02-27,Organic,Tanzania,1,19
C04068,26/03/2023,Referral,Kenya,1,49
C04069,10-15-2023,Paid Ads,Tanzania,1,27
C04070,14/11/2023,Email,Uganda,1,42
C04071,11-08-2023,Organic,Rwanda,1,35
C04072,2024-04-21,Paid Ads,Tanzania,1,62
C04073,22/02/2023,Paid Ads,Rwanda,1,51
C04074,06-11-2023,Paid Ads,Rwanda,1,46
C04075,11/03/2024,Paid Ads,Tanzania,1,62
C04076,29/04/2023,Paid Ads,Uganda,1,41
C04077,2024-05-20,Paid Ads,Rwanda,0,20
C04078,20/02/2023,Organic,Tanzania,1,32
C04079,02-03-2024,Email,Uganda,1,20
C04080,2024-02-18,Organic,Tanzania,0,48
C04081,07-11-2024,Paid Ads,Uganda,1,27
C04082,10-05-2023,Organic,Rwanda,1,55
C04083,11-01-2023,Paid Ads,Kenya,1,39
C04084,22/01/2023,Email,Tanzania,0,31
C04085,04/02/2023,Organic,Rwanda,0,26
C04086,2023-12-09,Organic,Tanzania,1,35
C04087,16/08/2023,Organic,Tanzania,1,25
C04088,2024-08-15,Paid Ads,Uganda,0,55
C04089,10-14-2023,Email,Tanzania,1,32
C04090,02-06-2023,Organic,Uganda,1,63
C04091,06-09-2023,Email,Rwanda,1,32
C04092,02-11-2023,Organic,Tanzania,1,23
C04093,19/05/2024,Paid Ads,Rwanda,1,29
C04094,03/02/2023,Referral,Kenya,1,59
C04095,2024-05-15,Organic,Rwanda,1,36
C04096,12-18-2023,Paid Ads,Tanzania,1,57
C04097,02-09-2024,Organic,Kenya,1,22
C04098,2023-12-11,Organic,Uganda,1,44
C04099,24/06/2024,Organic,Kenya,1,27
C04100,23/03/2023,Organic,Tanzania,1,60
C04101,01-28-2024,Paid Ads,Tanzania,0,63
C04102,08-15-2024,Paid Ads,Rwanda,1,31
C04103,09-18-2023,Paid Ads,Uganda,1,51
C04104,07-12-2023,Organic,Tanzania,1,32
C04105,2023-04-23,Organic,Tanzania,1,46
C04106,02-21-2023,Paid Ads,Uganda,1,43
C04107,03-12-2024,Referral,Uganda,1,44
C04108,07/06/2023,Organic,Rwanda,1,20
C04109,21/06/2024,Email,Kenya,0,20
C04110,12/06/2023,Paid Ads,Uganda,1,52
C04111,14/09/2023,Paid Ads,Tanzania,1,52
C04112,16/12/2023,Paid Ads,Uganda,1,23
C04113,2023-09-26,Organic,Tanzania,1,31
C04114,2023-07-02,Organic,Rwanda,1,43
C04115,2024-04-12,Paid Ads,Kenya,1,20
C04116,2023-10-27,Organic,Rwanda,1,50
C04117,2024-02-27,Referral,Uganda,1,59
C04118,2023-12-16,Paid Ads,Tanzania,1,30
C04119,07/05/2023,Organic,Uganda,1,46
C04120,09/11/2023,Email,Uganda,0,26
C04121,2024-01-02,Organic,Uganda,1,49
C04122,2023-10-10,Paid Ads,Uganda,1,39
C04123,25/08/2023,Paid Ads,Kenya,1,39
C04124,29/03/2023,Referral,Tanzania,0,51
C04125,08-14-2024,Email,Uganda,0,27
C04126,2024-02-16,Paid Ads,Tanzania,1,42
C04127,16/11/2023,Paid Ads,Kenya,0,29
C04128,2024-05-16,Referral,Tanzania,1,20
C04129,02-09-2024,Organic,Tanzania,0,36
C04130,11-20-2023,Organic,Kenya,1,50
C04131,29/03/2023,Organic,Uganda,1,64
C04132,2023-10-01,Organic,Tanzania,1,43
C04133,02-03-2023,Paid Ads,Rwanda,1,30
C04134,2023-05-18,Paid Ads,Tanzania,1,24
C04135,10/05/2024,Paid Ads,Uganda,1,51
C04136,06/06/2023,Organic,Rwanda,1,39
C04137,2023-05-04,Email,Uganda,1,37
C04138,2023-10-24,Organic,Tanzania,1,60
C04139,17/03/2024,Paid Ads,Kenya,0,40
C04140,2023-11-13,Paid Ads,Uganda,0,
C04141,2023-06-26,Organic,Uganda,0,31
C04142,2023-06-20,Organic,Kenya,1,47
C04143,2023-08-16,Organic,Tanzania,1,40
C04144,2024-05-30,Email,Uganda,1,64
C04145,2024-02-26,Referral,Tanzania,1,36
C04146,2023-01-11,Paid Ads,Tanzania,1,56
C04147,06-04-2023,Organic,Tanzania,1,58
C04148,2023-07-21,Paid Ads,Kenya,0,53
C04149,03/06/2023,Email,Tanzania,1,23
C04150,22/07/2023,Email,Tanzania,0,40
C04151,07/07/2023,Organic,Rwanda,1,27
C04152,2024-08-21,Organic,Rwanda,1,52
C04153,07/03/2024,Email,Rwanda,1,38
C04154,08-23-2023,Organic,Uganda,1,49
C04155,2024-03-28,Organic,Uganda,0,47
C04156,2023-06-01,Organic,Rwanda,1,50
C04157,2023-01-02,Paid Ads,Kenya,1,23
C04158,2023-06-11,Email,Kenya,1,22
C04159,2023-08-31,Referral,Rwanda,1,32
C04160,2023-11-12,Paid Ads,Uganda,1,60
C04161,19/03/2023,Paid Ads,Uganda,1,42
C04162,23/05/2024,Organic,Kenya,1,30
C04163,2023-05-22,Paid Ads,Tanzania,1,23
C04164,10-24-2023,Organic,Kenya,1,54
C04165,11-07-2023,Paid Ads,Tanzania,0,19
C04166,02-20-2023,Organic,Uganda,1,34
C04167,27/04/2024,Organic,Uganda,1,41
C04168,20/04/2024,Organic,Rwanda,1,29
C04169,27/06/2023,Organic,Uganda,1,61
C04170,2023-09-09,Organic,Tanzania,1,31
C04171,2023-05-07,Organic,Kenya,1,24
C04172,09/02/2023,Referral,Rwanda,0,43
C04173,20/03/2023,Paid Ads,Tanzania,1,49
C04174,10/01/2024,Paid Ads,Kenya,1,46
C04175,01-31-2024,Email,Kenya,1,63
C04176,10/06/2023,Referral,Kenya,1,56
C04177,17/04/2023,Paid Ads,Uganda,1,26
C04178,2023-06-28,Email,Kenya,1,31
C04179,2024-05-04,Organic,Uganda,1,34
C04180,20/09/2023,Organic,Kenya,1,42
C04181,2023-11-19,Paid Ads,Kenya,0,47
C04182,23/05/2023,Paid Ads,Uganda,1,62
C04183,06-07-2024,Paid Ads,Uganda,0,46
C04184,06/08/2023,Organic,Tanzania,0,46
C04185,04-19-2023,Organic,Kenya,0,35
C04186,06-08-2023,Paid Ads,Uganda,1,48
C04187,2024-01-26,Organic,Tanzania,0,36
C04188,06-22-2023,Paid Ads,Tanzania,1,34
C04189,2024-08-04,Paid Ads,Uganda,1,23
C04190,29/02/2024,Email,Kenya,1,29
C04191,08-27-2023,Email,Tanzania,1,55
C04192,02/03/2024,Email,Kenya,0,20
C04193,25/06/2024,Paid Ads,Kenya,1,64
C04194,2024-07-23,Email,Tanzania,1,52
C04195,27/11/2023,Paid Ads,Uganda,1,64
C04196,21/07/2023,Organic,Kenya,0,50
C04197,12-15-2023,Organic,Rwanda,1,46
C04198,07-24-2023,Organic,Uganda,1,20
C04199,01/10/2023,Paid Ads,Tanzania,1,22
C04200,08-13-2023,Paid Ads,Rwanda,1,31
C04201,2023-03-03,Email,Kenya,1,53
C04202,09/03/2023,Organic,Uganda,1,45
C04203,07/05/2024,Organic,Rwanda,0,58
C04204,04-30-2024,Referral,Uganda,1,49
C04205,03-02-2023,Organic,Kenya,1,35
C04206,07-29-2023,Paid Ads,Uganda,1,59
C04207,2023-10-04,Paid Ads,Rwanda,0,57
C04208,09/03/2024,Paid Ads,Uganda,0,30
C04209,18/03/2024,Organic,Tanzania,1,19
C04210,06/02/2024,Organic,Tanzania,0,42
C04211,2024-08-07,Organic,Rwanda,1,37
C04212,2024-05-23,Paid Ads,Uganda,1,24
C04213,02/03/2023,Paid Ads,Rwanda,1,28
C04214,02-22-2024,Organic,Uganda,1,22
C04215,02-18-2023,Paid Ads,Kenya,1,46
C04216,12/04/2024,Email,Tanzania,1,35
C04217,2023-03-09,Organic,Kenya,0,25
C04218,01-02-2023,Paid Ads,Uganda,1,44
C04219,2024-01-06,Paid Ads,Kenya,1,59
C04220,02/04/2024,Organic,Rwanda,1,19
C04221,12/06/2023,Organic,Rwanda,1,52
C04222,07-30-2024,Paid Ads,Uganda,0,43
C04223,25/06/2024,Email,Tanzania,1,40
C04224,03-01-2023,Email,Rwanda,0,22
C04225,2023-01-20,Paid Ads,Tanzania,1,33
C04226,05-26-2023,Email,Uganda,1,59
C04227,15/07/2023,Organic,Tanzania,1,28
C04228,20/04/2023,Paid Ads,Uganda,1,36
C04229,2024-06-08,Paid Ads,Kenya,1,33
C04230,24/01/2023,Organic,Uganda,1,49
C04231,06-12-2023,Email,Kenya,1,29
C04232,07-01-2023,Paid Ads,Uganda,1,19
C04233,18/06/2023,Organic,Rwanda,1,60
C04234,20/02/2023,Referral,Rwanda,1,39
C04235,2024-07-04,Organic,Tanzania,1,43
C04236,01-13-2023,Organic,Uganda,1,50
C04237,08-05-2023,Organic,Uganda,1,41
C04238,02-14-2024,Email,Uganda,1,22
C04239,01-02-2023,Email,Tanzania,0,38
C04240,05-10-2023,Organic,Rwanda,0,63
C04241,07/07/2024,Paid Ads,Uganda,1,35
C04242,2024-02-01,Organic,Tanzania,1,56
C04243,02/03/2024,Email,Uganda,1,22
C04244,2024-08-04,Paid Ads,Kenya,1,25
C04245,22/06/2023,Paid Ads,Uganda,0,38
C04246,11/09/2023,Referral,Kenya,0,64
C04247,25/10/2023,Organic,Tanzania,0,22
C04248,2023-03-28,Organic,Tanzania,1,30
C04249,2023-07-24,Paid Ads,Rwanda,0,36
C04250,2024-03-28,Referral,Uganda,1,46
C04251,2023-01-16,Organic,Tanzania,0,19
C04252,06/01/2023,Organic,Rwanda,1,54
C04253,2024-06-21,Organic,Uganda,1,43
C04254,2023-01-19,Paid Ads,Tanzania,1,46
C04255,2023-07-23,Organic,Kenya,1,22
C04256,21/08/2024,Paid Ads,Tanzania,1,49
C04257,2023-02-05,Referral,Kenya,0,55
C04258,02-20-2023,Paid Ads,Rwanda,1,
C04259,2024-08-21,Organic,Rwanda,1,19
C04260,2023-04-24,Paid Ads,Uganda,1,22
C04261,06-12-2024,Organic,Uganda,1,64
C04262,21/02/2024,Email,Uganda,0,50
C04263,06-10-2023,Paid Ads,Rwanda,1,52
C04264,2023-02-07,Organic,Kenya,1,36
C04265,01-12-2024,Paid Ads,Uganda,0,32
C04266,11-08-2023,Paid Ads,Uganda,0,52
C04267,2023-01-24,Paid Ads,Rwanda,1,25
C04268,28/10/2023,Organic,Kenya,1,64
C04269,04/05/2023,Email,Tanzania,1,18
C04270,2023-04-19,Referral,Uganda,1,55
C04271,13/12/2023,Paid Ads,Tanzania,1,39
C04272,22/01/2024,Referral,Tanzania,0,34
C04273,2023-06-05,Organic,Uganda,1,33
C04274,04-20-2024,Paid Ads,Rwanda,1,62
C04275,2023-06-13,Paid Ads,Uganda,1,18
C04276,04-30-2023,Paid Ads,Kenya,1,20
C04277,15/06/2024,Paid Ads,Kenya,0,23
C04278,16/08/2023,Organic,Uganda,1,20
C04279,12/02/2023,Organic,Tanzania,1,64
C04280,08-21-2023,Organic,Kenya,1,47
C04281,05/07/2023,Organic,Kenya,1,64
C04282,2024-05-08,Email,Uganda,0,28
C04283,25/03/2023,Organic,Uganda,1,44
C04284,30/05/2024,Organic,Rwanda,1,39
C04285,12-01-2023,Paid Ads,Uganda,1,23
C04286,2023-03-05,Paid Ads,Uganda,1,55
C04287,04/12/2023,Email,Kenya,1,58
C04288,11/07/2023,Paid Ads,Kenya,1,63
C04289,11/07/2023,Organic,Kenya,0,48
C04290,24/03/2023,Email,Tanzania,1,60
C04291,2023-12-10,Paid Ads,Kenya,1,23
C04292,22/01/2023,Organic,Kenya,0,37
C04293,22/07/2024,Paid Ads,Uganda,0,64
C04294,16/12/2023,Referral,Rwanda,0,58
C04295,31/10/2023,Organic,Kenya,0,28
C04296,2024-04-22,Organic,Rwanda,1,19
C04297,04/10/2023,Organic,Kenya,1,48
C04298,12/01/2023,Organic,Kenya,1,55
C04299,25/01/2024,Paid Ads,Rwanda,1,43
C04300,09-12-2023,Paid Ads,Uganda,0,44
C04301,2024-08-17,Organic,Kenya,1,63
C04302,07/05/2023,Referral,Rwanda,1,63
C04303,2023-04-18,Email,Kenya,0,48
C04304,2024-03-15,Paid Ads,Tanzania,1,41
C04305,2023-10-15,Email,Tanzania,1,30
C04306,05-19-2024,Organic,Tanzania,1,42
C04307,2023-10-04,Paid Ads,Tanzania,1,54
C04308,15/04/2024,Paid Ads,Uganda,1,58
C04309,02/07/2023,Email,Tanzania,0,42
C04310,17/08/2023,Email,Rwanda,1,46
C04311,05-05-2024,Organic,Kenya,0,48
C04312,26/12/2023,Referral,Rwanda,1,60
C04313,21/05/2024,Organic,Tanzania,1,56
C04314,03-14-2024,Email,Uganda,1,19
C04315,28/06/2023,Referral,Tanzania,1,29
C04316,08-19-2023,Organic,Tanzania,0,22
C04317,22/11/2023,Email,Uganda,1,44
C04318,04-10-2023,Organic,Uganda,0,51
C04319,07-10-2024,Paid Ads,Uganda,0,31
C04320,17/04/2023,Paid Ads,Uganda,0,24
C04321,2023-11-19,Paid Ads,Uganda,1,54
C04322,2023-03-26,Referral,Uganda,0,53
C04323,05/09/2023,Paid Ads,Kenya,1,27
C04324,03-17-2023,Paid Ads,Tanzania,1,46
C04325,2023-07-16,Email,Tanzania,1,33
C04326,2023-08-19,Referral,Uganda,0,55
C04327,04-12-2024,Organic,Rwanda,1,38
C04328,06-06-2024,Referral,Uganda,1,55
C04329,01-20-2023,Organic,Kenya,1,58
C04330,01-10-2023,Email,Rwanda,1,50
C04331,02/04/2023,Organic,Kenya,1,46
C04332,28/12/2023,Organic,Rwanda,0,
C04333,23/03/2023,Paid Ads,Rwanda,1,34
C04334,19/09/2023,Paid Ads,Uganda,0,30
C04335,2024-03-31,Organic,Kenya,1,23
C04336,2023-03-18,Organic,Rwanda,0,19
C04337,29/05/2023,Paid Ads,Kenya,1,25
C04338,03-31-2023,Referral,Uganda,1,49
C04339,2023-04-05,Organic,Uganda,1,53
C04340,2023-03-16,Organic,Uganda,1,26
C04341,05-09-2024,Paid Ads,Uganda,0,40
C04342,2023-07-19,Organic,Tanzania,1,24
C04343,18/04/2023,Email,Rwanda,0,48
C04344,07/07/2024,Email,Tanzania,1,38
C04345,07/02/2024,Paid Ads,Uganda,1,18
C04346,12/04/2023,Organic,Rwanda,1,63
C04347,03/12/2023,Email,Rwanda,1,19
C04348,11/08/2024,Paid Ads,Kenya,1,57
C04349,2023-05-13,Email,Uganda,1,28
C04350,13/04/2024,Paid Ads,Tanzania,0,54
C04351,16/05/2023,Email,Kenya,1,35
C04352,31/05/2024,Paid Ads,Rwanda,1,61
C04353,04-12-2023,Paid Ads,Tanzania,1,41
C04354,08-04-2023,Referral,Uganda,1,36
C04355,03-30-2023,Paid Ads,Tanzania,0,22
C04356,13/03/2024,Paid Ads,Tanzania,0,46
C04357,29/05/2023,Organic,Tanzania,1,56
C04358,2024-06-30,Paid Ads,Kenya,0,19
C04359,11-26-2023,Paid Ads,Rwanda,1,34
C04360,12-01-2023,Organic,Tanzania,1,62
C04361,22/02/2024,Organic,Rwanda,1,28
C04362,11-03-2023,Paid Ads,Kenya,0,54
C04363,03-15-2024,Email,Uganda,1,30
C04364,2024-03-08,Paid Ads,Uganda,1,46
C04365,12-05-2023,Organic,Tanzania,1,49
C04366,25/02/2023,Paid Ads,Kenya,1,62
C04367,2024-05-14,Organic,Uganda,0,57
C04368,02-08-2023,Paid Ads,Kenya,1,60
C04369,2023-12-30,Organic,Kenya,1,25
C04370,2023-07-22,Organic,Tanzania,1,27
C04371,12-30-2023,Organic,Tanzania,1,42
C04372,21/01/2024,Organic,Kenya,1,28
C04373,2024-06-17,Organic,Kenya,1,45
C04374,13/02/2023,Organic,Tanzania,1,50
C04375,07-02-2024,Paid Ads,Kenya,1,56
C04376,2023-04-28,Paid Ads,Tanzania,1,43
C04377,2023-04-22,Organic,Rwanda,1,25
C04378,05-28-2024,Email,Kenya,1,55
C04379,02-01-2024,Organic,Tanzania,1,43
C04380,05-13-2023,Paid Ads,Kenya,1,49
C04381,04/10/2023,Organic,Tanzania,1,63
C04382,10-05-2023,Organic,Kenya,1,45
C04383,08-30-2023,Paid Ads,Uganda,0,24
C04384,10-31-2023,Paid Ads,Uganda,1,52
C04385,04-02-2023,Email,Kenya,0,19
C04386,05-21-2023,Paid Ads,Uganda,0,39
C04387,06-18-2024,Referral,Kenya,1,39
C04388,2024-01-18,Organic,Kenya,1,20
C04389,21/03/2024,Organic,Rwanda,1,63
C04390,08-15-2024,Organic,Rwanda,1,62
C04391,05-12-2024,Organic,Uganda,0,25
C04392,2023-05-04,Paid Ads,Rwanda,1,21
C04393,01-29-2023,Paid Ads,Rwanda,1,32
C04394,2024-08-04,Organic,Kenya,1,61
C04395,02-11-2024,Referral,Tanzania,0,63
C04396,02-23-2024,Email,Kenya,1,56
C04397,2023-05-31,Organic,Rwanda,1,29
C04398,2023-05-28,Organic,Kenya,1,46
C04399,15/04/2023,Organic,Uganda,1,26
C04400,19/10/2023,Organic,Tanzania,1,59
C04401,2024-08-06,Organic,Rwanda,1,57
C04402,01-12-2023,Paid Ads,Rwanda,1,37
C04403,16/08/2024,Organic,Kenya,1,51
C04404,01-28-2024,Organic,Kenya,1,43
C04405,06/07/2024,Referral,Kenya,1,
C04406,03-10-2024,Paid Ads,Kenya,1,38
C04407,2024-04-27,Referral,Rwanda,1,40
C04408,08/06/2024,Organic,Kenya,1,35
C04409,22/11/2023,Organic,Rwanda,1,41
C04410,2023-05-22,Paid Ads,Kenya,1,59
C04411,12/07/2024,Organic,Tanzania,1,46
C04412,2023-02-26,Organic,Tanzania,1,55
C04413,26/10/2023,Paid Ads,Kenya,1,55
C04414,01-03-2023,Paid Ads,Kenya,1,30
C04415,17/05/2023,Paid Ads,Uganda,1,49
C04416,05/06/2024,Paid Ads,Tanzania,1,36
C04417,15/03/2023,Paid Ads,Rwanda,1,34
C04418,04-20-2023,Organic,Tanzania,0,19
C04419,04/07/2023,Organic,Rwanda,1,35
C04420,02/04/2023,Organic,Kenya,1,56
C04421,20/06/2024,Organic,Tanzania,0,44
C04422,19/08/2023,Referral,Tanzania,1,31
C04423,06-18-2023,Paid Ads,Uganda,0,32
C04424,03-07-2024,Email,Uganda,1,25
C04425,2023-08-23,Organic,Tanzania,1,26
C04426,2023-06-04,Organic,Tanzania,1,38
C04427,04/02/2024,Organic,Tanzania,1,60
C04428,11/08/2024,Organic,Rwanda,1,52
C04429,2024-04-30,Organic,Kenya,1,31
C04430,11-05-2023,Email,Uganda,1,44
C04431,06/07/2024,Paid Ads,Kenya,0,25
C04432,04/01/2023,Paid Ads,Uganda,1,52
C04433,18/06/2024,Paid Ads,Uganda,1,35
C04434,05-01-2024,Referral,Uganda,1,31
C04435,15/04/2024,Organic,Tanzania,1,25
C04436,2023-03-27,Organic,Uganda,1,25
C04437,08/04/2024,Organic,Kenya,1,54
C04438,23/01/2024,Email,Uganda,1,61
C04439,2023-03-30,Referral,Kenya,1,19
C04440,12/04/2024,Organic,Uganda,0,34
C04441,2023-07-11,Email,Uganda,1,30
C04442,2023-04-23,Email,Tanzania,1,31
C04443,2024-08-04,Organic,Kenya,1,58
C04444,19/10/2023,Organic,Uganda,1,58
C04445,2024-04-16,Paid Ads,Uganda,1,26
C04446,20/11/2023,Referral,Kenya,1,44
C04447,25/04/2024,Organic,Uganda,0,37
C04448,10-24-2023,Email,Rwanda,1,55
C04449,12/04/2023,Organic,Tanzania,1,29
C04450,2023-04-11,Email,Kenya,1,59
C04451,05-23-2024,Paid Ads,Tanzania,1,39
C04452,13/06/2023,Paid Ads,Rwanda,1,54
C04453,07-28-2023,Email,Rwanda,1,56
C04454,2024-07-30,Email,Rwanda,1,48
C04455,08-19-2024,Email,Kenya,1,30
C04456,2023-05-03,Organic,Rwanda,1,18
C04457,04/02/2023,Paid Ads,Kenya,1,55
C04458,2023-05-16,Organic,Kenya,1,57
C04459,21/06/2023,Paid Ads,Uganda,1,26
C04460,07/06/2024,Paid Ads,Kenya,1,56
C04461,30/04/2023,Paid Ads,Rwanda,1,27
C04462,12/08/2024,Paid Ads,Kenya,1,46
C04463,2023-04-25,Referral,Kenya,1,57
C04464,10/01/2024,Organic,Tanzania,1,47
C04465,06-04-2024,Paid Ads,Rwanda,0,19
C04466,2023-04-10,Organic,Kenya,1,35
C04467,13/03/2023,Organic,Uganda,0,45
C04468,05-02-2023,Organic,Kenya,1,64
C04469,12/07/2024,Referral,Kenya,1,49
C04470,2024-07-25,Email,Tanzania,1,41
C04471,2023-02-24,Referral,Rwanda,1,55
C04472,2023-01-25,Referral,Rwanda,0,31
C04473,2023-07-29,Organic,Uganda,1,42
C04474,2023-05-15,Organic,Uganda,1,42
C04475,08/05/2023,Paid Ads,Uganda,1,49
C04476,2023-02-20,Paid Ads,Kenya,1,44
C04477,2023-09-29,Paid Ads,Kenya,1,49
C04478,2023-09-10,Organic,Uganda,1,48
C04479,19/06/2023,Paid Ads,Rwanda,1,41
C04480,2023-10-25,Paid Ads,Rwanda,0,52
C04481,05/11/2023,Organic,Uganda,1,47
C04482,07-21-2023,Paid Ads,Tanzania,1,50
C04483,2024-06-11,Paid Ads,Rwanda,1,50
C04484,02-24-2024,Paid Ads,Rwanda,0,63
C04485,2024-07-19,Organic,Uganda,1,44
C04486,2023-10-17,Email,Rwanda,1,50
C04487,2023-03-21,Organic,Kenya,0,50
C04488,01-13-2024,Organic,Kenya,1,21
C04489,2023-02-22,Email,Rwanda,1,47
C04490,2023-09-06,Paid Ads,Kenya,1,61
C04491,13/04/2024,Organic,Tanzania,0,32
C04492,2024-04-19,Paid Ads,Rwanda,0,46
C04493,04-15-2023,Paid Ads,Uganda,0,45
C04494,02/05/2023,Email,Kenya,1,49
C04495,21/01/2023,Email,Tanzania,1,53
C04496,2023-05-12,Paid Ads,Tanzania,1,47
C04497,2023-08-08,Paid Ads,Kenya,0,59
C04498,17/05/2023,Organic,Tanzania,0,60
C04499,2023-11-14,Organic,Rwanda,1,55
C04500,20/01/2024,Paid Ads,Tanzania,1,59
C04501,05-10-2024,Paid Ads,Kenya,1,29
C04502,04-11-2023,Paid Ads,Tanzania,1,20
C04503,2024-02-25,Organic,Kenya,1,32
C04504,05-28-2023,Organic,Kenya,1,
C04505,2024-05-06,Paid Ads,Tanzania,1,27
C04506,17/04/2023,Organic,Kenya,1,39
C04507,18/08/2023,Email,Kenya,0,40
C04508,01-29-2024,Organic,Uganda,0,28
C04509,15/09/2023,Paid Ads,Rwanda,0,33
C04510,05/11/2023,Referral,Kenya,1,63
C04511,10/03/2024,Organic,Rwanda,1,33
C04512,23/12/2023,Paid Ads,Uganda,1,31
C04513,23/01/2024,Organic,Uganda,0,23
C04514,2023-05-21,Paid Ads,Uganda,1,59
C04515,03-29-2024,Paid Ads,Uganda,1,34
C04516,2024-04-19,Paid Ads,Rwanda,1,48
C04517,2024-02-02,Paid Ads,Tanzania,0,59
C04518,13/05/2023,Email,Tanzania,1,27
C04519,12/03/2024,Organic,Rwanda,1,63
C04520,03/07/2024,Organic,Kenya,1,37
C04521,02-25-2023,Email,Rwanda,0,26
C04522,02-18-2023,Paid Ads,Kenya,1,32
C04523,02-25-2024,Email,Kenya,1,56
C04524,19/04/2024,Paid Ads,Tanzania,1,19
C04525,02-13-2023,Email,Uganda,1,21
C04526,2024-02-17,Paid Ads,Tanzania,1,41
C04527,2023-02-06,Email,Tanzania,1,35
C04528,01-08-2024,Referral,Rwanda,1,28
C04529,24/07/2024,Paid Ads,Rwanda,0,54
C04530,07-31-2023,Organic,Kenya,1,43
C04531,02/11/2023,Organic,Rwanda,1,25
C04532,2023-07-30,Organic,Kenya,1,39
C04533,2024-04-11,Organic,Kenya,1,22
C04534,07-28-2024,Organic,Uganda,0,19
C04535,2023-09-04,Paid Ads,Uganda,1,22
C04536,2024-07-18,Paid Ads,Tanzania,1,52
C04537,02/10/2023,Paid Ads,Uganda,1,49
C04538,28/03/2023,Paid Ads,Kenya,1,61
C04539,2024-03-11,Organic,Rwanda,1,36
C04540,06-16-2023,Organic,Uganda,1,56
C04541,30/09/2023,Organic,Uganda,0,21
C04542,2024-05-14,Paid Ads,Uganda,1,40
C04543,18/04/2023,Organic,Uganda,1,63
C04544,26/02/2023,Organic,Kenya,1,36
C04545,19/07/2023,Paid Ads,Kenya,0,43
C04546,2023-12-06,Email,Tanzania,1,43
C04547,01-11-2024,Organic,Rwanda,1,24
C04548,10-17-2023,Paid Ads,Tanzania,1,49
C04549,2023-03-14,Paid Ads,Tanzania,0,64
C04550,2023-10-06,Email,Uganda,1,50
C04551,2023-03-06,Referral,Rwanda,1,61
C04552,01-20-2024,Organic,Uganda,1,43
C04553,2023-03-29,Organic,Kenya,0,41
C04554,23/08/2023,Email,Tanzania,1,40
C04555,14/05/2024,Paid Ads,Rwanda,0,55
C04556,06/04/2024,Paid Ads,Kenya,1,43
C04557,25/03/2023,Paid Ads,Tanzania,1,62
C04558,18/07/2024,Paid Ads,Rwanda,1,48
C04559,21/08/2023,Referral,Tanzania,1,23
C04560,04/03/2024,Referral,Rwanda,1,62
C04561,2024-05-29,Email,Tanzania,1,48
C04562,2024-03-06,Organic,Uganda,1,64
C04563,2023-12-23,Email,Tanzania,1,
C04564,2023-08-24,Organic,Tanzania,1,57
C04565,02-19-2024,Organic,Rwanda,1,62
C04566,06/07/2023,Email,Rwanda,0,62
C04567,13/03/2024,Organic,Uganda,1,29
C04568,12-06-2023,Organic,Rwanda,1,34
C04569,12/05/2024,Organic,Tanzania,1,43
C04570,02-20-2023,Email,Rwanda,1,20
C04571,09/04/2023,Paid Ads,Rwanda,1,32
C04572,06-05-2024,Paid Ads,Rwanda,0,55
C04573,2023-08-05,Organic,Uganda,0,41
C04574,14/10/2023,Email,Uganda,1,47
C04575,03-19-2024,Email,Kenya,1,61
C04576,08-21-2023,Organic,Uganda,1,53
C04577,2023-06-28,Paid Ads,Uganda,1,61
C04578,11-16-2023,Organic,Uganda,1,44
C04579,08-04-2024,Referral,Tanzania,1,39
C04580,2024-02-03,Paid Ads,Kenya,1,19
C04581,2024-07-23,Referral,Tanzania,1,24
C04582,2023-12-09,Organic,Uganda,1,33
C04583,04-12-2023,Email,Uganda,1,41
C04584,05-23-2024,Email,Kenya,1,47
C04585,24/07/2023,Paid Ads,Kenya,1,61
C04586,04/08/2023,Referral,Rwanda,1,
C04587,02-12-2023,Organic,Uganda,0,63
C04588,2023-12-10,Organic,Uganda,0,18
C04589,04/01/2024,Paid Ads,Tanzania,1,44
C04590,20/07/2024,Email,Rwanda,1,26
C04591,2023-08-11,Paid Ads,Uganda,1,24
C04592,2023-04-16,Organic,Tanzania,1,22
C04593,02/04/2023,Paid Ads,Kenya,1,47
C04594,04/03/2024,Organic,Tanzania,1,59
C04595,2023-11-28,Paid Ads,Uganda,1,44
C04596,08-04-2023,Paid Ads,Tanzania,1,27
C04597,04-19-2024,Email,Tanzania,0,42
C04598,2024-06-29,Organic,Rwanda,1,35
C04599,2023-04-15,Paid Ads,Rwanda,1,24
C04600,19/09/2023,Organic,Kenya,1,48
C04601,2023-01-12,Organic,Rwanda,1,49
C04602,01/07/2023,Email,Tanzania,1,62
C04603,07-17-2024,Referral,Rwanda,1,28
C04604,17/04/2023,Organic,Uganda,1,27
C04605,14/02/2023,Email,Tanzania,0,39
C04606,19/05/2023,Email,Tanzania,1,48
C04607,04-15-2024,Email,Tanzania,0,58
C04608,09/08/2024,Organic,Uganda,1,64
C04609,2024-06-08,Referral,Tanzania,1,31
C04610,2023-06-26,Organic,Rwanda,1,20
C04611,2023-03-27,Organic,Uganda,1,41
C04612,06-23-2023,Organic,Tanzania,1,31
C04613,05-13-2023,Paid Ads,Rwanda,1,33
C04614,06-11-2024,Organic,Rwanda,1,45
C04615,29/04/2024,Organic,Kenya,1,52
C04616,06-07-2023,Organic,Rwanda,1,57
C04617,2024-05-21,Email,Rwanda,1,19
C04618,06-17-2024,Email,Kenya,1,51
C04619,13/05/2023,Organic,Kenya,1,35
C04620,2023-08-01,Email,Uganda,1,24
C04621,2023-07-22,Email,Rwanda,1,55
C04622,04/02/2024,Email,Uganda,1,59
C04623,2024-08-15,Organic,Uganda,1,24
C04624,31/05/2023,Paid Ads,Tanzania,0,21
C04625,02-27-2024,Referral,Uganda,1,60
C04626,2023-06-20,Paid Ads,Uganda,1,33
C04627,07-01-2024,Organic,Uganda,1,23
C04628,2023-06-21,Paid Ads,Uganda,1,37
C04629,2023-06-13,Paid Ads,Kenya,1,48
C04630,23/04/2024,Paid Ads,Rwanda,1,36
C04631,05/05/2023,Organic,Tanzania,1,39
C04632,06/07/2023,Organic,Kenya,1,38
C04633,07-27-2024,Email,Tanzania,0,35
C04634,04-08-2024,Email,Tanzania,1,49
C04635,2023-09-29,Organic,Kenya,1,64
C04636,23/05/2023,Referral,Uganda,1,51
C04637,2024-02-20,Organic,Kenya,1,44
C04638,12/08/2023,Paid Ads,Tanzania,1,55
C04639,26/10/2023,Email,Tanzania,1,61
C04640,08-13-2024,Email,Uganda,1,47
C04641,31/07/2023,Referral,Kenya,1,50
C04642,2023-11-24,Organic,Rwanda,0,44
C04643,05/05/2023,Email,Tanzania,1,40
C04644,06-19-2023,Organic,Kenya,1,60
C04645,11-24-2023,Email,Uganda,1,36
C04646,2023-05-18,Email,Uganda,0,48
C04647,23/10/2023,Paid Ads,Rwanda,1,21
C04648,2024-01-09,Organic,Tanzania,0,36
C04649,10/01/2023,Email,Rwanda,1,55
C04650,21/02/2023,Organic,Rwanda,1,57
C04651,2023-03-22,Organic,Rwanda,1,39
C04652,01-11-2024,Email,Rwanda,1,26
C04653,05-28-2023,Paid Ads,Uganda,1,48
C04654,12/09/2023,Email,Tanzania,1,27
C04655,30/06/2024,Organic,Rwanda,1,27
C04656,03-26-2023,Organic,Tanzania,1,47
C04657,25/03/2024,Email,Uganda,1,27
C04658,04/06/2024,Paid Ads,Uganda,0,53
C04659,2023-11-07,Organic,Kenya,0,35
C04660,31/07/2023,Email,Kenya,1,61
C04661,2024-01-12,Paid Ads,Tanzania,0,60
C04662,2023-05-19,Paid Ads,Kenya,1,
C04663,01-29-2023,Paid Ads,Rwanda,1,36
C04664,2024-06-20,Email,Tanzania,1,60
C04665,2023-02-04,Email,Uganda,1,40
C04666,04-10-2023,Email,Uganda,1,21
C04667,20/07/2024,Organic,Rwanda,1,29
C04668,26/11/2023,Email,Kenya,1,41
C04669,26/05/2024,Paid Ads,Tanzania,1,30
C04670,2024-03-07,Paid Ads,Tanzania,0,21
C04671,06-10-2023,Organic,Rwanda,0,44
C04672,03-29-2023,Email,Kenya,1,55
C04673,05/05/2023,Email,Tanzania,1,56
C04674,02-16-2023,Organic,Rwanda,1,25
C04675,26/12/2023,Paid Ads,Tanzania,1,43
C04676,15/02/2023,Email,Uganda,1,51
C04677,03/01/2024,Organic,Tanzania,1,26
C04678,04-29-2023,Referral,Tanzania,1,27
C04679,2023-01-22,Paid Ads,Tanzania,1,18
C04680,04/11/2023,Paid Ads,Kenya,0,
C04681,10-27-2023,Organic,Kenya,0,25
C04682,09-03-2023,Organic,Rwanda,1,27
C04683,16/02/2023,Referral,Kenya,1,60
C04684,03-03-2023,Organic,Tanzania,0,42
C04685,01-06-2023,Email,Tanzania,1,48
C04686,01-02-2023,Organic,Kenya,1,56
C04687,16/01/2023,Organic,Kenya,1,20
C04688,08-15-2024,Organic,Tanzania,1,56
C04689,2023-12-17,Paid Ads,Tanzania,0,55
C04690,12/04/2023,Referral,Uganda,1,52
C04691,18/07/2024,Organic,Rwanda,1,25
C04692,08/05/2023,Organic,Kenya,1,18
C04693,16/02/2024,Organic,Rwanda,1,22
C04694,2023-04-14,Paid Ads,Tanzania,1,44
C04695,08-13-2024,Paid Ads,Rwanda,1,62
C04696,20/03/2024,Email,Kenya,1,43
C04697,02-07-2024,Paid Ads,Kenya,1,60
C04698,2024-01-20,Paid Ads,Rwanda,1,43
C04699,29/12/2023,Organic,Kenya,1,28
C04700,29/10/2023,Referral,Uganda,1,51
C04701,05/04/2024,Organic,Tanzania,1,58
C04702,30/06/2024,Organic,Tanzania,1,19
C04703,02/07/2023,Paid Ads,Kenya,1,38
C04704,2024-03-20,Paid Ads,Tanzania,1,43
C04705,26/04/2023,Paid Ads,Uganda,0,29
C04706,21/03/2023,Paid Ads,Kenya,1,26
C04707,2024-08-06,Email,Uganda,1,58
C04708,04-01-2023,Organic,Uganda,1,40
C04709,04-26-2023,Email,Tanzania,1,59
C04710,03-15-2024,Paid Ads,Tanzania,1,22
C04711,04-14-2024,Paid Ads,Rwanda,1,26
C04712,31/03/2023,Paid Ads,Uganda,1,27
C04713,01/12/2023,Organic,Tanzania,1,27
C04714,2024-02-10,Email,Uganda,1,31
C04715,12-02-2023,Paid Ads,Rwanda,1,53
C04716,06-13-2024,Organic,Uganda,1,27
C04717,20/06/2024,Paid Ads,Kenya,1,54
C04718,14/10/2023,Referral,Rwanda,0,58
C04719,25/05/2023,Paid Ads,Rwanda,0,55
C04720,07-02-2024,Referral,Uganda,1,
C04721,2024-06-12,Organic,Uganda,1,39
C04722,04-17-2024,Organic,Tanzania,1,40
C04723,03-09-2024,Organic,Kenya,1,33
C04724,21/02/2023,Paid Ads,Rwanda,1,28
C04725,26/05/2024,Organic,Rwanda,1,64
C04726,2023-05-04,Organic,Rwanda,1,52
C04727,06/08/2023,Referral,Tanzania,1,
C04728,2023-12-08,Email,Kenya,1,37
C04729,2023-12-31,Email,Rwanda,1,54
C04730,2024-02-16,Organic,Rwanda,1,58
C04731,29/08/2023,Organic,Tanzania,1,22
C04732,2023-08-18,Organic,Uganda,1,53
C04733,05-17-2023,Email,Rwanda,1,30
C04734,10-31-2023,Referral,Kenya,1,34
C04735,29/06/2024,Paid Ads,Kenya,1,43
C04736,02/08/2024,Organic,Kenya,1,61
C04737,17/10/2023,Paid Ads,Kenya,1,37
C04738,13/04/2024,Organic,Tanzania,1,56
C04739,2023-07-19,Organic,Rwanda,1,50
C04740,05-25-2023,Paid Ads,Tanzania,1,47
C04741,02-23-2023,Email,Kenya,1,33
C04742,03-31-2024,Organic,Kenya,1,24
C04743,2024-07-07,Organic,Kenya,1,47
C04744,11-17-2023,Referral,Tanzania,1,19
C04745,2024-04-21,Organic,Kenya,0,29
C04746,02-19-2023,Organic,Rwanda,1,60
C04747,06-20-2023,Organic,Kenya,0,57
C04748,10/05/2024,Organic,Rwanda,1,18
C04749,10/02/2023,Organic,Rwanda,0,20
C04750,09/12/2023,Email,Kenya,1,25
C04751,2023-12-24,Organic,Tanzania,0,43
C04752,21/04/2024,Paid Ads,Uganda,1,57
C04753,17/08/2024,Paid Ads,Uganda,1,28
C04754,14/04/2023,Paid Ads,Rwanda,1,38
C04755,2023-07-24,Email,Tanzania,0,22
C04756,08-12-2024,Email,Uganda,1,57
C04757,2023-06-30,Organic,Kenya,1,43
C04758,2023-12-26,Email,Kenya,1,38
C04759,2024-08-01,Paid Ads,Rwanda,1,26
C04760,2023-04-03,Referral,Tanzania,1,34
C04761,07/01/2024,Paid Ads,Tanzania,1,54
C04762,03-28-2024,Referral,Uganda,0,19
C04763,04-22-2023,Email,Uganda,0,64
C04764,26/11/2023,Organic,Kenya,1,57
C04765,07/11/2023,Paid Ads,Rwanda,1,45
C04766,10/04/2023,Referral,Tanzania,1,44
C04767,2023-10-17,Email,Uganda,1,57
C04768,10-14-2023,Organic,Uganda,1,18
C04769,2024-08-19,Email,Rwanda,1,63
C04770,2024-07-21,Organic,Rwanda,1,28
C04771,10/11/2023,Organic,Kenya,0,56
C04772,04-15-2023,Paid Ads,Rwanda,0,35
C04773,05-07-2024,Organic,Kenya,1,44
C04774,2023-03-31,Email,Kenya,0,64
C04775,16/08/2023,Organic,Rwanda,1,27
C04776,2024-03-05,Email,Rwanda,1,53
C04777,2023-12-24,Organic,Rwanda,1,38
C04778,06/03/2023,Organic,Rwanda,1,45
C04779,02/04/2023,Organic,Rwanda,1,18
C04780,2023-10-18,Organic,Kenya,1,31
C04781,07/07/2024,Organic,Uganda,1,37
C04782,02-11-2023,Organic,Tanzania,1,26
C04783,03-22-2024,Paid Ads,Tanzania,1,62
C04784,06-25-2023,Organic,Kenya,1,44
C04785,08/02/2024,Paid Ads,Kenya,1,21
C04786,04-29-2023,Organic,Uganda,1,54
C04787,06/10/2023,Email,Rwanda,1,35
C04788,15/01/2023,Referral,Kenya,1,48
C04789,08/07/2023,Paid Ads,Tanzania,0,56
C04790,16/01/2023,Organic,Rwanda,1,27
C04791,05-04-2024,Organic,Kenya,1,26
C04792,07-29-2024,Referral,Rwanda,1,45
C04793,29/05/2024,Organic,Tanzania,1,45
C04794,07-21-2023,Organic,Rwanda,1,30
C04795,02-20-2023,Organic,Kenya,1,35
C04796,07-18-2023,Organic,Kenya,0,29
C04797,2023-01-28,Organic,Tanzania,1,25
C04798,05-08-2024,Email,Uganda,1,40
C04799,30/03/2024,Organic,Uganda,0,22
C04800,2023-08-02,Paid Ads,Rwanda,1,24
C04801,02-03-2023,Organic,Kenya,0,32
C04802,17/02/2023,Organic,Kenya,1,20
C04803,06/03/2023,Referral,Tanzania,1,35
C04804,10-13-2023,Organic,Tanzania,1,55
C04805,08-22-2023,Email,Kenya,1,43
C04806,01-31-2024,Paid Ads,Tanzania,1,55
C04807,2023-01-12,Organic,Uganda,1,50
C04808,07/02/2024,Referral,Uganda,1,38
C04809,06/09/2023,Organic,Rwanda,1,34
C04810,06/05/2023,Email,Tanzania,1,60
C04811,05-28-2023,Organic,Rwanda,1,19
C04812,07/06/2023,Email,Tanzania,0,42
C04813,10-22-2023,Organic,Tanzania,0,58
C04814,09/01/2024,Paid Ads,Uganda,1,36
C04815,2024-08-04,Email,Kenya,1,55
C04816,14/03/2023,Referral,Tanzania,1,42
C04817,10/02/2023,Referral,Tanzania,1,56
C04818,14/06/2023,Email,Tanzania,0,21
C04819,2024-01-31,Email,Kenya,1,20
C04820,01-22-2023,Organic,Rwanda,0,51
C04821,08/03/2024,Organic,Rwanda,1,59
C04822,05-15-2023,Organic,Tanzania,1,27
C04823,2023-11-20,Organic,Tanzania,0,44
C04824,23/07/2023,Organic,Rwanda,1,
C04825,09-12-2023,Paid Ads,Rwanda,1,43
C04826,2024-03-25,Organic,Uganda,1,44
C04827,03-03-2024,Paid Ads,Tanzania,1,18
C04828,08/01/2024,Organic,Rwanda,1,61
C04829,2023-10-09,Organic,Uganda,0,37
C04830,04/05/2024,Paid Ads,Kenya,1,42
C04831,2023-07-01,Email,Tanzania,0,27
C04832,2024-05-07,Email,Rwanda,1,18
C04833,09-30-2023,Paid Ads,Tanzania,1,33
C04834,2023-01-28,Organic,Uganda,0,28
C04835,04-04-2023,Paid Ads,Rwanda,1,21
C04836,02-12-2023,Organic,Kenya,1,52
C04837,20/06/2023,Organic,Kenya,1,30
C04838,2024-06-07,Paid Ads,Uganda,1,38
C04839,05-13-2024,Organic,Kenya,1,32
C04840,12-10-2023,Organic,Kenya,0,27
C04841,04-10-2023,Referral,Kenya,0,55
C04842,05-29-2024,Referral,Kenya,1,28
C04843,20/10/2023,Organic,Kenya,1,49
C04844,01-04-2023,Organic,Kenya,0,50
C04845,2024-08-03,Organic,Kenya,1,37
C04846,12-20-2023,Organic,Rwanda,1,53
C04847,2023-12-20,Referral,Kenya,1,47
C04848,2024-06-27,Organic,Rwanda,1,27
C04849,28/03/2023,Email,Tanzania,1,32
C04850,28/07/2023,Organic,Uganda,1,46
C04851,22/07/2024,Referral,Kenya,1,18
C04852,30/09/2023,Organic,Uganda,1,38
C04853,2023-05-18,Email,Kenya,1,32
C04854,29/10/2023,Organic,Rwanda,1,20
C04855,30/01/2024,Paid Ads,Kenya,1,50
C04856,28/09/2023,Organic,Tanzania,1,55
C04857,02/01/2024,Organic,Uganda,1,36
C04858,2023-07-24,Referral,Uganda,0,21
C04859,2023-11-02,Referral,Tanzania,0,29
C04860,06-01-2023,Email,Rwanda,1,42
C04861,2023-09-05,Paid Ads,Rwanda,1,51
C04862,2023-05-13,Email,Tanzania,0,34
C04863,08-24-2023,Organic,Uganda,1,23
C04864,23/01/2024,Organic,Kenya,0,29
C04865,2023-10-24,Organic,Rwanda,1,32
C04866,09-30-2023,Paid Ads,Kenya,1,34
C04867,05-24-2023,Organic,Uganda,1,18
C04868,2024-02-09,Organic,Kenya,1,31
C04869,14/07/2024,Paid Ads,Tanzania,1,19
C04870,2024-07-01,Email,Rwanda,1,21
C04871,03-08-2024,Organic,Rwanda,1,19
C04872,2023-10-05,Organic,Tanzania,1,43
C04873,24/06/2024,Organic,Tanzania,1,63
C04874,16/04/2024,Organic,Rwanda,1,57
C04875,2024-05-23,Organic,Rwanda,1,50
C04876,05-05-2023,Paid Ads,Rwanda,1,
C04877,11-12-2023,Paid Ads,Uganda,1,56
C04878,03-04-2024,Paid Ads,Uganda,1,23
C04879,2024-05-10,Organic,Uganda,1,47
C04880,2023-08-03,Email,Kenya,1,39
C04881,03-27-2023,Organic,Uganda,0,44
C04882,2023-08-04,Paid Ads,Rwanda,1,36
C04883,2023-03-15,Email,Uganda,1,27
C04884,23/11/2023,Organic,Rwanda,1,23
C04885,13/04/2024,Organic,Tanzania,1,43
C04886,03/06/2024,Email,Kenya,1,59
C04887,04-26-2024,Organic,Kenya,0,20
C04888,2023-11-23,Paid Ads,Tanzania,1,20
C04889,15/09/2023,Organic,Rwanda,1,23
C04890,09-16-2023,Paid Ads,Kenya,0,27
C04891,27/12/2023,Organic,Uganda,1,55
C04892,2023-08-29,Organic,Rwanda,1,30
C04893,18/04/2023,Paid Ads,Kenya,1,55
C04894,23/05/2023,Organic,Tanzania,1,29
C04895,01-19-2024,Organic,Rwanda,1,63
C04896,04/06/2024,Organic,Kenya,1,44
C04897,28/02/2024,Organic,Tanzania,1,25
C04898,03-26-2024,Organic,Rwanda,1,22
C04899,18/03/2023,Organic,Uganda,0,53
C04900,19/03/2024,Referral,Rwanda,1,55
C04901,2024-06-27,Organic,Uganda,1,60
C04902,09-19-2023,Paid Ads,Rwanda,1,47
C04903,03-04-2023,Organic,Tanzania,1,54
C04904,07-26-2024,Organic,Uganda,1,46
C04905,13/08/2024,Referral,Uganda,1,39
C04906,03-11-2024,Organic,Rwanda,1,31
C04907,07/05/2023,Referral,Kenya,1,27
C04908,11/04/2024,Organic,Uganda,1,28
C04909,05/09/2023,Email,Rwanda,0,52
C04910,03-08-2024,Paid Ads,Tanzania,1,40
C04911,2023-11-23,Email,Rwanda,1,25
C04912,28/04/2024,Paid Ads,Rwanda,1,38
C04913,08-18-2024,Paid Ads,Uganda,1,54
C04914,2023-04-09,Organic,Kenya,1,45
C04915,09/12/2023,Organic,Tanzania,1,48
C04916,10-22-2023,Referral,Uganda,0,45
C04917,2024-06-12,Organic,Uganda,1,59
C04918,07/09/2023,Organic,Uganda,1,44
C04919,07-16-2024,Email,Tanzania,0,57
C04920,03-02-2024,Organic,Kenya,0,38
C04921,06/12/2023,Referral,Tanzania,1,26
C04922,07-07-2023,Email,Tanzania,1,46
C04923,01-30-2024,Paid Ads,Kenya,1,32
C04924,01-01-2024,Email,Tanzania,1,50
C04925,19/08/2024,Organic,Rwanda,1,54
C04926,2023-08-14,Organic,Tanzania,1,64
C04927,2023-09-06,Paid Ads,Uganda,0,53
C04928,2023-09-21,Organic,Tanzania,1,45
C04929,04/11/2023,Email,Uganda,0,27
C04930,2023-10-06,Referral,Tanzania,0,40
C04931,12-25-2023,Paid Ads,Uganda,1,45
C04932,2023-03-11,Organic,Uganda,1,51
C04933,08-02-2023,Referral,Uganda,1,22
C04934,04-21-2024,Paid Ads,Kenya,1,35
C04935,19/06/2023,Paid Ads,Tanzania,1,23
C04936,2024-08-19,Organic,Tanzania,1,59
C04937,03-25-2023,Referral,Rwanda,1,64
C04938,2023-05-09,Paid Ads,Rwanda,0,40
C04939,11-01-2023,Email,Rwanda,1,45
C04940,2024-05-08,Email,Tanzania,1,58
C04941,03/02/2023,Organic,Kenya,1,30
C04942,2024-07-18,Paid Ads,Uganda,1,42
C04943,2023-11-09,Email,Tanzania,0,24
C04944,2024-01-15,Organic,Kenya,0,19
C04945,29/07/2024,Email,Kenya,1,33
C04946,12-01-2023,Referral,Tanzania,1,19
C04947,2023-09-25,Paid Ads,Uganda,1,53
C04948,2023-12-04,Email,Kenya,1,19
C04949,2024-04-08,Email,Tanzania,1,55
C04950,08-09-2023,Email,Uganda,1,27
C04951,06/01/2024,Organic,Rwanda,1,31
C04952,2023-09-18,Organic,Kenya,0,44
C04953,06-03-2024,Paid Ads,Kenya,1,32
C04954,2023-12-31,Paid Ads,Tanzania,1,38
C04955,27/04/2024,Paid Ads,Tanzania,1,29
C04956,2023-09-15,Email,Uganda,0,60
C04957,2023-10-01,Organic,Rwanda,1,50
C04958,22/02/2023,Paid Ads,Rwanda,0,57
C04959,2023-02-16,Organic,Tanzania,1,39
C04960,06-22-2023,Email,Tanzania,1,55
C04961,21/04/2023,Paid Ads,Uganda,1,61
C04962,2024-06-30,Organic,Tanzania,1,
C04963,2024-01-02,Organic,Uganda,1,35
C04964,05-24-2023,Email,Uganda,0,61
C04965,23/12/2023,Paid Ads,Rwanda,1,19
C04966,05-05-2024,Organic,Uganda,1,46
C04967,2023-09-13,Referral,Rwanda,1,24
C04968,08-17-2023,Email,Rwanda,1,48
C04969,22/07/2023,Referral,Rwanda,1,58
C04970,19/05/2023,Paid Ads,Tanzania,1,35
C04971,14/12/2023,Paid Ads,Rwanda,1,26
C04972,19/11/2023,Email,Uganda,0,25
C04973,2023-02-20,Paid Ads,Tanzania,1,50
C04974,02-02-2023,Email,Uganda,0,22
C04975,09/07/2023,Organic,Tanzania,1,
C04976,29/04/2024,Paid Ads,Uganda,0,31
C04977,12/02/2023,Organic,Kenya,1,30
C04978,2023-01-14,Organic,Kenya,1,28
C04979,03-27-2024,Organic,Kenya,1,37
C04980,08/02/2024,Organic,Uganda,1,40
C04981,08-23-2024,Referral,Tanzania,0,62
C04982,2023-12-11,Organic,Rwanda,1,44
C04983,05-09-2024,Paid Ads,Rwanda,0,32
C04984,2024-01-29,Email,Uganda,1,47
C04985,2024-07-07,Paid Ads,Uganda,1,33
C04986,03-23-2024,Organic,Uganda,0,62
C04987,04/07/2024,Email,Uganda,1,57
C04988,2023-08-07,Paid Ads,Rwanda,1,35
C04989,05-02-2023,Email,Tanzania,1,64
C04990,2023-07-24,Email,Rwanda,0,59
C04991,12/02/2023,Referral,Uganda,1,40
C04992,08-12-2023,Paid Ads,Kenya,1,53
C04993,2023-03-21,Organic,Rwanda,1,55
C04994,17/01/2023,Paid Ads,Kenya,1,25
C04995,02-16-2023,Organic,Kenya,0,56
C04996,06/07/2023,Email,Uganda,0,46
C04997,01-14-2023,Organic,Rwanda,1,29
C04998,2023-07-30,Organic,Tanzania,1,35
C04999,08-03-2023,Email,Rwanda,1,36
C05000,02-05-2023,Paid Ads,Tanzania,1,53
C05001,04-22-2023,Organic,Tanzania,1,50
C05002,17/02/2024,Paid Ads,Uganda,1,22
C05003,11-29-2023,Email,Tanzania,1,56
C05004,2023-11-13,Organic,Rwanda,1,45
C05005,03-25-2024,Email,Rwanda,1,43
C05006,02/09/2023,Organic,Kenya,1,60
C05007,17/10/2023,Email,Tanzania,0,38
C05008,2023-11-28,Email,Uganda,1,40
C05009,2023-05-26,Organic,Uganda,1,38
C05010,2023-11-12,Paid Ads,Rwanda,1,28
C05011,2023-09-29,Organic,Tanzania,1,59
C05012,03-08-2023,Email,Uganda,1,56
C05013,2023-11-27,Paid Ads,Tanzania,1,33
C05014,21/08/2024,Paid Ads,Tanzania,1,50
C05015,08-14-2023,Organic,Kenya,1,44
C05016,01-09-2024,Organic,Uganda,0,18
C05017,09-18-2023,Organic,Kenya,1,61
C05018,05-24-2023,Organic,Uganda,0,33
C05019,06-24-2024,Paid Ads,Tanzania,1,22
C05020,30/03/2024,Email,Uganda,1,63
C05021,21/03/2023,Paid Ads,Rwanda,1,35
C05022,08-07-2024,Paid Ads,Tanzania,1,58
C05023,08-21-2024,Referral,Uganda,1,51
C05024,06-03-2023,Email,Kenya,1,61
C05025,05-22-2023,Referral,Kenya,1,42
C05026,01/01/2023,Paid Ads,Tanzania,1,59
C05027,04/06/2024,Organic,Kenya,1,51
C05028,2023-11-04,Organic,Tanzania,1,32
C05029,05-26-2024,Email,Tanzania,1,21
C05030,03/02/2023,Organic,Tanzania,1,21
C05031,2024-05-20,Organic,Uganda,1,42
C05032,03-31-2023,Paid Ads,Tanzania,1,58
C05033,03-11-2023,Paid Ads,Kenya,1,30
C05034,2023-01-08,Paid Ads,Rwanda,1,59
C05035,06-17-2024,Organic,Uganda,1,63
C05036,2023-06-11,Organic,Kenya,0,42
C05037,05-15-2024,Paid Ads,Tanzania,1,20
C05038,19/04/2024,Referral,Tanzania,1,52
C05039,14/10/2023,Email,Rwanda,0,
C05040,2024-04-19,Referral,Kenya,1,26
C05041,04-29-2023,Email,Uganda,1,31
C05042,2023-10-11,Paid Ads,Kenya,1,39
C05043,01-02-2023,Organic,Tanzania,1,
C05044,08-22-2023,Paid Ads,Uganda,1,26
C05045,2023-08-13,Paid Ads,Tanzania,1,41
C05046,2024-05-31,Paid Ads,Tanzania,0,40
C05047,17/08/2023,Paid Ads,Kenya,1,54
C05048,08/06/2023,Paid Ads,Rwanda,1,62
C05049,07-06-2024,Organic,Tanzania,1,32
C05050,11-22-2023,Paid Ads,Kenya,0,53
C05051,2024-04-21,Organic,Uganda,1,31
C05052,21/03/2024,Email,Rwanda,1,37
C05053,2023-09-20,Organic,Tanzania,1,56
C05054,30/06/2023,Organic,Tanzania,1,53
C05055,22/05/2023,Paid Ads,Uganda,1,44
C05056,2023-08-30,Paid Ads,Kenya,0,34
C05057,12-18-2023,Paid Ads,Tanzania,1,43
C05058,13/08/2024,Organic,Uganda,1,58
C05059,15/02/2024,Paid Ads,Tanzania,0,21
C05060,2023-02-21,Organic,Kenya,1,20
C05061,2023-02-26,Referral,Rwanda,1,36
C05062,01-29-2024,Referral,Kenya,1,58
C05063,11/03/2024,Paid Ads,Kenya,1,57
C05064,2024-01-11,Organic,Kenya,1,56
C05065,2024-05-03,Email,Uganda,0,24
C05066,25/06/2023,Organic,Tanzania,1,53
C05067,2023-03-25,Paid Ads,Rwanda,1,36
C05068,22/05/2023,Organic,Uganda,1,29
C05069,2023-11-29,Referral,Kenya,1,37
C05070,30/03/2024,Organic,Rwanda,1,55
C05071,2024-02-26,Paid Ads,Kenya,1,29
C05072,30/09/2023,Email,Kenya,1,46
C05073,11/08/2024,Paid Ads,Kenya,1,47
C05074,2023-08-13,Organic,Rwanda,1,37
C05075,07-29-2023,Referral,Tanzania,1,21
C05076,2024-05-08,Paid Ads,Kenya,1,19
C05077,04-10-2024,Paid Ads,Tanzania,1,64
C05078,16/01/2024,Organic,Rwanda,1,47
C05079,05-04-2024,Paid Ads,Rwanda,1,40
C05080,2023-01-10,Paid Ads,Kenya,1,23
C05081,05-20-2024,Organic,Tanzania,1,35
C05082,17/11/2023,Organic,Tanzania,1,39
C05083,15/12/2023,Email,Kenya,1,54
C05084,09-19-2023,Organic,Uganda,1,21
C05085,2023-07-29,Organic,Uganda,1,60
C05086,2024-06-08,Paid Ads,Rwanda,1,28
C05087,25/05/2023,Email,Rwanda,1,58
C05088,31/10/2023,Organic,Uganda,1,52
C05089,27/10/2023,Paid Ads,Uganda,1,28
C05090,04-18-2024,Organic,Uganda,1,51
C05091,2023-03-08,Organic,Kenya,1,26
C05092,2023-08-29,Organic,Kenya,1,48
C05093,2024-02-02,Email,Kenya,1,59
C05094,2023-10-30,Organic,Kenya,1,49
C05095,13/05/2023,Organic,Kenya,1,60
C05096,2024-01-10,Paid Ads,Kenya,1,52
C05097,10-10-2023,Email,Rwanda,1,28
C05098,06-24-2024,Organic,Tanzania,1,34
C05099,01-05-2023,Paid Ads,Rwanda,0,53
C05100,14/06/2023,Organic,Tanzania,1,19
C05101,30/10/2023,Paid Ads,Rwanda,0,41
C05102,01-11-2024,Paid Ads,Rwanda,1,63
C05103,2024-02-23,Paid Ads,Kenya,1,32
C05104,05-24-2023,Organic,Kenya,1,45
C05105,06-10-2023,Organic,Tanzania,1,20
C05106,2024-04-22,Organic,Tanzania,1,46
C05107,29/08/2023,Organic,Kenya,0,62
C05108,11-20-2023,Organic,Rwanda,0,30
C05109,10-15-2023,Email,Tanzania,1,39
C05110,22/02/2024,Referral,Uganda,1,48
C05111,12-25-2023,Referral,Uganda,0,24
C05112,2023-02-07,Email,Uganda,0,
C05113,2023-10-09,Paid Ads,Tanzania,1,
C05114,2023-09-29,Email,Kenya,1,43
C05115,04-01-2024,Organic,Kenya,1,48
C05116,06-28-2024,Paid Ads,Kenya,1,55
C05117,31/07/2023,Paid Ads,Tanzania,1,55
C05118,01-15-2024,Paid Ads,Tanzania,1,21
C05119,10-18-2023,Email,Uganda,1,52
C05120,06-10-2023,Organic,Tanzania,1,50
C05121,25/01/2024,Organic,Uganda,1,20
C05122,01-31-2024,Referral,Uganda,0,36
C05123,05-10-2023,Organic,Kenya,0,26
C05124,03-07-2023,Paid Ads,Tanzania,1,63
C05125,05-20-2024,Referral,Kenya,1,36
C05126,24/02/2023,Paid Ads,Kenya,1,36
C05127,07-28-2024,Paid Ads,Tanzania,1,43
C05128,12-16-2023,Organic,Tanzania,1,30
C05129,01-24-2024,Organic,Rwanda,1,39
C05130,09/02/2024,Email,Uganda,1,
C05131,06/06/2024,Paid Ads,Rwanda,1,25
C05132,2023-06-15,Paid Ads,Uganda,1,41
C05133,2023-10-21,Organic,Uganda,0,43
C05134,17/02/2024,Organic,Uganda,1,
C05135,2024-05-12,Referral,Kenya,1,58
C05136,2023-06-14,Organic,Kenya,1,58
C05137,2023-08-29,Paid Ads,Tanzania,1,20
C05138,05/07/2024,Organic,Uganda,1,24
C05139,20/05/2023,Paid Ads,Uganda,1,19
C05140,2023-05-24,Referral,Uganda,1,50
C05141,03-24-2024,Paid Ads,Kenya,0,29
C05142,2023-07-05,Organic,Tanzania,1,
C05143,2023-11-25,Paid Ads,Kenya,1,29
C05144,2023-07-14,Email,Rwanda,1,27
C05145,08-29-2023,Paid Ads,Rwanda,1,58
C05146,2023-08-19,Email,Rwanda,1,44
C05147,05-03-2024,Paid Ads,Tanzania,0,35
C05148,2024-03-30,Email,Rwanda,1,21
C05149,11-09-2023,Paid Ads,Tanzania,1,57
C05150,2023-11-22,Organic,Kenya,0,40
C05151,2023-09-27,Organic,Kenya,1,38
C05152,2023-06-15,Organic,Tanzania,1,53
C05153,10/01/2024,Referral,Kenya,1,47
C05154,10-29-2023,Email,Kenya,1,
C05155,2023-02-16,Paid Ads,Tanzania,1,38
C05156,2023-12-30,Organic,Rwanda,1,40
C05157,06-26-2024,Organic,Tanzania,1,38
C05158,21/10/2023,Email,Uganda,1,25
C05159,07-26-2024,Paid Ads,Kenya,1,56
C05160,01/01/2023,Organic,Tanzania,1,30
C05161,02-06-2024,Paid Ads,Kenya,1,57
C05162,11/02/2023,Organic,Rwanda,0,39
C05163,05-09-2023,Organic,Kenya,1,24
C05164,2024-07-25,Paid Ads,Tanzania,1,41
C05165,2024-02-06,Organic,Rwanda,1,22
C05166,01-22-2024,Referral,Rwanda,1,43
C05167,2024-02-15,Organic,Rwanda,1,27
C05168,2023-11-15,Organic,Uganda,0,28
C05169,2024-03-22,Organic,Tanzania,1,57
C05170,03-30-2023,Email,Tanzania,0,55
C05171,03-01-2024,Paid Ads,Rwanda,0,28
C05172,2023-12-01,Paid Ads,Kenya,1,
C05173,07-08-2024,Organic,Rwanda,1,47
C05174,2023-05-09,Organic,Uganda,1,21
C05175,01-16-2024,Paid Ads,Rwanda,1,19
C05176,09-23-2023,Email,Tanzania,1,30
C05177,2023-02-12,Email,Rwanda,0,56
C05178,2024-02-06,Organic,Kenya,1,34
C05179,08-06-2024,Paid Ads,Tanzania,1,40
C05180,12-09-2023,Referral,Kenya,1,62
C05181,07-04-2024,Organic,Rwanda,0,27
C05182,2023-10-02,Email,Tanzania,1,30
C05183,2024-01-30,Organic,Uganda,0,59
C05184,06-09-2024,Referral,Tanzania,0,56
C05185,08-05-2024,Email,Kenya,1,59
C05186,2023-08-27,Referral,Tanzania,1,46
C05187,2024-05-06,Paid Ads,Uganda,1,33
C05188,03-14-2024,Organic,Uganda,1,20
C05189,05-25-2024,Referral,Uganda,1,53
C05190,2024-01-02,Organic,Uganda,1,21
C05191,2023-02-09,Organic,Kenya,1,53
C05192,05/03/2023,Email,Tanzania,1,33
C05193,2023-04-17,Email,Rwanda,1,58
C05194,2023-12-29,Referral,Uganda,1,23
C05195,03-16-2023,Organic,Rwanda,1,59
C05196,11/05/2023,Email,Rwanda,0,45
C05197,10-03-2023,Email,Tanzania,1,53
C05198,2023-05-08,Organic,Rwanda,1,40
C05199,10-13-2023,Organic,Rwanda,1,29
C05200,05/06/2024,Organic,Kenya,0,59
C05201,07/07/2023,Organic,Rwanda,1,48
C05202,19/12/2023,Referral,Tanzania,1,29
C05203,2023-02-09,Paid Ads,Rwanda,1,49
C05204,23/04/2023,Email,Tanzania,1,42
C05205,13/04/2023,Referral,Uganda,0,46
C05206,09-12-2023,Organic,Rwanda,1,36
C05207,07-03-2024,Email,Rwanda,1,39
C05208,2024-07-21,Paid Ads,Rwanda,1,41
C05209,11/08/2024,Email,Uganda,1,50
C05210,2024-01-29,Organic,Kenya,1,53
C05211,03-10-2024,Referral,Rwanda,1,62
C05212,05-13-2023,Organic,Tanzania,1,57
C05213,03/04/2024,Organic,Kenya,1,63
C05214,21/11/2023,Email,Kenya,1,33
C05215,30/12/2023,Organic,Kenya,0,19
C05216,24/06/2024,Paid Ads,Rwanda,1,25
C05217,04-26-2023,Paid Ads,Uganda,1,30
C05218,01-19-2024,Email,Uganda,1,47
C05219,27/03/2024,Organic,Rwanda,1,18
C05220,24/02/2023,Organic,Tanzania,0,29
C05221,07-30-2023,Organic,Tanzania,1,24
C05222,06-09-2024,Paid Ads,Tanzania,0,
C05223,2024-01-14,Organic,Rwanda,1,31
C05224,16/07/2024,Organic,Uganda,0,59
C05225,28/03/2023,Organic,Rwanda,1,52
C05226,06-15-2024,Organic,Uganda,1,45
C05227,11-09-2023,Paid Ads,Kenya,1,29
C05228,04/01/2023,Email,Rwanda,1,57
C05229,15/09/2023,Organic,Uganda,1,
C05230,08/12/2023,Paid Ads,Kenya,0,41
C05231,12/04/2024,Paid Ads,Kenya,1,18
C05232,26/01/2023,Paid Ads,Rwanda,1,34
C05233,2023-09-06,Email,Uganda,0,55
C05234,05/09/2023,Paid Ads,Kenya,1,45
C05235,02/10/2023,Paid Ads,Rwanda,1,50
C05236,04/01/2024,Organic,Kenya,1,41
C05237,2024-01-30,Paid Ads,Tanzania,1,64
C05238,01-27-2023,Paid Ads,Rwanda,0,62
C05239,07-15-2023,Organic,Kenya,0,23
C05240,05-23-2023,Organic,Rwanda,1,38
C05241,07-14-2023,Referral,Rwanda,1,62
C05242,04-24-2024,Paid Ads,Uganda,1,21
C05243,19/01/2024,Paid Ads,Uganda,0,50
C05244,02-25-2024,Referral,Kenya,1,27
C05245,29/05/2024,Email,Rwanda,1,53
C05246,20/03/2024,Paid Ads,Rwanda,1,30
C05247,2024-03-20,Email,Tanzania,1,53
C05248,03/06/2023,Email,Rwanda,1,
C05249,01/01/2024,Paid Ads,Uganda,0,26
C05250,01-14-2023,Paid Ads,Rwanda,1,48
C05251,10-07-2023,Organic,Uganda,0,21
C05252,2024-07-03,Referral,Tanzania,1,37
C05253,29/04/2024,Paid Ads,Kenya,0,25
C05254,2023-02-28,Organic,Uganda,1,44
C05255,10/03/2024,Email,Kenya,1,53
C05256,08-15-2023,Paid Ads,Kenya,1,26
C05257,01-28-2023,Organic,Kenya,1,60
C05258,2024-08-01,Paid Ads,Kenya,0,41
C05259,2023-11-07,Paid Ads,Uganda,1,54
C05260,02/08/2023,Email,Tanzania,1,58
C05261,2023-10-15,Organic,Rwanda,0,57
C05262,29/01/2023,Email,Uganda,0,47
C05263,11/01/2023,Paid Ads,Tanzania,1,43
C05264,12/03/2024,Organic,Rwanda,0,21
C05265,2023-03-21,Referral,Kenya,1,18
C05266,07/06/2023,Paid Ads,Rwanda,1,37
C05267,06-23-2023,Organic,Rwanda,1,45
C05268,07-26-2024,Paid Ads,Tanzania,1,62
C05269,28/07/2023,Email,Rwanda,1,41
C05270,2023-07-30,Organic,Kenya,1,45
C05271,03/04/2023,Organic,Uganda,1,45
C05272,10-04-2023,Organic,Uganda,0,22
C05273,06-22-2024,Organic,Tanzania,1,49
C05274,06-14-2023,Email,Kenya,0,47
C05275,03-14-2024,Paid Ads,Kenya,1,38
C05276,10-15-2023,Organic,Rwanda,1,59
C05277,10-07-2023,Organic,Tanzania,1,33
C05278,2023-08-13,Organic,Kenya,1,25
C05279,2023-11-18,Referral,Kenya,0,29
C05280,04-30-2023,Organic,Kenya,1,49
C05281,17/01/2023,Referral,Uganda,1,42
C05282,06-01-2024,Paid Ads,Uganda,0,20
C05283,03-18-2023,Organic,Uganda,1,43
C05284,17/01/2023,Email,Rwanda,1,53
C05285,2023-11-24,Paid Ads,Rwanda,1,34
C05286,2024-05-22,Email,Rwanda,0,44
C05287,2024-05-26,Referral,Kenya,0,39
C05288,21/07/2023,Organic,Uganda,1,62
C05289,01-18-2024,Organic,Kenya,1,55
C05290,05-04-2023,Email,Kenya,0,52
C05291,2023-03-10,Organic,Tanzania,1,63
C05292,2023-03-11,Organic,Kenya,0,24
C05293,2023-04-12,Organic,Rwanda,1,20
C05294,07-21-2023,Organic,Uganda,0,23
C05295,01-13-2023,Email,Uganda,1,30
C05296,2024-07-30,Organic,Kenya,1,63
C05297,13/08/2023,Paid Ads,Rwanda,1,32
C05298,2024-02-04,Paid Ads,Rwanda,1,43
C05299,12-14-2023,Paid Ads,Rwanda,0,
C05300,07-02-2023,Organic,Uganda,1,50
C05301,08-15-2023,Email,Rwanda,0,32
C05302,2023-09-29,Organic,Rwanda,1,56
C05303,05/06/2024,Email,Kenya,1,58
C05304,2023-03-16,Email,Tanzania,1,64
C05305,2024-06-25,Paid Ads,Rwanda,1,31
C05306,09-30-2023,Paid Ads,Kenya,1,36
C05307,08-27-2023,Paid Ads,Kenya,1,45
C05308,2024-01-18,Organic,Rwanda,1,41
C05309,06/08/2023,Email,Tanzania,1,58
C05310,05-31-2024,Email,Uganda,0,50
C05311,08-07-2024,Organic,Tanzania,1,29
C05312,2024-03-17,Paid Ads,Rwanda,1,27
C05313,01/05/2024,Referral,Tanzania,1,24
C05314,2023-06-12,Referral,Kenya,0,63
C05315,2023-03-20,Paid Ads,Kenya,1,18
C05316,08-30-2023,Paid Ads,Tanzania,1,32
C05317,10-06-2023,Organic,Uganda,1,18
C05318,11/11/2023,Referral,Tanzania,1,62
C05319,2023-08-14,Organic,Rwanda,1,37
C05320,2023-07-29,Paid Ads,Uganda,0,19
C05321,27/01/2023,Organic,Tanzania,1,20
C05322,18/08/2023,Organic,Tanzania,1,53
C05323,11/05/2023,Paid Ads,Uganda,1,33
C05324,06-07-2024,Referral,Tanzania,0,46
C05325,05-12-2024,Organic,Rwanda,1,61
C05326,2023-08-26,Paid Ads,Kenya,1,53
C05327,2023-12-28,Organic,Rwanda,1,61
C05328,18/10/2023,Organic,Tanzania,1,56
C05329,13/08/2024,Paid Ads,Kenya,1,20
C05330,05-07-2024,Paid Ads,Uganda,1,54
C05331,15/06/2024,Organic,Rwanda,1,61
C05332,03-14-2023,Organic,Uganda,1,29
C05333,02-17-2023,Organic,Kenya,1,37
C05334,08/03/2023,Organic,Tanzania,1,40
C05335,2023-02-26,Referral,Kenya,0,39
C05336,12/06/2023,Referral,Kenya,1,49
C05337,05-25-2024,Organic,Uganda,1,24
C05338,03/06/2023,Paid Ads,Rwanda,1,39
C05339,2024-06-04,Referral,Kenya,1,61
C05340,17/04/2023,Organic,Tanzania,0,19
C05341,11-09-2023,Email,Kenya,0,31
C05342,01-25-2023,Referral,Uganda,1,33
C05343,01/02/2024,Organic,Rwanda,1,41
C05344,18/08/2023,Organic,Tanzania,1,24
C05345,2023-12-27,Referral,Uganda,0,21
C05346,23/02/2023,Paid Ads,Kenya,1,54
C05347,2023-09-04,Organic,Kenya,1,63
C05348,2023-09-23,Organic,Rwanda,1,58
C05349,16/05/2024,Paid Ads,Uganda,0,22
C05350,2023-07-07,Paid Ads,Uganda,1,19
C05351,01-31-2023,Email,Rwanda,1,22
C05352,23/01/2024,Referral,Tanzania,1,20
C05353,2023-03-16,Organic,Uganda,1,59
C05354,03-23-2023,Paid Ads,Rwanda,1,25
C05355,08-01-2024,Paid Ads,Uganda,0,43
C05356,12-22-2023,Paid Ads,Rwanda,0,27
C05357,2023-05-17,Organic,Kenya,1,51
C05358,11/07/2024,Referral,Kenya,0,63
C05359,08-22-2024,Email,Uganda,1,53
C05360,04-27-2024,Paid Ads,Uganda,1,29
C05361,22/11/2023,Paid Ads,Kenya,0,37
C05362,24/12/2023,Organic,Tanzania,1,46
C05363,06-03-2023,Paid Ads,Rwanda,1,31
C05364,10/01/2023,Paid Ads,Tanzania,0,
C05365,02/01/2023,Paid Ads,Tanzania,1,22
C05366,01-09-2024,Referral,Tanzania,1,
C05367,01-12-2024,Paid Ads,Kenya,0,44
C05368,09-10-2023,Organic,Uganda,1,21
C05369,2024-06-13,Email,Tanzania,1,46
C05370,08-20-2024,Organic,Kenya,1,20
C05371,01-24-2024,Organic,Rwanda,1,50
C05372,2023-04-09,Organic,Uganda,1,47
C05373,2023-10-10,Paid Ads,Rwanda,1,53
C05374,20/06/2023,Email,Tanzania,1,26
C05375,10-09-2023,Paid Ads,Uganda,1,18
C05376,2023-11-14,Email,Tanzania,1,
C05377,23/03/2023,Paid Ads,Uganda,1,40
C05378,05-20-2023,Organic,Tanzania,0,20
C05379,2023-01-30,Email,Rwanda,1,49
C05380,08-05-2024,Organic,Rwanda,0,41
C05381,2024-08-19,Organic,Tanzania,1,23
C05382,22/08/2023,Paid Ads,Uganda,1,30
C05383,26/07/2024,Organic,Rwanda,1,32
C05384,06-27-2023,Organic,Uganda,1,47
C05385,17/12/2023,Paid Ads,Uganda,1,29
C05386,10-10-2023,Paid Ads,Rwanda,1,57
C05387,20/07/2024,Paid Ads,Kenya,0,
C05388,2023-01-04,Referral,Kenya,1,52
C05389,01-31-2024,Paid Ads,Uganda,0,45
C05390,2024-08-19,Email,Rwanda,1,21
C05391,07-06-2024,Organic,Kenya,1,24
C05392,2023-06-07,Paid Ads,Tanzania,1,64
C05393,12-28-2023,Email,Uganda,1,60
C05394,02-21-2023,Paid Ads,Kenya,0,33
C05395,10/07/2023,Email,Rwanda,1,39
C05396,2023-08-28,Organic,Rwanda,1,63
C05397,20/07/2024,Organic,Uganda,1,62
C05398,09-30-2023,Paid Ads,Rwanda,1,58
C05399,29/03/2023,Organic,Tanzania,0,42
C05400,2024-02-28,Email,Tanzania,1,20
C05401,05/12/2023,Organic,Kenya,1,39
C05402,2024-01-10,Referral,Rwanda,1,48
C05403,06-19-2023,Referral,Tanzania,0,54
C05404,19/06/2023,Organic,Uganda,1,39
C05405,2024-03-16,Organic,Rwanda,1,44
C05406,2023-01-26,Email,Kenya,1,19
C05407,22/04/2024,Referral,Uganda,0,39
C05408,05-22-2023,Paid Ads,Uganda,1,34
C05409,23/03/2023,Organic,Uganda,1,
C05410,04/09/2023,Paid Ads,Tanzania,1,37
C05411,21/12/2023,Paid Ads,Uganda,1,41
C05412,17/08/2024,Organic,Tanzania,1,62
C05413,2024-02-03,Email,Uganda,1,48
C05414,2024-08-08,Organic,Tanzania,1,60
C05415,04-26-2024,Organic,Rwanda,1,25
C05416,06-14-2023,Organic,Tanzania,1,22
C05417,07-25-2024,Organic,Tanzania,1,19
C05418,28/09/2023,Organic,Rwanda,0,21
C05419,28/10/2023,Paid Ads,Uganda,0,52
C05420,11/08/2023,Organic,Rwanda,1,51
C05421,2024-03-27,Organic,Uganda,1,20
C05422,22/02/2024,Organic,Tanzania,0,
C05423,08-22-2024,Referral,Uganda,1,37
C05424,04-26-2023,Paid Ads,Tanzania,1,26
C05425,16/04/2024,Paid Ads,Uganda,0,23
C05426,11-17-2023,Paid Ads,Tanzania,1,64
C05427,10/06/2024,Referral,Tanzania,1,22
C05428,30/04/2024,Organic,Kenya,1,58
C05429,09/07/2024,Paid Ads,Uganda,1,55
C05430,05-18-2023,Email,Uganda,1,52
C05431,08-10-2024,Paid Ads,Kenya,0,48
C05432,02-10-2023,Organic,Tanzania,1,30
C05433,09-10-2023,Paid Ads,Tanzania,1,43
C05434,08-08-2023,Organic,Kenya,0,39
C05435,10-28-2023,Paid Ads,Kenya,1,49
C05436,04-20-2023,Email,Rwanda,1,32
C05437,2023-03-11,Organic,Tanzania,1,28
C05438,08/08/2023,Email,Rwanda,0,33
C05439,2023-12-29,Organic,Uganda,1,64
C05440,10/12/2023,Email,Rwanda,1,23
C05441,06/03/2023,Paid Ads,Kenya,1,63
C05442,08-09-2023,Organic,Kenya,1,28
C05443,03/03/2024,Organic,Kenya,1,27
C05444,19/03/2024,Referral,Kenya,1,33
C05445,2023-12-02,Organic,Rwanda,1,29
C05446,06-09-2023,Organic,Rwanda,1,24
C05447,09/07/2023,Organic,Rwanda,1,56
C05448,07/07/2024,Paid Ads,Kenya,1,44
C05449,2024-02-26,Paid Ads,Kenya,1,41
C05450,23/04/2024,Organic,Tanzania,0,32
C05451,23/08/2024,Organic,Tanzania,0,23
C05452,26/03/2023,Organic,Kenya,0,36
C05453,2024-06-20,Organic,Tanzania,1,25
C05454,11-10-2023,Paid Ads,Uganda,1,64
C05455,02-23-2024,Email,Uganda,1,53
C05456,2023-04-11,Organic,Kenya,1,30
C05457,18/02/2023,Organic,Rwanda,1,50
C05458,01-26-2024,Organic,Uganda,1,49
C05459,2024-01-20,Referral,Uganda,1,45
C05460,11-26-2023,Referral,Rwanda,1,57
C05461,06-30-2024,Email,Tanzania,1,27
C05462,2023-05-21,Organic,Rwanda,1,50
C05463,22/06/2023,Organic,Tanzania,1,18
C05464,24/09/2023,Organic,Tanzania,1,38
C05465,06-26-2024,Organic,Rwanda,0,22
C05466,2023-11-07,Paid Ads,Tanzania,1,18
C05467,2023-09-06,Email,Uganda,1,38
C05468,05-12-2024,Email,Kenya,0,42
C05469,30/07/2023,Email,Tanzania,1,37
C05470,13/01/2024,Organic,Uganda,1,62
C05471,2024-01-14,Paid Ads,Rwanda,1,26
C05472,09/01/2024,Organic,Tanzania,1,33
C05473,01-01-2024,Organic,Uganda,1,45
C05474,28/09/2023,Email,Tanzania,1,57
C05475,2024-04-02,Organic,Rwanda,1,63
C05476,2023-05-01,Paid Ads,Kenya,0,53
C05477,2023-10-10,Organic,Tanzania,1,56
C05478,2023-07-27,Paid Ads,Kenya,1,41
C05479,28/06/2023,Email,Tanzania,1,33
C05480,02-02-2024,Organic,Tanzania,1,31
C05481,01-08-2024,Email,Rwanda,0,
C05482,21/09/2023,Organic,Tanzania,1,51
C05483,2023-02-22,Paid Ads,Uganda,0,41
C05484,26/01/2023,Email,Uganda,1,64
C05485,2024-05-15,Paid Ads,Kenya,0,28
C05486,2024-08-17,Referral,Kenya,1,62
C05487,05/02/2023,Organic,Uganda,1,53
C05488,2023-03-09,Paid Ads,Kenya,1,18
C05489,03/07/2023,Paid Ads,Kenya,1,64
C05490,2024-04-11,Referral,Uganda,1,29
C05491,2023-11-05,Organic,Uganda,0,38
C05492,2023-12-27,Email,Uganda,1,26
C05493,10-08-2023,Paid Ads,Rwanda,1,56
C05494,03-02-2024,Organic,Rwanda,1,20
C05495,08-05-2024,Paid Ads,Uganda,1,33
C05496,28/02/2023,Organic,Tanzania,0,21
C05497,2023-08-07,Paid Ads,Uganda,1,43
C05498,10/07/2024,Email,Rwanda,1,63
C05499,11-11-2023,Paid Ads,Kenya,1,30
C05500,2024-03-18,Paid Ads,Tanzania,1,37
C05501,09/04/2023,Paid Ads,Tanzania,1,36
C05502,2023-01-09,Organic,Kenya,1,44
C05503,2024-05-20,Organic,Tanzania,1,19
C05504,13/03/2023,Paid Ads,Kenya,1,27
C05505,01-25-2023,Organic,Rwanda,1,42
C05506,2023-08-29,Organic,Tanzania,1,36
C05507,05/06/2024,Paid Ads,Tanzania,1,32
C05508,2024-06-08,Organic,Kenya,1,56
C05509,11-09-2023,Organic,Kenya,1,64
C05510,01-05-2023,Paid Ads,Rwanda,1,41
C05511,08/12/2023,Organic,Kenya,1,33
C05512,06-22-2023,Referral,Kenya,1,34
C05513,01/11/2023,Email,Rwanda,0,33
C05514,06/08/2024,Email,Uganda,1,35
C05515,06-01-2023,Organic,Uganda,1,21
C05516,2023-06-10,Email,Kenya,1,19
C05517,2023-10-18,Email,Rwanda,1,48
C05518,01-27-2023,Email,Uganda,0,19
C05519,06-10-2023,Organic,Rwanda,0,19
C05520,01-20-2024,Paid Ads,Kenya,1,32
C05521,04/02/2024,Email,Kenya,1,
C05522,2023-05-16,Paid Ads,Rwanda,1,60
C05523,04-21-2023,Paid Ads,Tanzania,1,46
C05524,2024-04-26,Paid Ads,Kenya,1,51
C05525,2023-12-12,Paid Ads,Kenya,0,57
C05526,2023-01-11,Organic,Kenya,1,49
C05527,08-20-2024,Paid Ads,Kenya,0,38
C05528,2024-07-19,Organic,Rwanda,0,47
C05529,04-18-2023,Paid Ads,Rwanda,0,41
C05530,26/12/2023,Organic,Rwanda,1,61
C05531,27/10/2023,Paid Ads,Rwanda,1,31
C05532,10-16-2023,Organic,Tanzania,1,45
C05533,15/05/2024,Paid Ads,Rwanda,1,31
C05534,2023-05-24,Email,Rwanda,1,61
C05535,21/02/2024,Organic,Kenya,1,51
C05536,27/06/2023,Organic,Tanzania,1,31
C05537,02-23-2024,Organic,Kenya,1,42
C05538,2023-05-19,Email,Tanzania,1,29
C05539,12/02/2024,Paid Ads,Uganda,1,58
C05540,08-17-2023,Paid Ads,Tanzania,1,57
C05541,2024-02-13,Organic,Tanzania,1,37
C05542,2023-05-09,Paid Ads,Kenya,1,
C05543,14/07/2023,Email,Tanzania,0,59
C05544,10/03/2023,Email,Tanzania,1,24
C05545,2024-07-14,Paid Ads,Kenya,1,32
C05546,03-04-2023,Organic,Uganda,1,26
C05547,2024-01-20,Organic,Uganda,1,21
C05548,2023-02-17,Organic,Uganda,1,48
C05549,2024-02-06,Organic,Tanzania,0,40
C05550,02/12/2023,Organic,Kenya,0,23
C05551,03-31-2023,Organic,Uganda,1,45
C05552,02-27-2024,Organic,Uganda,1,29
C05553,2023-01-28,Referral,Uganda,1,64
C05554,06-11-2024,Paid Ads,Uganda,1,39
C05555,08-11-2023,Email,Kenya,1,41
C05556,2023-11-20,Email,Uganda,1,51
C05557,01-24-2023,Organic,Tanzania,1,36
C05558,09-04-2023,Email,Tanzania,1,41
C05559,06-16-2023,Organic,Kenya,1,37
C05560,08-13-2023,Paid Ads,Rwanda,1,51
C05561,22/02/2023,Organic,Uganda,1,64
C05562,2023-09-29,Referral,Uganda,1,44
C05563,2024-03-17,Organic,Tanzania,1,61
C05564,2023-05-11,Organic,Kenya,1,46
C05565,2023-12-25,Referral,Rwanda,1,18
C05566,03-10-2024,Organic,Tanzania,1,63
C05567,2023-01-05,Paid Ads,Rwanda,1,53
C05568,30/01/2024,Email,Kenya,1,60
C05569,17/08/2023,Email,Kenya,1,56
C05570,31/01/2024,Referral,Kenya,1,62
C05571,02/05/2024,Referral,Tanzania,1,63
C05572,2024-03-22,Organic,Kenya,1,24
C05573,2024-08-01,Email,Tanzania,1,60
C05574,2023-09-10,Paid Ads,Tanzania,1,37
C05575,06/08/2023,Paid Ads,Uganda,0,37
C05576,11-16-2023,Organic,Tanzania,1,42
C05577,2023-12-23,Paid Ads,Tanzania,1,60
C05578,04-10-2023,Referral,Uganda,1,38
C05579,01-04-2024,Referral,Rwanda,1,26
C05580,03-16-2023,Paid Ads,Uganda,1,44
C05581,01/06/2023,Organic,Uganda,0,45
C05582,03-02-2024,Organic,Kenya,1,42
C05583,2023-02-23,Email,Kenya,1,53
C05584,08-06-2023,Email,Uganda,1,51
C05585,09-28-2023,Paid Ads,Kenya,1,19
C05586,2023-12-14,Organic,Uganda,0,26
C05587,17/09/2023,Paid Ads,Kenya,1,36
C05588,25/03/2024,Paid Ads,Tanzania,1,32
C05589,09-15-2023,Referral,Kenya,0,38
C05590,05/08/2023,Paid Ads,Kenya,1,33
C05591,11-08-2023,Organic,Tanzania,1,19
C05592,04-07-2023,Paid Ads,Uganda,0,43
C05593,2024-05-29,Organic,Kenya,1,61
C05594,2024-08-05,Referral,Kenya,1,46
C05595,12/02/2024,Organic,Tanzania,1,50
C05596,03/06/2024,Paid Ads,Tanzania,1,51
C05597,01-03-2023,Organic,Tanzania,1,63
C05598,20/04/2024,Paid Ads,Rwanda,1,44
C05599,2023-12-10,Paid Ads,Tanzania,0,24
C05600,05-04-2023,Email,Uganda,0,32
C05601,10-22-2023,Organic,Kenya,0,34
C05602,02-09-2023,Organic,Kenya,1,26
C05603,2024-08-06,Organic,Rwanda,0,30
C05604,2023-12-19,Paid Ads,Kenya,1,49
C05605,02-21-2024,Organic,Kenya,1,19
C05606,11-10-2023,Paid Ads,Uganda,1,49
C05607,11-20-2023,Email,Kenya,1,64
C05608,2024-02-22,Email,Uganda,1,37
C05609,2024-02-04,Paid Ads,Rwanda,0,60
C05610,2023-05-29,Paid Ads,Uganda,1,36
C05611,05-19-2023,Organic,Tanzania,1,63
C05612,19/02/2024,Paid Ads,Tanzania,1,44
C05613,12-10-2023,Email,Rwanda,0,53
C05614,21/11/2023,Organic,Kenya,1,47
C05615,01/07/2023,Paid Ads,Uganda,1,28
C05616,05-29-2024,Email,Tanzania,1,33
C05617,03-25-2024,Email,Uganda,1,43
C05618,01-16-2024,Organic,Tanzania,0,47
C05619,03/09/2023,Paid Ads,Uganda,1,19
C05620,2024-05-24,Organic,Kenya,1,51
C05621,11-26-2023,Organic,Rwanda,1,58
C05622,2023-02-18,Referral,Kenya,0,39
C05623,2023-06-15,Email,Uganda,1,48
C05624,14/07/2024,Email,Tanzania,1,38
C05625,06/08/2024,Organic,Tanzania,1,53
C05626,24/06/2024,Email,Rwanda,1,57
C05627,02/02/2023,Paid Ads,Kenya,0,40
C05628,12-15-2023,Organic,Kenya,0,43
C05629,03/03/2024,Paid Ads,Kenya,0,35
C05630,2024-07-20,Organic,Tanzania,0,32
C05631,2023-10-04,Email,Rwanda,0,51
C05632,2023-03-28,Paid Ads,Tanzania,1,39
C05633,22/04/2024,Organic,Kenya,0,45
C05634,07-04-2024,Organic,Uganda,1,60
C05635,20/06/2023,Organic,Tanzania,1,24
C05636,2023-04-30,Organic,Rwanda,1,57
C05637,07-08-2023,Paid Ads,Kenya,0,59
C05638,30/05/2024,Email,Uganda,1,41
C05639,2023-02-11,Organic,Tanzania,0,52
C05640,08-23-2024,Organic,Uganda,1,30
C05641,2023-04-26,Paid Ads,Uganda,1,30
C05642,2024-01-30,Email,Rwanda,1,48
C05643,20/04/2023,Organic,Tanzania,1,36
C05644,03-07-2023,Organic,Rwanda,1,46
C05645,07/03/2024,Paid Ads,Kenya,1,39
C05646,05-08-2023,Organic,Uganda,0,58
C05647,24/06/2023,Organic,Rwanda,1,38
C05648,2023-01-06,Email,Rwanda,1,33
C05649,08-22-2024,Paid Ads,Kenya,1,47
C05650,10-24-2023,Paid Ads,Tanzania,1,22
C05651,2024-05-22,Email,Rwanda,1,58
C05652,03/02/2023,Paid Ads,Uganda,1,58
C05653,2023-03-20,Organic,Uganda,1,23
C05654,25/01/2024,Organic,Uganda,1,38
C05655,29/10/2023,Organic,Uganda,1,59
C05656,2024-05-20,Organic,Rwanda,0,28
C05657,03-14-2023,Paid Ads,Uganda,1,41
C05658,06-23-2024,Email,Rwanda,1,45
C05659,04-01-2023,Referral,Tanzania,1,32
C05660,09-11-2023,Paid Ads,Uganda,1,56
C05661,22/04/2023,Organic,Tanzania,1,63
C05662,02-19-2023,Organic,Rwanda,1,57
C05663,26/02/2024,Email,Kenya,1,64
C05664,2023-04-14,Paid Ads,Tanzania,1,36
C05665,11/08/2023,Paid Ads,Uganda,0,34
C05666,12-27-2023,Email,Kenya,0,20
C05667,07-14-2023,Email,Tanzania,0,20
C05668,2023-02-10,Email,Rwanda,1,56
C05669,2024-07-11,Organic,Rwanda,1,45
C05670,16/07/2024,Email,Rwanda,1,48
C05671,2024-02-24,Email,Tanzania,1,59
C05672,06/02/2023,Organic,Rwanda,1,64
C05673,2023-05-20,Paid Ads,Tanzania,1,25
C05674,25/12/2023,Organic,Uganda,1,34
C05675,06-12-2024,Referral,Uganda,0,52
C05676,2024-06-24,Organic,Tanzania,1,53
C05677,05-06-2024,Paid Ads,Tanzania,1,44
C05678,12/04/2023,Organic,Kenya,1,57
C05679,2024-06-04,Email,Rwanda,1,62
C05680,22/06/2023,Organic,Uganda,1,50
C05681,06-15-2024,Organic,Uganda,1,28
C05682,21/02/2024,Paid Ads,Kenya,1,38
C05683,03-09-2023,Referral,Tanzania,1,23
C05684,2024-05-05,Organic,Tanzania,1,
C05685,12-18-2023,Organic,Kenya,1,38
C05686,2024-06-21,Email,Rwanda,1,45
C05687,08-16-2024,Paid Ads,Tanzania,1,34
C05688,02-14-2023,Referral,Tanzania,1,35
C05689,14/07/2024,Organic,Rwanda,0,28
C05690,2024-01-23,Paid Ads,Rwanda,1,63
C05691,01-12-2024,Organic,Kenya,1,61
C05692,2024-02-20,Organic,Kenya,0,42
C05693,06-04-2024,Paid Ads,Kenya,0,47
C05694,07-21-2024,Paid Ads,Tanzania,0,42
C05695,22/01/2024,Email,Kenya,1,24
C05696,06/06/2024,Organic,Tanzania,1,54
C05697,2023-11-06,Paid Ads,Uganda,1,63
C05698,01-25-2023,Paid Ads,Rwanda,1,44
C05699,09-07-2023,Referral,Rwanda,0,43
C05700,2024-04-04,Organic,Uganda,1,30
C05701,08-06-2023,Organic,Kenya,0,41
C05702,04-30-2024,Organic,Tanzania,1,29
C05703,02/07/2023,Paid Ads,Tanzania,1,31
C05704,2023-03-10,Organic,Tanzania,0,26
C05705,2023-04-05,Referral,Rwanda,1,48
C05706,11-06-2023,Organic,Kenya,0,21
C05707,2024-05-05,Email,Tanzania,1,36
C05708,01-20-2023,Organic,Tanzania,1,18
C05709,04/05/2023,Paid Ads,Tanzania,1,46
C05710,24/04/2024,Referral,Uganda,0,62
C05711,07/02/2023,Organic,Tanzania,1,23
C05712,2023-11-23,Referral,Uganda,1,18
C05713,2023-03-07,Paid Ads,Tanzania,1,42
C05714,14/01/2023,Referral,Tanzania,1,44
C05715,10-28-2023,Paid Ads,Tanzania,1,39
C05716,2023-11-10,Organic,Uganda,1,34
C05717,2023-08-30,Organic,Tanzania,1,46
C05718,21/04/2024,Organic,Kenya,1,20
C05719,09/05/2024,Organic,Tanzania,0,34
C05720,2023-06-07,Organic,Uganda,1,19
C05721,2023-12-30,Organic,Uganda,0,49
C05722,14/06/2024,Paid Ads,Kenya,1,39
C05723,06/08/2024,Email,Rwanda,0,56
C05724,11-11-2023,Organic,Kenya,1,50
C05725,2023-12-28,Organic,Kenya,1,39
C05726,2024-05-01,Paid Ads,Uganda,0,64
C05727,17/12/2023,Organic,Tanzania,1,21
C05728,2024-07-18,Organic,Tanzania,1,55
C05729,2023-01-19,Organic,Rwanda,0,30
C05730,2024-07-28,Referral,Rwanda,1,40
C05731,14/03/2023,Email,Rwanda,0,30
C05732,06-30-2023,Organic,Rwanda,1,37
C05733,12-19-2023,Paid Ads,Kenya,1,50
C05734,12-18-2023,Paid Ads,Kenya,1,51
C05735,2024-05-21,Paid Ads,Tanzania,1,55
C05736,2024-01-27,Paid Ads,Kenya,1,46
C05737,25/05/2023,Paid Ads,Tanzania,1,49
C05738,10/05/2024,Organic,Tanzania,1,28
C05739,19/08/2023,Organic,Tanzania,1,35
C05740,07-02-2024,Paid Ads,Tanzania,1,62
C05741,02-02-2024,Email,Uganda,0,38
C05742,04-25-2023,Paid Ads,Tanzania,1,29
C05743,2023-12-13,Email,Kenya,1,56
C05744,16/08/2023,Referral,Kenya,0,37
C05745,02-22-2024,Organic,Kenya,1,24
C05746,30/03/2024,Paid Ads,Kenya,0,44
C05747,2023-08-07,Paid Ads,Uganda,1,24
C05748,2024-07-18,Referral,Rwanda,1,19
C05749,2024-07-28,Referral,Rwanda,1,60
C05750,02-12-2023,Paid Ads,Tanzania,1,50
C05751,2023-02-22,Organic,Tanzania,0,38
C05752,2024-01-12,Email,Kenya,1,46
C05753,09/05/2024,Organic,Kenya,1,49
C05754,17/07/2023,Email,Rwanda,1,62
C05755,2024-05-03,Referral,Rwanda,1,29
C05756,2023-03-10,Organic,Kenya,1,30
C05757,07/04/2023,Paid Ads,Tanzania,1,56
C05758,02-15-2023,Paid Ads,Uganda,0,61
C05759,12-23-2023,Paid Ads,Uganda,0,57
C05760,28/11/2023,Organic,Rwanda,1,20
C05761,18/04/2024,Email,Rwanda,1,56
C05762,11-27-2023,Referral,Rwanda,1,25
C05763,2023-08-15,Referral,Uganda,1,63
C05764,07-15-2024,Organic,Uganda,1,63
C05765,01-26-2024,Email,Kenya,1,19
C05766,2024-04-14,Email,Tanzania,1,23
C05767,01-23-2024,Organic,Rwanda,0,
C05768,2024-08-19,Organic,Kenya,0,58
C05769,2023-03-10,Organic,Uganda,1,32
C05770,17/11/2023,Referral,Kenya,1,64
C05771,02-22-2024,Paid Ads,Uganda,1,29
C05772,2023-01-24,Email,Tanzania,1,58
C05773,2023-01-05,Organic,Uganda,1,
C05774,2023-01-07,Email,Kenya,1,49
C05775,30/11/2023,Organic,Tanzania,0,23
C05776,06/01/2023,Organic,Uganda,0,44
C05777,27/11/2023,Paid Ads,Rwanda,1,64
C05778,06-30-2023,Organic,Uganda,1,30
C05779,05-05-2023,Email,Tanzania,1,40
C05780,29/11/2023,Organic,Kenya,0,27
C05781,23/05/2023,Paid Ads,Tanzania,0,31
C05782,12/06/2024,Paid Ads,Kenya,1,20
C05783,07-19-2023,Paid Ads,Uganda,1,29
C05784,2023-08-23,Organic,Uganda,1,42
C05785,2023-10-14,Organic,Tanzania,1,18
C05786,01-24-2023,Referral,Rwanda,1,49
C05787,10/04/2023,Organic,Uganda,1,41
C05788,08-04-2023,Email,Rwanda,1,
C05789,28/08/2023,Referral,Rwanda,1,59
C05790,07-14-2024,Organic,Tanzania,0,26
C05791,05-11-2024,Organic,Uganda,1,18
C05792,2024-08-17,Paid Ads,Rwanda,1,59
C05793,08-18-2024,Referral,Uganda,1,56
C05794,02-15-2024,Referral,Kenya,1,27
C05795,20/02/2024,Paid Ads,Rwanda,1,61
C05796,2024-05-08,Email,Tanzania,1,60
C05797,2023-12-31,Organic,Tanzania,0,58
C05798,2023-01-10,Referral,Rwanda,1,47
C05799,07-23-2023,Referral,Uganda,1,22
C05800,15/03/2024,Organic,Kenya,1,21
C05801,2023-06-23,Organic,Kenya,1,62
C05802,09-15-2023,Organic,Tanzania,0,25
C05803,29/04/2023,Organic,Tanzania,1,33
C05804,2023-05-25,Email,Uganda,1,18
C05805,27/12/2023,Organic,Tanzania,1,32
C05806,06-23-2023,Organic,Uganda,1,41
C05807,01-17-2023,Organic,Rwanda,0,32
C05808,02/08/2023,Referral,Kenya,1,23
C05809,04-22-2024,Paid Ads,Rwanda,1,19
C05810,27/02/2024,Paid Ads,Tanzania,0,22
C05811,03-05-2024,Organic,Kenya,1,56
C05812,07-23-2024,Referral,Kenya,1,58
C05813,2024-02-09,Email,Rwanda,1,51
C05814,2024-04-09,Organic,Uganda,1,56
C05815,2023-01-21,Organic,Kenya,1,49
C05816,2024-08-02,Organic,Uganda,1,46
C05817,05/06/2023,Organic,Rwanda,1,46
C05818,2023-05-27,Paid Ads,Rwanda,1,41
C05819,2023-11-27,Referral,Uganda,1,63
C05820,18/11/2023,Paid Ads,Rwanda,1,48
C05821,15/02/2024,Email,Kenya,0,41
C05822,07-04-2023,Paid Ads,Rwanda,1,32
C05823,29/11/2023,Email,Rwanda,0,29
C05824,2023-12-04,Email,Kenya,1,37
C05825,02-04-2023,Organic,Uganda,1,21
C05826,14/04/2023,Organic,Rwanda,1,30
C05827,2023-04-07,Paid Ads,Uganda,0,58
C05828,17/12/2023,Organic,Kenya,1,61
C05829,01-28-2023,Organic,Uganda,1,27
C05830,08/05/2023,Paid Ads,Uganda,0,58
C05831,2023-05-01,Referral,Tanzania,0,40
C05832,10-19-2023,Paid Ads,Tanzania,1,24
C05833,18/04/2024,Email,Rwanda,0,29
C05834,2023-09-06,Paid Ads,Tanzania,1,
C05835,07/07/2024,Email,Tanzania,1,32
C05836,24/12/2023,Paid Ads,Tanzania,1,24
C05837,13/11/2023,Email,Uganda,1,25
C05838,2023-10-01,Paid Ads,Uganda,1,24
C05839,18/11/2023,Paid Ads,Tanzania,1,60
C05840,2024-02-14,Paid Ads,Kenya,1,21
C05841,18/10/2023,Paid Ads,Tanzania,1,24
C05842,2023-04-01,Organic,Kenya,0,62
C05843,07/08/2024,Organic,Uganda,1,58
C05844,26/12/2023,Organic,Kenya,0,47
C05845,26/03/2023,Email,Uganda,0,35
C05846,06/03/2023,Organic,Kenya,0,47
C05847,14/04/2023,Organic,Uganda,0,24
C05848,2024-06-09,Email,Uganda,1,
C05849,2023-10-20,Organic,Tanzania,1,40
C05850,2023-05-19,Paid Ads,Rwanda,1,54
C05851,2023-10-31,Organic,Rwanda,1,24
C05852,11/08/2024,Referral,Uganda,1,55
C05853,2024-02-23,Email,Tanzania,1,46
C05854,2023-09-21,Email,Rwanda,0,51
C05855,20/05/2024,Paid Ads,Rwanda,0,56
C05856,2023-03-13,Email,Tanzania,1,58
C05857,07-18-2024,Organic,Tanzania,1,62
C05858,27/06/2023,Organic,Rwanda,1,64
C05859,2023-06-01,Organic,Rwanda,0,35
C05860,18/07/2023,Paid Ads,Kenya,1,64
C05861,07-30-2024,Paid Ads,Kenya,1,60
C05862,2023-03-20,Paid Ads,Uganda,1,42
C05863,12-15-2023,Organic,Rwanda,1,44
C05864,08-17-2023,Paid Ads,Tanzania,0,44
C05865,27/08/2023,Email,Tanzania,1,29
C05866,15/08/2023,Paid Ads,Rwanda,1,40
C05867,12-07-2023,Email,Uganda,0,34
C05868,29/09/2023,Organic,Tanzania,0,61
C05869,16/02/2024,Email,Rwanda,0,24
C05870,02-17-2023,Paid Ads,Rwanda,1,41
C05871,09/06/2023,Organic,Uganda,1,24
C05872,07-12-2024,Organic,Rwanda,1,46
C05873,28/11/2023,Paid Ads,Tanzania,1,45
C05874,18/09/2023,Email,Kenya,1,40
C05875,2023-01-02,Paid Ads,Uganda,1,27
C05876,13/02/2024,Organic,Rwanda,1,33
C05877,2024-07-06,Email,Uganda,0,60
C05878,2024-04-21,Paid Ads,Rwanda,1,
C05879,15/02/2023,Paid Ads,Kenya,0,51
C05880,02-08-2024,Paid Ads,Uganda,1,42
C05881,08/04/2024,Organic,Rwanda,1,19
C05882,27/04/2024,Paid Ads,Kenya,1,22
C05883,08-30-2023,Organic,Tanzania,1,31
C05884,03-03-2023,Referral,Rwanda,1,48
C05885,12-03-2023,Paid Ads,Kenya,0,57
C05886,02-06-2024,Paid Ads,Kenya,1,23
C05887,15/06/2023,Paid Ads,Uganda,0,45
C05888,05-03-2023,Referral,Rwanda,1,26
C05889,02/04/2023,Email,Tanzania,0,23
C05890,2023-02-19,Paid Ads,Rwanda,1,34
C05891,2024-04-10,Email,Kenya,0,57
C05892,2023-06-04,Paid Ads,Tanzania,1,52
C05893,2023-03-21,Paid Ads,Kenya,1,29
C05894,03/11/2023,Organic,Uganda,0,62
C05895,2023-12-05,Paid Ads,Rwanda,1,35
C05896,12-21-2023,Organic,Kenya,1,60
C05897,03-06-2023,Referral,Kenya,0,51
C05898,2024-03-25,Organic,Rwanda,1,63
C05899,2023-07-26,Referral,Tanzania,1,18
C05900,07-17-2024,Paid Ads,Kenya,1,32
C05901,14/05/2023,Paid Ads,Rwanda,0,35
C05902,20/07/2024,Paid Ads,Uganda,1,39
C05903,2024-01-23,Organic,Uganda,1,35
C05904,04-16-2024,Organic,Rwanda,1,18
C05905,31/01/2024,Organic,Kenya,0,63
C05906,01-19-2023,Paid Ads,Rwanda,0,37
C05907,02-15-2023,Paid Ads,Rwanda,1,
C05908,05-22-2024,Email,Kenya,1,53
C05909,09-11-2023,Organic,Tanzania,1,55
C05910,2024-01-01,Organic,Tanzania,1,42
C05911,05-25-2024,Paid Ads,Uganda,1,33
C05912,09/04/2024,Referral,Tanzania,0,37
C05913,14/03/2024,Email,Rwanda,1,55
C05914,2023-03-25,Paid Ads,Kenya,1,64
C05915,2023-03-20,Paid Ads,Uganda,1,50
C05916,06/04/2024,Organic,Tanzania,1,24
C05917,2023-12-07,Referral,Rwanda,1,40
C05918,25/05/2023,Paid Ads,Uganda,1,28
C05919,02/02/2023,Organic,Kenya,1,50
C05920,2024-01-26,Paid Ads,Tanzania,1,57
C05921,14/04/2024,Organic,Rwanda,0,63
C05922,04-19-2023,Referral,Kenya,1,22
C05923,12-04-2023,Organic,Rwanda,1,62
C05924,22/02/2024,Paid Ads,Rwanda,1,64
C05925,14/03/2024,Organic,Rwanda,0,58
C05926,2023-10-30,Email,Kenya,0,25
C05927,07-01-2023,Email,Uganda,1,34
C05928,01/05/2023,Paid Ads,Rwanda,1,35
C05929,2024-04-26,Paid Ads,Uganda,1,44
C05930,06-11-2024,Email,Uganda,1,48
C05931,06/01/2023,Organic,Tanzania,1,21
C05932,12-22-2023,Organic,Tanzania,1,19
C05933,2023-11-13,Organic,Uganda,1,22
C05934,2023-12-17,Referral,Tanzania,1,34
C05935,2024-07-11,Organic,Tanzania,1,56
C05936,01-05-2023,Email,Uganda,1,49
C05937,08-19-2024,Paid Ads,Kenya,1,46
C05938,2023-05-03,Organic,Tanzania,1,33
C05939,13/06/2023,Organic,Tanzania,1,18
C05940,22/08/2024,Organic,Kenya,1,29
C05941,2023-03-29,Paid Ads,Kenya,0,36
C05942,17/03/2024,Organic,Kenya,1,26
C05943,06-21-2024,Organic,Uganda,0,
C05944,2024-03-16,Email,Kenya,1,24
C05945,07-01-2023,Referral,Uganda,1,47
C05946,14/04/2023,Organic,Rwanda,1,32
C05947,02-19-2023,Organic,Rwanda,0,61
C05948,2023-05-01,Organic,Kenya,1,21
C05949,08-06-2023,Paid Ads,Kenya,1,23
C05950,13/10/2023,Email,Rwanda,1,55
C05951,09-06-2023,Organic,Uganda,0,64
C05952,2023-07-03,Organic,Uganda,0,52
C05953,07/08/2023,Email,Kenya,1,19
C05954,01/06/2023,Paid Ads,Kenya,1,22
C05955,03-20-2024,Organic,Kenya,1,25
C05956,10-15-2023,Paid Ads,Rwanda,0,47
C05957,04-01-2024,Organic,Tanzania,1,
C05958,02/06/2024,Organic,Kenya,0,36
C05959,01-09-2024,Email,Uganda,1,47
C05960,18/06/2023,Email,Tanzania,1,48
C05961,06/03/2024,Paid Ads,Uganda,0,33
C05962,06-28-2024,Referral,Tanzania,1,55
C05963,02-14-2024,Paid Ads,Rwanda,0,39
C05964,02/09/2023,Email,Tanzania,1,50
C05965,06-20-2023,Paid Ads,Uganda,0,39
C05966,04-06-2023,Email,Tanzania,1,25
C05967,18/05/2024,Referral,Rwanda,1,54
C05968,12-11-2023,Organic,Uganda,1,29
C05969,04/01/2023,Referral,Kenya,1,22
C05970,2023-01-10,Email,Tanzania,1,42
C05971,05-15-2023,Email,Uganda,0,46
C05972,05-07-2024,Organic,Tanzania,1,30
C05973,18/07/2024,Email,Rwanda,1,43
C05974,08-02-2023,Email,Uganda,0,39
C05975,2023-06-12,Organic,Kenya,1,46
C05976,04/04/2024,Referral,Kenya,1,29
C05977,08-13-2024,Organic,Tanzania,1,
C05978,04/08/2024,Organic,Rwanda,0,63
C05979,03-09-2024,Paid Ads,Rwanda,1,60
C05980,01-01-2024,Paid Ads,Tanzania,1,45
C05981,2023-10-01,Paid Ads,Uganda,0,26
C05982,16/05/2024,Organic,Uganda,0,27
C05983,06-15-2024,Referral,Tanzania,1,
C05984,12/05/2024,Organic,Uganda,1,59
C05985,01-10-2023,Organic,Uganda,0,43
C05986,02-09-2024,Organic,Uganda,1,53
C05987,2024-03-29,Paid Ads,Tanzania,0,57
C05988,23/06/2024,Referral,Kenya,1,28
C05989,2024-08-08,Paid Ads,Rwanda,1,23
C05990,2024-02-12,Email,Kenya,1,21
C05991,2023-05-02,Organic,Uganda,1,44
C05992,2024-01-26,Paid Ads,Tanzania,1,41
C05993,03/05/2023,Paid Ads,Rwanda,1,22
C05994,16/03/2024,Paid Ads,Uganda,1,20
C05995,03-20-2024,Organic,Rwanda,1,24
C05996,07-04-2023,Paid Ads,Rwanda,1,41
C05997,2023-07-22,Paid Ads,Kenya,0,39
C05998,2024-06-09,Email,Uganda,1,29
C05999,2023-09-20,Paid Ads,Rwanda,1,52
C06000,11-06-2023,Organic,Kenya,1,34
C06001,10/03/2024,Paid Ads,Tanzania,1,20
C06002,11/03/2023,Organic,Rwanda,1,28
C06003,2023-10-28,Email,Uganda,1,23
C06004,2024-05-10,Paid Ads,Tanzania,1,60
C06005,17/07/2024,Organic,Rwanda,1,53
C06006,2023-01-21,Referral,Rwanda,1,34
C06007,2023-11-21,Paid Ads,Uganda,0,39
C06008,07-25-2023,Organic,Rwanda,1,18
C06009,02-13-2024,Paid Ads,Uganda,1,61
C06010,12/11/2023,Organic,Uganda,1,20
C06011,05-10-2023,Email,Uganda,1,33
C06012,14/03/2024,Email,Uganda,1,52
C06013,02-24-2024,Referral,Rwanda,0,31
C06014,07-15-2024,Paid Ads,Tanzania,1,24
C06015,05/11/2023,Paid Ads,Tanzania,1,43
C06016,04-06-2024,Email,Kenya,1,60
C06017,04/01/2023,Organic,Uganda,1,
C06018,2023-07-06,Paid Ads,Rwanda,1,48
C06019,20/12/2023,Paid Ads,Rwanda,1,41
C06020,02-06-2024,Organic,Kenya,0,36
C06021,2024-01-23,Paid Ads,Tanzania,1,54
C06022,10-28-2023,Email,Rwanda,1,18
C06023,01-09-2024,Email,Kenya,1,42
C06024,2023-10-09,Organic,Tanzania,1,27
C06025,2023-11-08,Organic,Rwanda,0,35
C06026,02-08-2023,Organic,Uganda,0,59
C06027,2023-02-02,Email,Kenya,1,18
C06028,12-02-2023,Organic,Rwanda,1,46
C06029,12-11-2023,Email,Kenya,1,30
C06030,08-13-2023,Organic,Kenya,1,21
C06031,2023-07-20,Paid Ads,Kenya,1,29
C06032,2024-03-03,Organic,Uganda,0,
C06033,29/11/2023,Email,Tanzania,1,36
C06034,04-17-2023,Organic,Tanzania,1,43
C06035,16/08/2023,Paid Ads,Rwanda,1,61
C06036,10-24-2023,Organic,Uganda,1,55
C06037,2023-07-23,Email,Tanzania,1,33
C06038,19/01/2024,Email,Rwanda,1,61
C06039,2024-02-08,Organic,Rwanda,1,42
C06040,2023-05-20,Email,Kenya,1,27
C06041,04-30-2024,Paid Ads,Uganda,1,54
C06042,10/02/2024,Organic,Tanzania,1,45
C06043,09-16-2023,Paid Ads,Uganda,0,45
C06044,20/08/2023,Organic,Uganda,0,42
C06045,2023-03-31,Email,Tanzania,0,42
C06046,01/02/2023,Email,Tanzania,1,29
C06047,2024-08-01,Organic,Uganda,1,25
C06048,05/06/2023,Paid Ads,Rwanda,1,53
C06049,05-30-2024,Email,Uganda,0,56
C06050,11/09/2023,Referral,Tanzania,1,41
C06051,2024-04-26,Paid Ads,Uganda,1,40
C06052,02-05-2023,Referral,Tanzania,1,54
C06053,06/07/2023,Paid Ads,Rwanda,1,28
C06054,30/08/2023,Organic,Uganda,1,34
C06055,2023-12-19,Email,Rwanda,1,45
C06056,01-16-2023,Paid Ads,Uganda,1,20
C06057,28/07/2024,Paid Ads,Uganda,0,19
C06058,04-01-2024,Paid Ads,Tanzania,1,46
C06059,11/05/2023,Email,Kenya,0,51
C06060,2023-10-17,Email,Tanzania,1,31
C06061,2023-06-18,Paid Ads,Uganda,1,50
C06062,2024-05-18,Organic,Kenya,1,
C06063,2023-07-30,Paid Ads,Kenya,1,64
C06064,03-05-2023,Paid Ads,Rwanda,1,35
C06065,2024-03-25,Organic,Uganda,1,46
C06066,09-03-2023,Email,Tanzania,1,19
C06067,05-30-2023,Paid Ads,Kenya,1,28
C06068,29/01/2023,Organic,Kenya,1,48
C06069,2023-08-29,Organic,Tanzania,1,30
C06070,15/12/2023,Organic,Tanzania,1,61
C06071,2023-02-15,Referral,Kenya,1,43
C06072,15/08/2023,Organic,Tanzania,1,51
C06073,04-25-2023,Organic,Rwanda,1,27
C06074,01-31-2024,Paid Ads,Kenya,1,29
C06075,19/01/2023,Organic,Rwanda,1,39
C06076,10-24-2023,Organic,Uganda,1,63
C06077,06-09-2024,Organic,Rwanda,1,48
C06078,15/06/2024,Paid Ads,Tanzania,1,36
C06079,08/02/2023,Paid Ads,Kenya,1,62
C06080,15/05/2023,Organic,Rwanda,1,41
C06081,2023-11-15,Paid Ads,Tanzania,0,42
C06082,2023-03-09,Referral,Tanzania,1,52
C06083,2023-03-02,Organic,Rwanda,1,25
C06084,02-24-2023,Organic,Kenya,0,22
C06085,07-04-2023,Organic,Rwanda,1,39
C06086,2023-10-12,Paid Ads,Uganda,1,45
C06087,08-08-2023,Email,Rwanda,0,29
C06088,2023-04-14,Organic,Rwanda,0,50
C06089,2023-02-24,Email,Kenya,1,33
C06090,12/10/2023,Organic,Rwanda,1,43
C06091,06-07-2024,Paid Ads,Tanzania,1,29
C06092,2024-07-02,Email,Kenya,1,40
C06093,01-10-2024,Organic,Tanzania,1,43
C06094,04-14-2023,Paid Ads,Kenya,1,58
C06095,12/04/2024,Organic,Uganda,0,30
C06096,05/11/2023,Email,Uganda,1,40
C06097,12-27-2023,Organic,Uganda,1,48
C06098,07-27-2023,Email,Rwanda,1,53
C06099,06-28-2024,Organic,Uganda,1,44
C06100,04-04-2023,Email,Kenya,1,53
C06101,2023-02-03,Organic,Uganda,1,64
C06102,05/10/2023,Email,Kenya,1,59
C06103,02-27-2024,Organic,Tanzania,1,40
C06104,2023-07-31,Referral,Rwanda,1,55
C06105,10-21-2023,Organic,Tanzania,1,20
C06106,01-07-2023,Organic,Tanzania,1,47
C06107,27/02/2023,Paid Ads,Uganda,1,49
C06108,2023-09-29,Organic,Uganda,1,32
C06109,2024-08-16,Organic,Uganda,1,55
C06110,17/04/2023,Referral,Tanzania,1,28
C06111,2023-09-11,Referral,Rwanda,0,19
C06112,24/05/2023,Organic,Rwanda,1,43
C06113,2024-07-28,Referral,Tanzania,1,51
C06114,08-04-2023,Paid Ads,Rwanda,1,18
C06115,12/07/2024,Organic,Tanzania,1,28
C06116,05/08/2024,Email,Tanzania,1,22
C06117,03-20-2023,Paid Ads,Rwanda,1,43
C06118,2023-01-02,Referral,Kenya,0,23
C06119,18/11/2023,Organic,Kenya,1,52
C06120,2024-07-31,Paid Ads,Uganda,1,22
C06121,11-29-2023,Organic,Rwanda,1,26
C06122,09-19-2023,Organic,Uganda,1,45
C06123,21/05/2024,Organic,Tanzania,1,36
C06124,30/07/2024,Referral,Kenya,1,22
C06125,16/03/2023,Email,Rwanda,0,40
C06126,2023-01-03,Email,Rwanda,0,61
C06127,2023-12-21,Paid Ads,Rwanda,1,61
C06128,27/04/2024,Organic,Kenya,1,33
C06129,01-01-2024,Organic,Uganda,1,24
C06130,2024-02-22,Organic,Kenya,1,31
C06131,27/06/2024,Organic,Uganda,0,39
C06132,03-19-2023,Email,Tanzania,1,26
C06133,2023-01-21,Paid Ads,Tanzania,1,64
C06134,07/02/2023,Organic,Uganda,1,40
C06135,2024-05-20,Organic,Tanzania,1,60
C06136,02-27-2023,Organic,Tanzania,1,21
C06137,05-05-2024,Paid Ads,Rwanda,0,60
C06138,19/12/2023,Referral,Rwanda,1,43
C06139,02-15-2024,Paid Ads,Kenya,1,58
C06140,2024-01-21,Email,Kenya,1,23
C06141,10/03/2023,Paid Ads,Kenya,1,48
C06142,19/01/2024,Organic,Rwanda,1,34
C06143,13/10/2023,Organic,Kenya,1,26
C06144,15/08/2023,Email,Kenya,1,44
C06145,07/05/2024,Email,Rwanda,1,23
C06146,05-18-2023,Organic,Uganda,1,23
C06147,2023-10-30,Paid Ads,Rwanda,1,21
C06148,09/06/2024,Paid Ads,Uganda,1,60
C06149,07/10/2023,Paid Ads,Rwanda,0,20
C06150,08-27-2023,Referral,Kenya,1,41
C06151,2024-06-13,Paid Ads,Tanzania,1,35
C06152,07/08/2024,Paid Ads,Tanzania,0,49
C06153,2023-01-05,Organic,Uganda,1,
C06154,06-28-2023,Organic,Uganda,1,38
C06155,03-25-2024,Organic,Uganda,1,
C06156,05-07-2023,Organic,Tanzania,1,46
C06157,01-26-2023,Email,Uganda,1,49
C06158,05-16-2023,Email,Rwanda,1,42
C06159,20/02/2023,Organic,Rwanda,0,29
C06160,2023-07-17,Email,Tanzania,1,63
C06161,03-10-2023,Organic,Rwanda,1,26
C06162,2024-08-12,Organic,Uganda,1,24
C06163,2023-04-12,Organic,Tanzania,1,31
C06164,01-30-2023,Organic,Uganda,1,37
C06165,12-10-2023,Organic,Rwanda,1,37
C06166,26/04/2024,Paid Ads,Uganda,1,27
C06167,07-17-2024,Paid Ads,Tanzania,1,28
C06168,03-01-2024,Referral,Uganda,1,56
C06169,04-20-2024,Organic,Rwanda,0,36
C06170,2024-06-13,Organic,Kenya,1,36
C06171,2023-05-01,Organic,Tanzania,0,60
C06172,30/05/2023,Paid Ads,Uganda,1,23
C06173,04-08-2024,Organic,Tanzania,1,25
C06174,08-05-2024,Email,Uganda,1,18
C06175,13/07/2023,Paid Ads,Kenya,0,40
C06176,30/05/2024,Paid Ads,Rwanda,1,57
C06177,04/05/2023,Paid Ads,Uganda,1,54
C06178,02-25-2024,Organic,Uganda,1,27
C06179,2023-02-07,Organic,Kenya,1,19
C06180,06-16-2023,Organic,Tanzania,1,53
C06181,03/01/2024,Paid Ads,Rwanda,1,19
C06182,28/01/2024,Organic,Uganda,0,32
C06183,2024-08-19,Organic,Uganda,1,37
C06184,19/11/2023,Referral,Rwanda,1,59
C06185,2023-10-18,Organic,Kenya,1,38
C06186,2024-02-20,Email,Tanzania,1,47
C06187,15/03/2023,Email,Rwanda,1,41
C06188,07-23-2023,Organic,Tanzania,1,19
C06189,2023-03-24,Organic,Kenya,1,55
C06190,2024-02-01,Organic,Kenya,0,39
C06191,08/10/2023,Paid Ads,Rwanda,1,46
C06192,06-27-2023,Paid Ads,Uganda,1,31
C06193,02-02-2023,Email,Kenya,1,22
C06194,06-12-2024,Referral,Kenya,1,41
C06195,12-09-2023,Paid Ads,Rwanda,0,43
C06196,2024-02-05,Organic,Rwanda,1,19
C06197,12-05-2023,Organic,Rwanda,0,63
C06198,12-10-2023,Email,Kenya,1,62
C06199,03-04-2023,Organic,Tanzania,1,51
C06200,2023-07-27,Organic,Kenya,1,40
C06201,2024-07-16,Email,Rwanda,1,58
C06202,28/04/2023,Paid Ads,Uganda,1,52
C06203,2024-06-26,Referral,Uganda,0,32
C06204,2023-10-14,Paid Ads,Rwanda,1,20
C06205,31/10/2023,Organic,Uganda,1,29
C06206,19/06/2024,Referral,Kenya,1,55
C06207,01-03-2023,Organic,Tanzania,1,34
C06208,2023-02-10,Organic,Kenya,1,55
C06209,2023-11-28,Paid Ads,Rwanda,1,44
C06210,21/04/2024,Organic,Kenya,1,36
C06211,2024-06-28,Paid Ads,Uganda,1,
C06212,12-15-2023,Organic,Kenya,1,38
C06213,01-08-2023,Paid Ads,Tanzania,1,57
C06214,2023-05-15,Organic,Uganda,0,41
C06215,2024-04-28,Email,Tanzania,1,41
C06216,14/11/2023,Email,Tanzania,1,36
C06217,2023-11-04,Organic,Tanzania,1,48
C06218,2023-06-04,Organic,Kenya,0,57
C06219,01-10-2023,Organic,Kenya,0,37
C06220,2023-02-13,Organic,Kenya,0,32
C06221,25/01/2024,Email,Kenya,1,57
C06222,2024-08-18,Email,Uganda,1,52
C06223,2023-03-26,Organic,Kenya,0,
C06224,25/03/2023,Organic,Uganda,1,52
C06225,12/04/2024,Organic,Tanzania,1,50
C06226,2023-06-30,Paid Ads,Uganda,0,57
C06227,17/04/2023,Organic,Rwanda,1,58
C06228,05-05-2023,Referral,Kenya,1,61
C06229,2023-04-22,Email,Rwanda,1,35
C06230,20/04/2023,Organic,Uganda,1,34
C06231,14/05/2023,Paid Ads,Kenya,1,25
C06232,26/05/2023,Referral,Rwanda,1,37
C06233,2023-06-18,Paid Ads,Kenya,1,28
C06234,2024-07-14,Organic,Uganda,1,47
C06235,2023-05-30,Organic,Rwanda,1,44
C06236,12-04-2023,Email,Uganda,1,56
C06237,07-30-2023,Paid Ads,Rwanda,1,31
C06238,26/06/2023,Paid Ads,Tanzania,1,59
C06239,04-01-2023,Email,Tanzania,1,32
C06240,12/03/2024,Email,Tanzania,1,29
C06241,10-21-2023,Referral,Tanzania,0,37
C06242,09-07-2023,Organic,Tanzania,1,34
C06243,21/03/2024,Paid Ads,Uganda,1,57
C06244,07-12-2024,Email,Tanzania,1,43
C06245,2023-10-16,Email,Uganda,1,31
C06246,04-06-2024,Paid Ads,Tanzania,0,42
C06247,10-23-2023,Organic,Kenya,0,43
C06248,2023-11-25,Email,Tanzania,1,64
C06249,02/02/2024,Email,Kenya,1,42
C06250,2023-06-02,Organic,Uganda,1,42
C06251,02-01-2024,Paid Ads,Tanzania,1,44
C06252,2023-06-16,Organic,Rwanda,1,60
C06253,2024-06-24,Organic,Uganda,1,29
C06254,2023-05-10,Organic,Tanzania,1,37
C06255,2024-07-02,Paid Ads,Uganda,1,33
C06256,16/09/2023,Paid Ads,Rwanda,1,42
C06257,27/08/2023,Paid Ads,Tanzania,1,44
C06258,08-04-2024,Paid Ads,Rwanda,1,35
C06259,2023-04-14,Email,Tanzania,1,27
C06260,04-15-2024,Organic,Kenya,0,47
C06261,2024-01-01,Organic,Uganda,1,18
C06262,2023-04-24,Email,Rwanda,1,21
C06263,2023-11-15,Organic,Uganda,0,40
C06264,04-18-2024,Referral,Rwanda,0,24
C06265,05/05/2023,Email,Uganda,1,47
C06266,2023-07-31,Paid Ads,Uganda,1,43
C06267,04/06/2024,Referral,Uganda,1,18
C06268,02-05-2024,Organic,Kenya,1,46
C06269,2024-08-07,Organic,Tanzania,0,42
C06270,26/05/2023,Paid Ads,Kenya,1,57
C06271,02-23-2023,Organic,Uganda,1,43
C06272,03-15-2023,Referral,Rwanda,1,34
C06273,09-26-2023,Organic,Uganda,1,48
C06274,03/10/2023,Paid Ads,Tanzania,1,25
C06275,08-18-2023,Paid Ads,Kenya,1,22
C06276,01-27-2023,Paid Ads,Tanzania,1,18
C06277,13/08/2023,Organic,Rwanda,1,32
C06278,01-28-2023,Organic,Tanzania,1,53
C06279,04-27-2024,Email,Kenya,1,24
C06280,11-20-2023,Organic,Rwanda,1,63
C06281,2024-06-17,Email,Tanzania,1,61
C06282,06-07-2024,Paid Ads,Kenya,1,44
C06283,05-04-2023,Email,Kenya,1,52
C06284,2024-06-20,Email,Uganda,0,44
C06285,11/10/2023,Organic,Tanzania,1,37
C06286,05-24-2023,Paid Ads,Rwanda,0,35
C06287,2023-05-15,Email,Uganda,1,57
C06288,08-22-2023,Paid Ads,Tanzania,1,19
C06289,08-21-2024,Referral,Tanzania,1,47
C06290,11-09-2023,Paid Ads,Rwanda,1,55
C06291,2024-01-04,Organic,Uganda,0,47
C06292,04-22-2024,Organic,Uganda,1,24
C06293,2023-06-14,Referral,Rwanda,1,56
C06294,12-06-2023,Organic,Uganda,1,30
C06295,2024-04-03,Email,Kenya,0,50
C06296,2023-01-18,Email,Rwanda,1,57
C06297,11-09-2023,Organic,Tanzania,1,47
C06298,08/05/2023,Organic,Rwanda,1,47
C06299,03-16-2023,Email,Kenya,1,40
C06300,02-14-2024,Organic,Rwanda,1,62
C06301,01/12/2023,Email,Tanzania,1,41
C06302,2023-06-09,Paid Ads,Tanzania,0,37
C06303,27/04/2023,Paid Ads,Rwanda,0,45
C06304,2023-04-16,Email,Rwanda,1,36
C06305,2023-12-23,Organic,Kenya,1,30
C06306,09-16-2023,Paid Ads,Kenya,1,33
C06307,21/03/2023,Organic,Tanzania,1,32
C06308,08-27-2023,Organic,Uganda,1,28
C06309,2024-07-15,Paid Ads,Uganda,0,29
C06310,19/01/2023,Email,Uganda,0,39
C06311,10-26-2023,Organic,Uganda,1,42
C06312,2023-11-02,Paid Ads,Tanzania,0,20
C06313,13/04/2023,Paid Ads,Uganda,0,41
C06314,2024-06-25,Organic,Uganda,1,42
C06315,01/06/2024,Organic,Rwanda,1,26
C06316,01-01-2023,Referral,Uganda,1,45
C06317,06-12-2023,Email,Rwanda,1,63
C06318,2023-07-21,Paid Ads,Tanzania,1,47
C06319,16/01/2023,Paid Ads,Rwanda,1,24
C06320,2023-03-15,Organic,Kenya,1,28
C06321,2023-02-20,Paid Ads,Rwanda,1,27
C06322,08-09-2024,Paid Ads,Uganda,1,20
C06323,2023-11-30,Paid Ads,Rwanda,1,36
C06324,2024-03-07,Organic,Rwanda,0,19
C06325,06-12-2024,Organic,Tanzania,1,34
C06326,02-18-2023,Organic,Tanzania,1,46
C06327,09-11-2023,Referral,Uganda,0,19
C06328,05-28-2024,Paid Ads,Kenya,0,33
C06329,11-14-2023,Paid Ads,Kenya,1,27
C06330,07-20-2023,Organic,Rwanda,0,21
C06331,08-10-2023,Organic,Kenya,1,60
C06332,2024-07-27,Email,Tanzania,1,43
C06333,07/09/2023,Paid Ads,Uganda,1,41
C06334,2024-05-25,Paid Ads,Uganda,1,29
C06335,2023-10-21,Organic,Tanzania,1,38
C06336,05-13-2024,Email,Uganda,1,59
C06337,10-09-2023,Organic,Rwanda,1,33
C06338,2023-12-27,Organic,Uganda,1,53
C06339,05-23-2024,Paid Ads,Kenya,1,52
C06340,04-18-2023,Organic,Uganda,1,26
C06341,2023-07-19,Organic,Uganda,1,23
C06342,01-24-2024,Paid Ads,Tanzania,1,61
C06343,07-28-2024,Paid Ads,Tanzania,1,18
C06344,26/05/2024,Email,Kenya,1,31
C06345,2024-03-14,Paid Ads,Tanzania,1,41
C06346,14/06/2023,Organic,Kenya,1,27
C06347,2024-06-30,Organic,Rwanda,0,35
C06348,10/05/2024,Referral,Kenya,0,62
C06349,02-19-2023,Paid Ads,Uganda,0,26
C06350,04-15-2023,Email,Kenya,1,44
C06351,21/04/2024,Organic,Rwanda,1,36
C06352,2024-07-20,Paid Ads,Uganda,1,53
C06353,2023-05-27,Organic,Kenya,0,20
C06354,07/04/2024,Paid Ads,Tanzania,1,55
C06355,09-22-2023,Referral,Tanzania,1,26
C06356,2023-08-15,Referral,Tanzania,1,27
C06357,28/07/2023,Paid Ads,Kenya,1,26
C06358,2023-04-15,Paid Ads,Kenya,1,34
C06359,2023-01-20,Referral,Rwanda,1,59
C06360,2023-10-30,Paid Ads,Uganda,0,55
C06361,2023-08-14,Organic,Uganda,1,
C06362,18/01/2024,Paid Ads,Uganda,1,60
C06363,16/03/2024,Organic,Uganda,1,37
C06364,11/10/2023,Paid Ads,Kenya,1,24
C06365,04-27-2023,Paid Ads,Kenya,1,21
C06366,04-04-2024,Paid Ads,Rwanda,1,27
C06367,03-12-2023,Organic,Uganda,1,38
C06368,27/02/2024,Organic,Kenya,1,31
C06369,2024-07-02,Paid Ads,Kenya,1,42
C06370,01-29-2024,Email,Kenya,1,34
C06371,2023-01-13,Paid Ads,Kenya,1,45
C06372,2023-07-05,Organic,Uganda,0,31
C06373,03/10/2023,Referral,Uganda,1,30
C06374,06-19-2023,Referral,Kenya,1,51
C06375,06-03-2024,Organic,Tanzania,1,58
C06376,07-25-2023,Organic,Rwanda,1,20
C06377,2024-03-21,Email,Uganda,1,21
C06378,13/09/2023,Email,Uganda,1,61
C06379,06-23-2023,Referral,Tanzania,1,32
C06380,2024-07-21,Email,Uganda,0,37
C06381,09/08/2023,Paid Ads,Tanzania,1,25
C06382,09/08/2023,Paid Ads,Tanzania,1,22
C06383,2023-01-01,Organic,Kenya,1,19
C06384,21/11/2023,Organic,Uganda,1,45
C06385,07-22-2023,Paid Ads,Rwanda,1,39
C06386,08-21-2023,Paid Ads,Tanzania,1,26
C06387,2024-08-14,Paid Ads,Rwanda,0,45
C06388,2023-04-20,Email,Kenya,1,63
C06389,19/09/2023,Organic,Uganda,1,18
C06390,2024-03-20,Paid Ads,Kenya,1,53
C06391,04-21-2024,Organic,Kenya,1,59
C06392,04-10-2024,Paid Ads,Rwanda,1,19
C06393,21/05/2023,Email,Rwanda,0,55
C06394,2024-08-16,Paid Ads,Tanzania,0,43
C06395,2023-02-16,Referral,Uganda,0,48
C06396,2023-10-06,Organic,Kenya,1,58
C06397,24/05/2024,Paid Ads,Tanzania,1,36
C06398,04-24-2024,Organic,Tanzania,1,48
C06399,12/06/2024,Paid Ads,Kenya,0,26
C06400,2024-08-17,Email,Kenya,1,20
C06401,07-04-2023,Paid Ads,Tanzania,1,55
C06402,2023-01-01,Email,Kenya,1,23
C06403,07-02-2023,Organic,Kenya,1,62
C06404,2024-01-03,Email,Rwanda,1,62
C06405,09/03/2024,Organic,Uganda,1,24
C06406,03/07/2024,Email,Tanzania,0,58
C06407,12-06-2023,Organic,Kenya,0,42
C06408,2023-07-12,Organic,Tanzania,1,42
C06409,04-06-2024,Paid Ads,Uganda,0,18
C06410,05/11/2023,Referral,Tanzania,1,39
C06411,2024-06-29,Organic,Tanzania,0,37
C06412,01-22-2024,Organic,Tanzania,1,30
C06413,01-11-2024,Email,Rwanda,1,57
C06414,06-01-2023,Organic,Uganda,1,38
C06415,2024-01-06,Organic,Uganda,1,40
C06416,01-22-2023,Paid Ads,Tanzania,1,58
C06417,08-07-2024,Organic,Tanzania,1,50
C06418,19/04/2024,Referral,Uganda,0,26
C06419,2023-04-18,Email,Kenya,1,46
C06420,2024-03-21,Paid Ads,Rwanda,1,49
C06421,28/02/2023,Referral,Uganda,1,28
C06422,11-14-2023,Paid Ads,Tanzania,1,53
C06423,11/07/2024,Organic,Kenya,1,46
C06424,11-04-2023,Organic,Kenya,1,
C06425,11-20-2023,Paid Ads,Kenya,1,48
C06426,06/07/2024,Organic,Rwanda,1,31
C06427,07-10-2023,Referral,Rwanda,1,42
C06428,2023-03-08,Email,Uganda,1,43
C06429,2023-10-21,Organic,Uganda,1,39
C06430,2024-05-11,Paid Ads,Uganda,1,26
C06431,2024-08-09,Email,Uganda,0,50
C06432,03/12/2023,Referral,Tanzania,0,40
C06433,05-11-2024,Email,Rwanda,1,52
C06434,07-19-2024,Paid Ads,Kenya,1,37
C06435,05-18-2024,Email,Tanzania,1,50
C06436,18/07/2024,Paid Ads,Uganda,1,52
C06437,11/07/2024,Paid Ads,Uganda,1,63
C06438,02/02/2023,Organic,Tanzania,0,47
C06439,2024-02-14,Organic,Kenya,1,63
C06440,03/01/2023,Paid Ads,Rwanda,1,47
C06441,07-12-2023,Organic,Rwanda,1,39
C06442,2024-05-16,Organic,Kenya,1,62
C06443,14/07/2023,Email,Rwanda,1,18
C06444,2023-08-14,Organic,Uganda,1,32
C06445,26/04/2024,Paid Ads,Uganda,1,42
C06446,06-05-2023,Paid Ads,Uganda,1,37
C06447,04-07-2023,Referral,Uganda,0,24
C06448,15/04/2024,Paid Ads,Kenya,1,33
C06449,22/04/2024,Organic,Rwanda,0,40
C06450,01-23-2023,Paid Ads,Rwanda,1,38
C06451,2023-01-10,Email,Tanzania,0,18
C06452,03-19-2023,Referral,Kenya,1,64
C06453,05-09-2024,Paid Ads,Rwanda,1,37
C06454,05-10-2024,Organic,Rwanda,0,64
C06455,14/01/2024,Referral,Tanzania,1,36
C06456,08-05-2024,Organic,Uganda,1,23
C06457,01/02/2023,Paid Ads,Rwanda,1,55
C06458,09-15-2023,Paid Ads,Uganda,1,49
C06459,2023-01-04,Organic,Tanzania,1,18
C06460,16/09/2023,Organic,Rwanda,1,47
C06461,24/04/2023,Organic,Uganda,1,33
C06462,2023-07-30,Paid Ads,Kenya,1,44
C06463,2024-07-29,Referral,Uganda,1,35
C06464,05/01/2023,Organic,Uganda,1,30
C06465,05-08-2023,Email,Uganda,1,61
C06466,06-24-2024,Organic,Uganda,0,45
C06467,2024-05-13,Paid Ads,Kenya,1,27
C06468,06-19-2023,Organic,Tanzania,1,31
C06469,08-16-2024,Referral,Uganda,1,46
C06470,2023-05-07,Email,Uganda,1,28
C06471,02/04/2023,Paid Ads,Rwanda,1,44
C06472,10-12-2023,Email,Rwanda,1,61
C06473,11/09/2023,Paid Ads,Kenya,1,34
C06474,02/07/2024,Referral,Kenya,0,20
C06475,21/07/2023,Email,Kenya,1,48
C06476,09-22-2023,Referral,Rwanda,1,38
C06477,08-13-2023,Paid Ads,Uganda,1,50
C06478,2024-02-14,Organic,Rwanda,1,18
C06479,13/05/2023,Paid Ads,Tanzania,1,23
C06480,2023-02-17,Organic,Kenya,1,21
C06481,2023-04-24,Paid Ads,Kenya,1,39
C06482,2023-09-28,Paid Ads,Kenya,1,30
C06483,2024-03-21,Paid Ads,Tanzania,1,61
C06484,07-22-2024,Organic,Uganda,1,47
C06485,12/05/2023,Organic,Uganda,0,57
C06486,06/02/2023,Paid Ads,Uganda,0,43
C06487,11-11-2023,Referral,Kenya,1,56
C06488,11/08/2024,Organic,Uganda,1,56
C06489,09/06/2024,Paid Ads,Rwanda,1,24
C06490,2024-01-16,Email,Kenya,1,31
C06491,08/04/2024,Paid Ads,Tanzania,1,43
C06492,03/04/2024,Organic,Tanzania,1,35
C06493,07-03-2024,Paid Ads,Uganda,1,41
C06494,2023-06-22,Organic,Kenya,0,42
C06495,26/06/2024,Referral,Rwanda,1,49
C06496,25/05/2024,Organic,Rwanda,1,23
C06497,2023-07-03,Organic,Kenya,1,33
C06498,12-16-2023,Organic,Uganda,0,20
C06499,06-17-2024,Organic,Tanzania,1,38
C06500,2024-02-09,Email,Tanzania,0,49
C06501,31/05/2024,Organic,Rwanda,1,19
C06502,06/04/2024,Organic,Rwanda,1,64
C06503,24/06/2024,Paid Ads,Rwanda,0,37
C06504,19/01/2024,Organic,Tanzania,1,28
C06505,17/07/2023,Organic,Rwanda,0,35
C06506,04-19-2024,Email,Tanzania,1,28
C06507,2023-01-03,Email,Tanzania,0,52
C06508,2023-08-15,Referral,Uganda,1,53
C06509,12-06-2023,Email,Uganda,1,55
C06510,2024-01-30,Paid Ads,Uganda,1,29
C06511,06/08/2024,Organic,Rwanda,1,48
C06512,2023-06-18,Email,Tanzania,0,53
C06513,03-22-2023,Email,Rwanda,1,47
C06514,30/10/2023,Email,Tanzania,1,61
C06515,15/02/2023,Paid Ads,Uganda,1,21
C06516,02-28-2024,Organic,Uganda,1,19
C06517,20/01/2023,Email,Rwanda,1,61
C06518,06-05-2024,Email,Tanzania,1,30
C06519,13/07/2024,Referral,Rwanda,1,43
C06520,29/02/2024,Organic,Kenya,0,46
C06521,10/12/2023,Organic,Rwanda,1,
C06522,2024-01-31,Organic,Uganda,0,53
C06523,2023-01-02,Email,Tanzania,1,45
C06524,2023-03-21,Organic,Tanzania,1,25
C06525,17/08/2023,Organic,Rwanda,1,22
C06526,04-30-2024,Referral,Uganda,1,49
C06527,09/12/2023,Organic,Kenya,1,47
C06528,25/07/2024,Email,Rwanda,0,31
C06529,28/07/2024,Organic,Tanzania,1,64
C06530,05-30-2024,Email,Uganda,1,60
C06531,23/05/2023,Paid Ads,Tanzania,1,27
C06532,05-24-2024,Referral,Tanzania,1,27
C06533,03/01/2023,Referral,Tanzania,1,23
C06534,08/03/2024,Organic,Tanzania,0,33
C06535,2023-12-20,Organic,Kenya,1,43
C06536,22/02/2023,Organic,Uganda,0,38
C06537,11/06/2023,Paid Ads,Rwanda,1,53
C06538,05/07/2024,Email,Uganda,1,58
C06539,16/06/2023,Paid Ads,Uganda,1,59
C06540,02-26-2024,Paid Ads,Uganda,0,47
C06541,18/01/2023,Organic,Rwanda,1,22
C06542,22/01/2023,Email,Uganda,1,27
C06543,04-15-2023,Referral,Rwanda,0,
C06544,12/09/2023,Organic,Rwanda,1,48
C06545,04/08/2023,Paid Ads,Kenya,0,28
C06546,21/02/2024,Organic,Tanzania,0,55
C06547,03/07/2024,Paid Ads,Rwanda,1,24
C06548,02/07/2024,Paid Ads,Tanzania,0,29
C06549,05-23-2023,Organic,Uganda,1,62
C06550,08-09-2024,Paid Ads,Tanzania,1,58
C06551,2023-06-18,Organic,Tanzania,1,25
C06552,08-04-2023,Paid Ads,Tanzania,1,45
C06553,05-21-2024,Paid Ads,Uganda,1,33
C06554,02-06-2023,Organic,Uganda,1,20
C06555,2024-08-14,Email,Rwanda,1,54
C06556,2023-11-23,Email,Rwanda,1,49
C06557,2023-06-21,Organic,Kenya,1,38
C06558,12/03/2024,Organic,Uganda,1,62
C06559,07-13-2023,Email,Kenya,0,35
C06560,2023-09-19,Referral,Uganda,1,
C06561,16/08/2023,Organic,Tanzania,1,63
C06562,09-17-2023,Organic,Kenya,1,28
C06563,2023-10-13,Organic,Kenya,1,25
C06564,05-28-2024,Paid Ads,Kenya,1,29
C06565,2024-05-26,Organic,Uganda,1,19
C06566,2023-09-19,Organic,Rwanda,1,58
C06567,02-07-2023,Paid Ads,Kenya,1,39
C06568,15/03/2023,Paid Ads,Rwanda,1,26
C06569,06-06-2024,Organic,Uganda,1,31
C06570,01/02/2023,Paid Ads,Kenya,0,32
C06571,14/03/2023,Paid Ads,Uganda,1,28
C06572,2024-03-01,Organic,Rwanda,1,30
C06573,05-27-2023,Organic,Rwanda,1,45
C06574,2023-05-19,Email,Kenya,1,42
C06575,2023-01-24,Organic,Rwanda,0,54
C06576,2024-03-28,Email,Tanzania,1,23
C06577,19/07/2024,Referral,Tanzania,1,54
C06578,29/09/2023,Organic,Kenya,1,50
C06579,05-11-2023,Organic,Uganda,1,42
C06580,2023-07-22,Paid Ads,Uganda,1,40
C06581,2023-04-20,Email,Uganda,0,25
C06582,2023-09-10,Referral,Tanzania,1,34
C06583,07-08-2024,Email,Rwanda,1,48
C06584,2023-04-05,Organic,Tanzania,1,43
C06585,27/07/2023,Paid Ads,Rwanda,1,28
C06586,06-15-2024,Paid Ads,Tanzania,1,47
C06587,11/08/2023,Paid Ads,Uganda,1,28
C06588,23/10/2023,Organic,Uganda,1,20
C06589,06-25-2023,Organic,Uganda,1,57
C06590,06-08-2024,Email,Kenya,1,57
C06591,2023-01-11,Paid Ads,Kenya,1,38
C06592,07-31-2024,Organic,Rwanda,1,52
C06593,07/12/2023,Organic,Kenya,1,45
C06594,04/12/2023,Email,Tanzania,1,39
C06595,2023-08-19,Email,Tanzania,1,59
C06596,01/01/2023,Organic,Rwanda,0,63
C06597,05-30-2023,Organic,Rwanda,0,35
C06598,04-30-2024,Organic,Uganda,0,40
C06599,2024-03-05,Referral,Kenya,0,43
C06600,2024-02-24,Paid Ads,Uganda,1,52
C06601,2024-03-07,Paid Ads,Kenya,0,46
C06602,10/05/2024,Paid Ads,Kenya,0,63
C06603,2023-03-18,Organic,Rwanda,1,28
C06604,15/07/2024,Email,Uganda,1,59
C06605,06-25-2023,Paid Ads,Uganda,1,63
C06606,28/09/2023,Organic,Kenya,0,18
C06607,2023-07-27,Organic,Kenya,1,33
C06608,08-06-2024,Paid Ads,Rwanda,0,42
C06609,23/08/2023,Referral,Tanzania,1,55
C06610,03-27-2024,Organic,Uganda,1,35
C06611,07-20-2024,Email,Uganda,1,33
C06612,02-10-2023,Email,Rwanda,0,36
C06613,03-21-2024,Organic,Rwanda,1,33
C06614,2023-07-30,Organic,Uganda,0,22
C06615,2024-08-11,Organic,Uganda,1,44
C06616,08-30-2023,Email,Kenya,1,61
C06617,05-13-2023,Organic,Tanzania,1,23
C06618,10-23-2023,Organic,Uganda,1,51
C06619,03-18-2024,Paid Ads,Rwanda,1,33
C06620,2023-07-06,Email,Kenya,1,40
C06621,21/05/2023,Organic,Kenya,1,60
C06622,25/06/2023,Paid Ads,Rwanda,1,61
C06623,07-29-2024,Paid Ads,Rwanda,0,49
C06624,16/10/2023,Paid Ads,Kenya,1,60
C06625,07/03/2023,Email,Rwanda,1,40
C06626,2024-04-20,Organic,Kenya,1,37
C06627,11/09/2023,Email,Rwanda,0,36
C06628,09-11-2023,Paid Ads,Kenya,0,46
C06629,26/07/2023,Paid Ads,Uganda,1,25
C06630,2023-05-17,Paid Ads,Uganda,0,46
C06631,2023-05-15,Paid Ads,Rwanda,0,35
C06632,04-04-2023,Organic,Tanzania,1,22
C06633,17/11/2023,Paid Ads,Uganda,1,29
C06634,24/01/2023,Paid Ads,Kenya,1,27
C06635,06-19-2024,Paid Ads,Tanzania,1,64
C06636,23/07/2024,Organic,Kenya,1,54
C06637,2024-01-19,Referral,Kenya,1,34
C06638,2023-01-08,Paid Ads,Uganda,1,49
C06639,2024-01-17,Organic,Rwanda,0,21
C06640,20/04/2023,Paid Ads,Rwanda,1,48
C06641,09-05-2023,Email,Kenya,0,43
C06642,11-28-2023,Email,Uganda,1,29
C06643,2023-03-17,Paid Ads,Kenya,1,35
C06644,16/10/2023,Email,Tanzania,1,25
C06645,2023-08-07,Organic,Kenya,1,49
C06646,2024-03-31,Paid Ads,Uganda,0,37
C06647,2023-08-12,Email,Kenya,0,57
C06648,11/05/2023,Email,Uganda,1,30
C06649,03/05/2024,Paid Ads,Rwanda,0,40
C06650,2024-03-20,Email,Uganda,1,20
C06651,2023-02-23,Organic,Tanzania,1,52
C06652,06/10/2023,Email,Uganda,1,56
C06653,2023-11-16,Organic,Tanzania,1,38
C06654,16/06/2024,Organic,Tanzania,1,24
C06655,10-22-2023,Organic,Kenya,1,43
C06656,2023-12-04,Paid Ads,Tanzania,1,40
C06657,02/11/2023,Organic,Uganda,1,49
C06658,2023-07-10,Organic,Rwanda,1,19
C06659,2024-01-23,Organic,Uganda,0,56
C06660,06-05-2023,Organic,Rwanda,1,19
C06661,2023-07-30,Paid Ads,Tanzania,1,56
C06662,2024-04-15,Paid Ads,Kenya,1,63
C06663,2024-04-01,Organic,Tanzania,1,32
C06664,25/11/2023,Email,Tanzania,1,33
C06665,14/07/2023,Email,Rwanda,1,43
C06666,01-12-2023,Email,Uganda,0,25
C06667,03/01/2023,Organic,Kenya,0,33
C06668,2024-05-14,Email,Kenya,1,38
C06669,2023-08-10,Organic,Kenya,1,56
C06670,09-25-2023,Organic,Kenya,1,28
C06671,14/03/2023,Organic,Uganda,1,41
C06672,03-23-2023,Email,Kenya,1,53
C06673,22/12/2023,Organic,Rwanda,1,35
C06674,2023-11-21,Organic,Rwanda,1,40
C06675,2023-06-14,Organic,Kenya,1,30
C06676,04-10-2023,Email,Kenya,0,61
C06677,13/06/2024,Paid Ads,Uganda,1,59
C06678,05-31-2023,Organic,Uganda,1,56
C06679,2023-02-17,Paid Ads,Kenya,1,61
C06680,12-02-2023,Paid Ads,Uganda,1,61
C06681,2024-06-23,Paid Ads,Tanzania,1,62
C06682,07-16-2024,Organic,Kenya,0,18
C06683,08/03/2023,Email,Uganda,1,24
C06684,2023-04-30,Organic,Rwanda,1,
C06685,11-06-2023,Paid Ads,Kenya,1,
C06686,11-07-2023,Organic,Kenya,1,38
C06687,07-04-2023,Organic,Rwanda,1,33
C06688,2023-03-11,Organic,Rwanda,0,
C06689,05/03/2023,Paid Ads,Uganda,1,31
C06690,2023-05-21,Organic,Rwanda,1,60
C06691,05-16-2024,Email,Tanzania,0,60
C06692,25/08/2023,Organic,Kenya,1,19
C06693,11/07/2024,Paid Ads,Tanzania,1,48
C06694,05/12/2023,Email,Uganda,1,56
C06695,2023-04-11,Paid Ads,Rwanda,1,26
C06696,10/01/2023,Email,Kenya,0,58
C06697,04/01/2024,Paid Ads,Rwanda,1,31
C06698,09/05/2024,Organic,Rwanda,0,27
C06699,02-15-2023,Email,Uganda,1,
C06700,04/03/2023,Organic,Uganda,0,41
C06701,26/06/2024,Paid Ads,Uganda,1,50
C06702,25/08/2023,Email,Uganda,0,51
C06703,2024-05-14,Organic,Kenya,0,37
C06704,2024-02-16,Organic,Tanzania,1,45
C06705,2024-03-29,Paid Ads,Tanzania,1,21
C06706,2023-09-09,Email,Kenya,1,51
C06707,02-28-2024,Referral,Rwanda,0,21
C06708,28/02/2023,Paid Ads,Kenya,1,23
C06709,15/12/2023,Paid Ads,Tanzania,1,39
C06710,27/06/2023,Referral,Tanzania,0,21
C06711,2023-11-20,Organic,Kenya,1,22
C06712,2023-06-04,Organic,Uganda,1,28
C06713,03-09-2024,Email,Rwanda,0,62
C06714,03-14-2023,Email,Kenya,1,52
C06715,06-28-2023,Email,Tanzania,1,36
C06716,02-21-2023,Paid Ads,Uganda,1,28
C06717,26/08/2023,Organic,Rwanda,1,28
C06718,2023-02-24,Paid Ads,Tanzania,1,44
C06719,03-29-2023,Organic,Rwanda,1,19
C06720,11-10-2023,Organic,Uganda,1,64
C06721,21/03/2024,Email,Tanzania,1,25
C06722,29/05/2023,Organic,Uganda,1,51
C06723,18/03/2024,Email,Kenya,1,57
C06724,05-23-2024,Paid Ads,Kenya,1,37
C06725,2024-05-02,Paid Ads,Rwanda,1,40
C06726,10/06/2024,Organic,Uganda,1,32
C06727,2023-05-07,Organic,Uganda,1,
C06728,17/04/2023,Organic,Rwanda,0,30
C06729,03-23-2024,Referral,Rwanda,1,48
C06730,06-10-2023,Email,Rwanda,1,63
C06731,2023-08-01,Paid Ads,Kenya,0,31
C06732,07-15-2023,Organic,Rwanda,0,18
C06733,30/08/2023,Referral,Kenya,1,44
C06734,2024-03-08,Organic,Rwanda,0,50
C06735,02-27-2024,Organic,Uganda,1,52
C06736,27/10/2023,Paid Ads,Uganda,1,32
C06737,12/05/2023,Referral,Rwanda,1,22
C06738,08-04-2024,Organic,Rwanda,1,54
C06739,10-25-2023,Organic,Kenya,1,21
C06740,19/07/2024,Referral,Tanzania,1,63
C06741,08-10-2023,Organic,Kenya,1,37
C06742,03/05/2023,Organic,Uganda,1,56
C06743,05-24-2024,Paid Ads,Rwanda,1,39
C06744,2023-12-13,Email,Uganda,1,41
C06745,04-03-2023,Paid Ads,Tanzania,1,64
C06746,05/01/2024,Referral,Kenya,0,28
C06747,2023-12-08,Paid Ads,Uganda,1,63
C06748,14/06/2024,Organic,Kenya,1,23
C06749,07-11-2024,Referral,Rwanda,1,44
C06750,05-08-2023,Paid Ads,Uganda,1,27
C06751,05/01/2023,Organic,Tanzania,1,56
C06752,05/06/2023,Paid Ads,Kenya,1,27
C06753,2023-12-04,Organic,Kenya,1,63
C06754,2024-01-08,Organic,Tanzania,1,43
C06755,2024-03-14,Organic,Uganda,1,54
C06756,2023-02-02,Paid Ads,Uganda,1,50
C06757,12-07-2023,Email,Kenya,0,25
C06758,2024-01-08,Paid Ads,Tanzania,1,45
C06759,2024-01-27,Referral,Kenya,1,
C06760,2024-02-10,Organic,Kenya,1,53
C06761,09-06-2023,Organic,Rwanda,0,57
C06762,2023-09-03,Organic,Uganda,1,42
C06763,08/03/2024,Organic,Uganda,1,53
C06764,07-03-2023,Organic,Rwanda,1,30
C06765,10-20-2023,Email,Uganda,1,24
C06766,31/05/2023,Referral,Uganda,0,18
C06767,2023-12-24,Referral,Uganda,0,26
C06768,2024-04-22,Organic,Tanzania,1,45
C06769,2024-08-23,Email,Rwanda,1,53
C06770,01-09-2023,Organic,Kenya,1,63
C06771,05/05/2024,Organic,Tanzania,1,47
C06772,01-13-2023,Email,Kenya,0,26
C06773,13/02/2024,Paid Ads,Rwanda,1,47
C06774,12/03/2024,Organic,Rwanda,1,52
C06775,2024-01-27,Paid Ads,Rwanda,1,64
C06776,2024-04-11,Organic,Uganda,1,44
C06777,27/03/2024,Email,Tanzania,0,46
C06778,2024-04-11,Paid Ads,Rwanda,1,22
C06779,01-26-2023,Referral,Kenya,1,18
C06780,2024-05-15,Organic,Uganda,1,60
C06781,2023-03-28,Organic,Uganda,1,22
C06782,06-12-2024,Paid Ads,Tanzania,0,46
C06783,2023-11-23,Paid Ads,Tanzania,0,34
C06784,2023-07-07,Organic,Tanzania,0,54
C06785,12/04/2024,Email,Uganda,1,41
C06786,06-24-2024,Email,Rwanda,1,44
C06787,2023-08-19,Referral,Kenya,1,26
C06788,01/01/2024,Email,Rwanda,1,55
C06789,11/05/2023,Email,Kenya,1,30
C06790,24/09/2023,Paid Ads,Rwanda,1,43
C06791,07-21-2023,Email,Tanzania,1,28
C06792,17/03/2023,Organic,Kenya,1,41
C06793,2023-05-01,Organic,Uganda,1,50
C06794,2023-02-03,Organic,Kenya,0,23
C06795,2023-05-08,Paid Ads,Uganda,0,52
C06796,03-01-2024,Organic,Rwanda,1,33
C06797,10/01/2023,Referral,Tanzania,1,30
C06798,12-06-2023,Organic,Kenya,0,61
C06799,05-06-2023,Organic,Uganda,1,28
C06800,01-18-2023,Paid Ads,Rwanda,1,40
C06801,06-19-2024,Organic,Tanzania,1,19
C06802,06-25-2024,Organic,Tanzania,1,47
C06803,20/04/2023,Organic,Tanzania,1,36
C06804,06-10-2024,Paid Ads,Rwanda,0,57
C06805,10-21-2023,Paid Ads,Rwanda,1,62
C06806,2023-09-26,Email,Rwanda,1,63
C06807,2023-12-10,Email,Tanzania,1,64
C06808,2024-04-09,Paid Ads,Kenya,1,32
C06809,2023-05-17,Organic,Uganda,1,59
C06810,02-24-2024,Organic,Rwanda,1,50
C06811,2024-02-15,Email,Kenya,1,61
C06812,01-31-2023,Organic,Uganda,1,58
C06813,09/04/2023,Organic,Tanzania,1,22
C06814,11/12/2023,Email,Kenya,1,39
C06815,06/10/2023,Paid Ads,Tanzania,1,44
C06816,06/08/2024,Organic,Uganda,1,64
C06817,01/06/2023,Organic,Rwanda,1,52
C06818,07/08/2024,Referral,Tanzania,1,36
C06819,16/08/2023,Email,Kenya,0,56
C06820,08/09/2023,Email,Rwanda,0,24
C06821,03-30-2024,Paid Ads,Kenya,1,56
C06822,20/11/2023,Paid Ads,Uganda,1,51
C06823,03/04/2023,Referral,Uganda,1,51
C06824,01/07/2024,Referral,Rwanda,1,44
C06825,2023-05-21,Organic,Kenya,1,61
C06826,2024-08-12,Email,Kenya,1,22
C06827,18/10/2023,Organic,Kenya,1,21
C06828,10/05/2023,Organic,Kenya,1,24
C06829,07-31-2024,Paid Ads,Uganda,1,
C06830,2024-01-29,Paid Ads,Kenya,1,20
C06831,2023-09-30,Referral,Uganda,1,38
C06832,2023-06-05,Organic,Kenya,1,51
C06833,02-26-2024,Paid Ads,Kenya,1,26
C06834,07-13-2023,Referral,Tanzania,0,37
C06835,2023-01-16,Referral,Tanzania,1,57
C06836,29/02/2024,Organic,Kenya,0,29
C06837,26/11/2023,Organic,Uganda,1,56
C06838,07-26-2024,Paid Ads,Kenya,1,63
C06839,16/06/2024,Organic,Tanzania,1,45
C06840,01/02/2023,Referral,Kenya,1,
C06841,2023-09-12,Referral,Tanzania,1,50
C06842,11/12/2023,Organic,Kenya,0,27
C06843,10/11/2023,Organic,Rwanda,1,28
C06844,18/02/2023,Organic,Kenya,1,24
C06845,20/03/2023,Referral,Uganda,1,35
C06846,06/06/2023,Organic,Tanzania,0,36
C06847,2023-09-01,Paid Ads,Rwanda,1,31
C06848,04-16-2023,Paid Ads,Tanzania,1,34
C06849,10-24-2023,Paid Ads,Tanzania,1,40
C06850,11/05/2024,Organic,Uganda,1,36
C06851,16/06/2024,Organic,Kenya,1,62
C06852,24/01/2024,Referral,Uganda,1,20
C06853,2024-05-10,Referral,Kenya,1,51
C06854,31/01/2024,Email,Rwanda,1,42
C06855,2023-04-23,Organic,Uganda,1,58
C06856,05-13-2023,Organic,Uganda,0,48
C06857,07-07-2023,Paid Ads,Tanzania,1,56
C06858,03/07/2023,Organic,Uganda,1,31
C06859,10/06/2023,Referral,Kenya,1,54
C06860,2023-06-17,Paid Ads,Uganda,1,64
C06861,2023-03-18,Organic,Uganda,1,37
C06862,04-22-2023,Referral,Rwanda,1,49
C06863,2023-02-26,Referral,Kenya,1,50
C06864,2023-03-10,Organic,Tanzania,0,48
C06865,11-17-2023,Paid Ads,Kenya,1,24
C06866,2023-06-20,Organic,Rwanda,0,22
C06867,09-06-2023,Organic,Kenya,1,21
C06868,2024-06-15,Organic,Kenya,1,28
C06869,01-11-2024,Paid Ads,Uganda,1,36
C06870,2023-11-20,Referral,Uganda,1,55
C06871,04-10-2023,Paid Ads,Kenya,1,37
C06872,2024-01-13,Organic,Kenya,1,44
C06873,29/03/2024,Paid Ads,Tanzania,1,46
C06874,15/10/2023,Organic,Rwanda,1,35
C06875,09/11/2023,Email,Uganda,1,54
C06876,15/05/2024,Paid Ads,Uganda,1,64
C06877,06/07/2023,Organic,Uganda,1,42
C06878,04-19-2023,Organic,Uganda,1,37
C06879,02/02/2024,Email,Kenya,0,23
C06880,2024-06-30,Organic,Kenya,1,53
C06881,03-18-2024,Email,Tanzania,1,32
C06882,04/08/2023,Organic,Uganda,1,35
C06883,2024-07-28,Organic,Uganda,0,55
C06884,19/01/2024,Paid Ads,Kenya,1,42
C06885,03-22-2024,Referral,Tanzania,1,37
C06886,02-28-2024,Referral,Kenya,1,39
C06887,2023-05-23,Organic,Uganda,1,29
C06888,29/10/2023,Organic,Uganda,1,58
C06889,19/03/2023,Organic,Rwanda,0,57
C06890,2023-05-31,Paid Ads,Rwanda,1,64
C06891,19/08/2024,Paid Ads,Rwanda,0,50
C06892,2023-04-03,Referral,Tanzania,1,46
C06893,04-10-2024,Referral,Kenya,0,19
C06894,23/01/2024,Organic,Uganda,0,43
C06895,08-18-2024,Paid Ads,Uganda,1,49
C06896,03-07-2024,Email,Tanzania,1,20
C06897,2023-08-03,Email,Uganda,1,47
C06898,2023-11-06,Organic,Uganda,1,36
C06899,09/01/2024,Organic,Kenya,1,27
C06900,2024-06-14,Paid Ads,Rwanda,1,42
C06901,2023-02-19,Organic,Rwanda,1,63
C06902,13/03/2024,Organic,Tanzania,1,36
C06903,2024-01-07,Organic,Rwanda,0,60
C06904,2023-04-08,Paid Ads,Rwanda,1,38
C06905,31/12/2023,Organic,Tanzania,1,23
C06906,03-15-2024,Organic,Tanzania,1,31
C06907,08-24-2023,Organic,Rwanda,1,25
C06908,20/01/2024,Email,Kenya,1,19
C06909,11-23-2023,Email,Tanzania,1,35
C06910,2024-04-05,Paid Ads,Uganda,1,39
C06911,2023-11-02,Paid Ads,Tanzania,1,47
C06912,11/03/2023,Referral,Uganda,1,53
C06913,14/02/2023,Organic,Tanzania,0,45
C06914,11-26-2023,Organic,Tanzania,1,52
C06915,2023-01-02,Organic,Rwanda,1,19
C06916,07/05/2023,Organic,Rwanda,1,53
C06917,2024-02-05,Organic,Rwanda,1,35
C06918,2023-04-02,Referral,Kenya,0,60
C06919,31/10/2023,Paid Ads,Rwanda,1,26
C06920,02-07-2024,Paid Ads,Rwanda,1,45
C06921,23/04/2023,Referral,Tanzania,1,25
C06922,06-07-2024,Organic,Tanzania,0,25
C06923,2023-01-29,Organic,Kenya,1,22
C06924,10/05/2023,Paid Ads,Uganda,1,30
C06925,05/10/2023,Paid Ads,Tanzania,1,24
C06926,02/07/2024,Organic,Tanzania,1,38
C06927,30/05/2024,Paid Ads,Uganda,1,46
C06928,2023-04-14,Paid Ads,Kenya,0,54
C06929,2023-08-17,Paid Ads,Tanzania,1,62
C06930,06/11/2023,Paid Ads,Rwanda,1,
C06931,07-17-2024,Organic,Kenya,1,31
C06932,2024-01-28,Organic,Uganda,0,54
C06933,2024-04-07,Paid Ads,Uganda,1,21
C06934,2023-01-30,Organic,Rwanda,1,39
C06935,2023-12-23,Referral,Rwanda,1,28
C06936,2023-05-02,Paid Ads,Rwanda,1,51
C06937,19/01/2023,Organic,Kenya,1,62
C06938,2023-02-06,Email,Uganda,1,33
C06939,08-17-2024,Paid Ads,Rwanda,1,26
C06940,2023-02-23,Organic,Rwanda,0,33
C06941,2023-06-15,Email,Uganda,1,56
C06942,08-17-2023,Email,Tanzania,0,33
C06943,03-23-2024,Paid Ads,Kenya,1,48
C06944,2023-07-16,Organic,Tanzania,1,48
C06945,2024-01-12,Paid Ads,Rwanda,1,30
C06946,08-19-2023,Email,Kenya,1,22
C06947,08-22-2024,Organic,Tanzania,0,64
C06948,17/06/2024,Organic,Uganda,1,56
C06949,05-08-2024,Email,Rwanda,1,35
C06950,2024-02-14,Organic,Kenya,1,37
C06951,12/04/2024,Email,Kenya,1,19
C06952,2023-05-10,Paid Ads,Kenya,0,57
C06953,11/05/2024,Paid Ads,Kenya,1,47
C06954,2024-04-24,Organic,Rwanda,0,27
C06955,01-09-2023,Email,Rwanda,1,59
C06956,26/01/2023,Organic,Uganda,1,28
C06957,2023-08-08,Paid Ads,Uganda,0,46
C06958,13/04/2023,Paid Ads,Uganda,1,57
C06959,06-27-2023,Email,Tanzania,1,33
C06960,19/04/2024,Referral,Uganda,0,
C06961,07/01/2024,Paid Ads,Rwanda,1,45
C06962,16/01/2024,Organic,Tanzania,1,34
C06963,03-05-2023,Referral,Rwanda,1,55
C06964,12/02/2024,Paid Ads,Tanzania,1,61
C06965,20/04/2024,Organic,Uganda,0,32
C06966,2023-10-22,Organic,Uganda,0,48
C06967,03/06/2023,Email,Uganda,1,24
C06968,11/05/2023,Organic,Tanzania,1,63
C06969,18/06/2023,Paid Ads,Rwanda,0,47
C06970,2024-05-21,Paid Ads,Kenya,1,53
C06971,12/04/2023,Organic,Rwanda,1,43
C06972,06-02-2024,Paid Ads,Uganda,1,28
C06973,24/05/2023,Organic,Tanzania,0,23
C06974,03-16-2023,Paid Ads,Tanzania,0,59
C06975,2024-05-28,Paid Ads,Uganda,1,46
C06976,09/01/2024,Paid Ads,Tanzania,0,45
C06977,2023-11-26,Email,Uganda,1,32
C06978,2023-04-05,Email,Rwanda,1,46
C06979,12-06-2023,Email,Tanzania,0,23
C06980,06-28-2024,Organic,Kenya,1,
C06981,08/06/2024,Organic,Tanzania,1,29
C06982,2023-03-23,Paid Ads,Uganda,1,33
C06983,29/12/2023,Referral,Kenya,1,63
C06984,01/02/2024,Email,Uganda,1,55
C06985,23/11/2023,Email,Tanzania,1,26
C06986,2024-07-22,Organic,Kenya,0,39
C06987,18/08/2024,Paid Ads,Kenya,0,50
C06988,13/02/2024,Paid Ads,Tanzania,1,43
C06989,06-23-2024,Organic,Kenya,1,57
C06990,25/07/2024,Organic,Rwanda,1,24
C06991,19/02/2023,Referral,Kenya,1,63
C06992,2023-08-17,Organic,Kenya,1,49
C06993,05-08-2024,Organic,Rwanda,1,57
C06994,06-24-2024,Organic,Uganda,1,60
C06995,29/04/2024,Referral,Uganda,1,41
C06996,2023-04-14,Paid Ads,Rwanda,1,58
C06997,02/07/2023,Paid Ads,Kenya,1,56
C06998,11/06/2024,Referral,Tanzania,1,55
C06999,18/10/2023,Organic,Rwanda,1,54
C07000,01/03/2024,Paid Ads,Tanzania,1,36
C07001,2023-05-07,Organic,Uganda,1,60
C07002,2023-04-04,Organic,Rwanda,1,22
C07003,02-02-2024,Email,Tanzania,1,47
C07004,06-10-2024,Email,Kenya,1,42
C07005,09-18-2023,Organic,Rwanda,1,47
C07006,11-23-2023,Organic,Tanzania,1,42
C07007,30/01/2023,Paid Ads,Rwanda,1,26
C07008,2023-10-30,Organic,Rwanda,0,44
C07009,02-12-2024,Organic,Uganda,1,41
C07010,02-19-2024,Organic,Uganda,1,57
C07011,12-19-2023,Organic,Kenya,0,60
C07012,29/04/2024,Email,Uganda,1,55
C07013,2023-02-02,Organic,Uganda,1,32
C07014,2023-05-28,Organic,Uganda,1,55
C07015,2024-04-21,Paid Ads,Tanzania,1,43
C07016,05-03-2023,Email,Rwanda,1,47
C07017,2024-08-13,Organic,Uganda,1,28
C07018,05-05-2023,Organic,Tanzania,1,46
C07019,15/02/2024,Organic,Rwanda,0,32
C07020,30/11/2023,Email,Uganda,1,61
C07021,11-17-2023,Paid Ads,Uganda,1,26
C07022,2024-02-25,Email,Rwanda,1,59
C07023,2023-09-01,Referral,Tanzania,1,46
C07024,02-03-2024,Email,Tanzania,0,32
C07025,2023-06-06,Paid Ads,Kenya,1,34
C07026,2024-07-30,Paid Ads,Rwanda,1,33
C07027,2024-05-10,Organic,Kenya,1,39
C07028,2023-07-26,Referral,Tanzania,1,57
C07029,05-15-2024,Organic,Uganda,1,60
C07030,2023-09-10,Organic,Kenya,0,28
C07031,11/06/2024,Paid Ads,Tanzania,1,55
C07032,01/06/2024,Organic,Tanzania,1,42
C07033,10-01-2023,Paid Ads,Uganda,1,47
C07034,04/07/2024,Paid Ads,Rwanda,0,19
C07035,08-22-2024,Paid Ads,Tanzania,0,18
C07036,08-16-2024,Email,Kenya,1,55
C07037,2023-08-16,Organic,Uganda,1,54
C07038,04-13-2024,Paid Ads,Rwanda,1,26
C07039,2023-04-17,Paid Ads,Rwanda,1,22
C07040,2023-10-25,Paid Ads,Rwanda,1,41
C07041,04/07/2023,Email,Tanzania,1,44
C07042,26/02/2023,Organic,Rwanda,1,47
C07043,03-05-2024,Paid Ads,Tanzania,1,32
C07044,07-22-2024,Organic,Uganda,1,64
C07045,13/06/2023,Referral,Uganda,1,26
C07046,07-17-2023,Organic,Rwanda,1,63
C07047,2024-01-08,Email,Uganda,1,54
C07048,16/11/2023,Organic,Kenya,1,47
C07049,30/10/2023,Organic,Kenya,0,32
C07050,16/10/2023,Paid Ads,Tanzania,1,37
C07051,2024-08-09,Email,Rwanda,0,42
C07052,2024-04-10,Paid Ads,Tanzania,1,26
C07053,02-15-2023,Referral,Uganda,1,62
C07054,07-25-2023,Paid Ads,Rwanda,0,39
C07055,2023-06-09,Paid Ads,Tanzania,1,30
C07056,2024-05-03,Organic,Rwanda,1,54
C07057,2023-07-03,Email,Rwanda,1,45
C07058,02-01-2024,Organic,Tanzania,0,31
C07059,25/07/2023,Email,Rwanda,1,47
C07060,08-21-2023,Referral,Uganda,1,56
C07061,2023-08-15,Referral,Kenya,1,22
C07062,2024-02-27,Paid Ads,Kenya,1,29
C07063,17/11/2023,Paid Ads,Rwanda,1,52
C07064,15/01/2024,Email,Kenya,1,58
C07065,05-29-2023,Organic,Rwanda,1,59
C07066,04-25-2023,Paid Ads,Tanzania,1,18
C07067,2024-06-20,Organic,Uganda,1,63
C07068,11-11-2023,Paid Ads,Kenya,0,18
C07069,09-24-2023,Organic,Tanzania,0,59
C07070,20/08/2023,Organic,Uganda,1,60
C07071,12-03-2023,Organic,Kenya,1,37
C07072,2023-08-02,Paid Ads,Kenya,0,51
C07073,10-07-2023,Paid Ads,Uganda,1,51
C07074,25/06/2024,Organic,Tanzania,1,41
C07075,01-31-2024,Paid Ads,Tanzania,0,45
C07076,2024-03-16,Organic,Kenya,1,28
C07077,19/04/2023,Paid Ads,Uganda,1,25
C07078,22/05/2023,Paid Ads,Tanzania,1,52
C07079,08-18-2023,Paid Ads,Uganda,0,58
C07080,01-23-2023,Email,Uganda,1,33
C07081,10-19-2023,Organic,Kenya,0,33
C07082,05-30-2024,Email,Uganda,1,59
C07083,2023-08-10,Paid Ads,Uganda,1,23
C07084,02/01/2023,Paid Ads,Rwanda,1,37
C07085,01-08-2023,Paid Ads,Uganda,1,28
C07086,05/06/2023,Organic,Tanzania,1,25
C07087,07-17-2024,Paid Ads,Kenya,1,37
C07088,16/12/2023,Paid Ads,Kenya,0,49
C07089,2023-03-25,Organic,Uganda,1,50
C07090,2023-09-24,Organic,Uganda,1,23
C07091,24/04/2024,Organic,Tanzania,1,45
C07092,12-19-2023,Referral,Rwanda,1,25
C07093,12-27-2023,Paid Ads,Kenya,1,31
C07094,03/06/2023,Organic,Rwanda,1,20
C07095,2023-04-28,Organic,Tanzania,0,19
C07096,24/03/2024,Paid Ads,Kenya,1,39
C07097,2023-07-21,Email,Tanzania,1,50
C07098,05-26-2024,Organic,Uganda,1,60
C07099,01-07-2023,Organic,Tanzania,1,38
C07100,07-05-2023,Email,Uganda,1,23
C07101,06/07/2023,Organic,Rwanda,1,57
C07102,27/07/2024,Organic,Kenya,0,24
C07103,21/01/2023,Referral,Kenya,1,23
C07104,10-07-2023,Paid Ads,Rwanda,1,61
C07105,2024-06-15,Organic,Uganda,1,25
C07106,2024-05-07,Organic,Kenya,1,41
C07107,2024-03-04,Organic,Tanzania,1,44
C07108,06-15-2023,Organic,Uganda,1,45
C07109,24/07/2024,Email,Kenya,1,22
C07110,05-28-2024,Paid Ads,Tanzania,1,36
C07111,01-13-2023,Email,Tanzania,1,26
C07112,2023-04-26,Referral,Kenya,0,42
C07113,2023-01-29,Paid Ads,Rwanda,1,61
C07114,09/07/2024,Organic,Rwanda,0,64
C07115,04-14-2023,Paid Ads,Kenya,0,62
C07116,23/01/2023,Referral,Tanzania,0,30
C07117,2023-12-25,Email,Rwanda,0,54
C07118,26/04/2023,Organic,Rwanda,1,19
C07119,07-15-2023,Paid Ads,Rwanda,0,57
C07120,17/04/2023,Paid Ads,Uganda,0,31
C07121,2023-05-03,Referral,Rwanda,0,48
C07122,2023-07-27,Organic,Kenya,1,23
C07123,28/02/2023,Paid Ads,Kenya,0,42
C07124,2023-05-22,Email,Uganda,1,56
C07125,2024-03-14,Paid Ads,Uganda,1,63
C07126,2023-01-12,Paid Ads,Kenya,1,48
C07127,03-25-2024,Organic,Uganda,1,55
C07128,18/02/2023,Organic,Rwanda,0,33
C07129,07/08/2023,Organic,Tanzania,1,44
C07130,11-12-2023,Referral,Tanzania,1,47
C07131,2023-06-18,Organic,Tanzania,0,21
C07132,24/05/2023,Paid Ads,Kenya,1,56
C07133,2024-05-03,Paid Ads,Uganda,1,33
C07134,10/01/2024,Organic,Tanzania,1,53
C07135,07-09-2024,Paid Ads,Rwanda,1,24
C07136,23/04/2024,Email,Rwanda,1,38
C07137,2023-02-11,Email,Rwanda,1,19
C07138,03/12/2023,Paid Ads,Uganda,1,25
C07139,10-07-2023,Paid Ads,Tanzania,1,59
C07140,05-03-2023,Organic,Rwanda,0,44
C07141,2023-10-14,Referral,Uganda,1,19
C07142,01-10-2023,Organic,Rwanda,1,23
C07143,02-06-2023,Email,Tanzania,1,21
C07144,01-10-2023,Organic,Tanzania,0,38
C07145,05-29-2023,Referral,Tanzania,0,18
C07146,06-18-2023,Email,Tanzania,1,55
C07147,12/02/2023,Email,Tanzania,1,29
C07148,05-14-2023,Organic,Rwanda,1,44
C07149,04-15-2023,Paid Ads,Tanzania,1,31
C07150,2024-04-09,Paid Ads,Rwanda,1,32
C07151,04-04-2023,Email,Tanzania,1,41
C07152,26/02/2023,Organic,Rwanda,1,35
C07153,05-30-2024,Referral,Tanzania,0,34
C07154,06-25-2024,Email,Rwanda,1,26
C07155,03-11-2023,Organic,Tanzania,0,64
C07156,2024-04-01,Email,Uganda,1,35
C07157,2023-05-04,Paid Ads,Rwanda,1,35
C07158,2023-06-10,Paid Ads,Uganda,1,22
C07159,06/03/2023,Organic,Rwanda,1,
C07160,17/04/2023,Paid Ads,Rwanda,1,26
C07161,01-12-2023,Email,Rwanda,1,52
C07162,19/03/2023,Paid Ads,Kenya,1,61
C07163,15/10/2023,Paid Ads,Tanzania,1,63
C07164,08-18-2024,Paid Ads,Uganda,1,18
C07165,2023-10-29,Email,Uganda,1,58
C07166,16/09/2023,Organic,Rwanda,0,26
C07167,23/06/2024,Email,Uganda,1,49
C07168,06-26-2023,Paid Ads,Uganda,1,37
C07169,2023-11-03,Organic,Uganda,1,30
C07170,09/10/2023,Organic,Uganda,1,57
C07171,05-24-2023,Paid Ads,Kenya,1,28
C07172,03-06-2024,Email,Rwanda,1,63
C07173,08-04-2023,Organic,Uganda,1,
C07174,2024-04-03,Email,Kenya,1,60
C07175,04-16-2024,Organic,Kenya,1,59
C07176,06-24-2023,Paid Ads,Rwanda,1,43
C07177,2023-04-13,Referral,Tanzania,1,57
C07178,29/04/2024,Email,Tanzania,1,28
C07179,31/12/2023,Organic,Tanzania,0,42
C07180,22/04/2023,Paid Ads,Uganda,1,57
C07181,01/08/2024,Organic,Rwanda,0,42
C07182,01/07/2023,Paid Ads,Tanzania,1,37
C07183,2023-04-03,Email,Uganda,1,59
C07184,2024-02-02,Email,Rwanda,1,28
C07185,06/03/2024,Organic,Uganda,0,61
C07186,08-04-2023,Referral,Tanzania,1,27
C07187,15/01/2024,Paid Ads,Tanzania,1,20
C07188,2023-02-19,Organic,Kenya,1,56
C07189,22/04/2024,Paid Ads,Kenya,0,44
C07190,2024-05-02,Paid Ads,Rwanda,1,52
C07191,06-28-2023,Paid Ads,Uganda,1,57
C07192,2023-07-10,Paid Ads,Uganda,1,48
C07193,2023-09-09,Paid Ads,Tanzania,1,38
C07194,2023-01-28,Organic,Tanzania,1,39
C07195,01-08-2024,Email,Rwanda,1,36
C07196,02-12-2024,Paid Ads,Kenya,1,31
C07197,01-03-2024,Organic,Tanzania,1,54
C07198,2023-02-13,Email,Uganda,1,62
C07199,06-07-2023,Referral,Tanzania,1,40
C07200,09-16-2023,Referral,Kenya,1,43
C07201,2023-06-02,Organic,Uganda,1,60
C07202,2023-03-24,Organic,Kenya,1,61
C07203,2023-11-18,Paid Ads,Rwanda,1,57
C07204,26/05/2024,Organic,Rwanda,0,29
C07205,2023-08-11,Referral,Kenya,1,18
C07206,31/01/2024,Organic,Uganda,1,51
C07207,23/08/2023,Organic,Kenya,1,61
C07208,2023-11-13,Paid Ads,Tanzania,1,36
C07209,2023-01-11,Organic,Tanzania,1,40
C07210,2024-02-03,Email,Kenya,1,24
C07211,04-19-2024,Paid Ads,Tanzania,1,24
C07212,2024-01-31,Organic,Kenya,1,18
C07213,2023-09-23,Organic,Tanzania,1,35
C07214,2024-01-14,Paid Ads,Kenya,1,25
C07215,07-26-2023,Organic,Tanzania,0,42
C07216,2023-05-30,Paid Ads,Uganda,0,59
C07217,04-07-2023,Paid Ads,Uganda,1,46
C07218,2024-05-23,Email,Tanzania,1,40
C07219,2023-06-20,Referral,Kenya,1,46
C07220,11/01/2024,Referral,Tanzania,0,18
C07221,2024-07-09,Referral,Rwanda,1,32
C07222,16/12/2023,Organic,Rwanda,1,32
C07223,13/07/2023,Organic,Kenya,1,45
C07224,10-09-2023,Organic,Tanzania,1,53
C07225,2023-09-19,Email,Tanzania,1,59
C07226,2023-07-15,Referral,Uganda,1,57
C07227,03-13-2023,Email,Kenya,0,49
C07228,01/06/2023,Organic,Rwanda,1,63
C07229,2023-10-28,Referral,Rwanda,1,30
C07230,2023-10-20,Paid Ads,Kenya,1,38
C07231,2023-01-06,Organic,Rwanda,1,56
C07232,04/02/2023,Paid Ads,Kenya,1,55
C07233,2023-08-27,Organic,Rwanda,1,26
C07234,08-15-2023,Paid Ads,Rwanda,0,37
C07235,14/12/2023,Organic,Kenya,1,37
C07236,08-06-2023,Paid Ads,Kenya,1,25
C07237,14/03/2023,Paid Ads,Rwanda,0,31
C07238,03-08-2024,Email,Rwanda,0,37
C07239,2024-02-07,Paid Ads,Uganda,1,52
C07240,25/12/2023,Paid Ads,Tanzania,1,62
C07241,2023-12-22,Email,Kenya,0,38
C07242,10/04/2024,Referral,Kenya,1,58
C07243,2023-11-08,Organic,Tanzania,0,58
C07244,10/06/2023,Paid Ads,Uganda,1,39
C07245,21/04/2023,Organic,Rwanda,1,60
C07246,2023-01-04,Organic,Rwanda,1,23
C07247,08-22-2024,Paid Ads,Uganda,1,61
C07248,04-29-2023,Email,Uganda,0,44
C07249,2024-05-17,Organic,Tanzania,0,21
C07250,14/11/2023,Email,Tanzania,1,21
C07251,06-07-2024,Email,Rwanda,0,45
C07252,2023-11-03,Referral,Uganda,1,44
C07253,2024-02-28,Organic,Uganda,1,34
C07254,2023-03-06,Referral,Rwanda,1,56
C07255,12/03/2024,Organic,Rwanda,1,55
C07256,12-17-2023,Paid Ads,Rwanda,1,46
C07257,2024-03-23,Organic,Rwanda,1,57
C07258,27/03/2023,Organic,Rwanda,1,24
C07259,2023-02-01,Email,Tanzania,1,25
C07260,07-27-2024,Paid Ads,Rwanda,1,58
C07261,2024-05-05,Organic,Uganda,0,50
C07262,2023-05-23,Organic,Kenya,1,49
C07263,2023-12-03,Paid Ads,Tanzania,1,52
C07264,13/03/2023,Organic,Uganda,1,35
C07265,2023-01-29,Email,Kenya,1,60
C07266,05-01-2023,Organic,Tanzania,1,33
C07267,09-25-2023,Organic,Rwanda,1,35
C07268,27/03/2023,Organic,Tanzania,0,55
C07269,23/10/2023,Paid Ads,Rwanda,1,42
C07270,2023-11-03,Organic,Rwanda,1,51
C07271,2023-01-20,Organic,Rwanda,0,21
C07272,2023-07-07,Referral,Kenya,1,22
C07273,2024-02-05,Paid Ads,Tanzania,1,31
C07274,08-15-2024,Organic,Rwanda,0,18
C07275,24/11/2023,Paid Ads,Uganda,0,39
C07276,2024-05-31,Email,Tanzania,1,63
C07277,31/07/2023,Organic,Uganda,1,38
C07278,04/04/2024,Organic,Kenya,0,30
C07279,16/07/2023,Email,Kenya,1,
C07280,06-22-2024,Paid Ads,Tanzania,1,53
C07281,2023-08-10,Paid Ads,Kenya,1,46
C07282,07-14-2024,Organic,Kenya,1,55
C07283,2024-07-30,Organic,Tanzania,0,26
C07284,2023-11-10,Paid Ads,Uganda,1,50
C07285,2023-02-20,Organic,Rwanda,0,39
C07286,06-01-2023,Paid Ads,Tanzania,0,34
C07287,2023-10-11,Paid Ads,Tanzania,0,40
C07288,29/04/2023,Organic,Rwanda,1,53
C07289,20/03/2023,Referral,Uganda,0,23
C07290,01-11-2024,Email,Rwanda,1,
C07291,05/08/2024,Email,Rwanda,1,56
C07292,06-29-2023,Organic,Uganda,0,46
C07293,07/02/2023,Organic,Uganda,1,44
C07294,2023-09-26,Paid Ads,Rwanda,1,22
C07295,2023-05-15,Organic,Rwanda,1,26
C07296,10/01/2023,Referral,Tanzania,1,41
C07297,24/10/2023,Organic,Uganda,1,36
C07298,28/01/2024,Paid Ads,Kenya,1,50
C07299,02-26-2023,Organic,Uganda,1,47
C07300,28/02/2024,Paid Ads,Rwanda,0,57
C07301,06-05-2023,Organic,Rwanda,1,21
C07302,2024-01-04,Paid Ads,Rwanda,1,49
C07303,08-05-2024,Organic,Rwanda,1,18
C07304,2024-02-05,Email,Kenya,1,51
C07305,02-16-2023,Organic,Uganda,1,38
C07306,04-18-2024,Referral,Kenya,1,48
C07307,26/09/2023,Email,Kenya,0,31
C07308,10-29-2023,Organic,Rwanda,1,43
C07309,04-03-2024,Email,Kenya,0,39
C07310,08-26-2023,Organic,Rwanda,1,51
C07311,08-11-2023,Referral,Rwanda,1,50
C07312,01-12-2023,Paid Ads,Rwanda,1,30
C07313,02-22-2023,Organic,Kenya,1,49
C07314,10/08/2024,Organic,Rwanda,1,25
C07315,2023-03-20,Organic,Kenya,0,39
C07316,2024-03-05,Referral,Uganda,1,58
C07317,2023-06-28,Organic,Rwanda,1,37
C07318,2023-10-14,Paid Ads,Tanzania,1,38
C07319,2023-04-15,Paid Ads,Tanzania,1,51
C07320,30/07/2023,Referral,Tanzania,1,47
C07321,26/03/2023,Organic,Tanzania,1,23
C07322,02-06-2023,Paid Ads,Tanzania,0,52
C07323,14/04/2024,Paid Ads,Kenya,1,44
C07324,12/01/2024,Email,Uganda,1,37
C07325,10/04/2024,Organic,Kenya,1,55
C07326,2023-09-01,Organic,Rwanda,1,57
C07327,07-01-2024,Organic,Uganda,1,31
C07328,2024-01-01,Email,Uganda,1,27
C07329,02-08-2023,Organic,Uganda,1,59
C07330,2023-04-09,Paid Ads,Uganda,0,32
C07331,2024-03-22,Organic,Tanzania,0,57
C07332,24/03/2023,Email,Rwanda,1,60
C07333,06/05/2024,Referral,Uganda,1,
C07334,02-22-2023,Paid Ads,Uganda,1,20
C07335,2023-12-22,Organic,Tanzania,0,32
C07336,12-17-2023,Organic,Kenya,0,62
C07337,2023-03-22,Organic,Kenya,0,48
C07338,2024-03-20,Organic,Kenya,1,28
C07339,2023-02-16,Paid Ads,Rwanda,0,63
C07340,2024-01-28,Paid Ads,Kenya,0,56
C07341,10/02/2023,Referral,Uganda,1,36
C07342,04/12/2023,Organic,Tanzania,1,32
C07343,09-24-2023,Paid Ads,Tanzania,1,55
C07344,2023-08-14,Paid Ads,Kenya,1,37
C07345,2023-03-14,Paid Ads,Tanzania,1,39
C07346,2023-07-07,Organic,Uganda,1,24
C07347,03-13-2023,Paid Ads,Kenya,1,31
C07348,31/03/2024,Paid Ads,Uganda,1,21
C07349,2023-04-06,Email,Rwanda,1,26
C07350,12-29-2023,Referral,Uganda,1,56
C07351,28/04/2024,Organic,Uganda,1,42
C07352,08-23-2023,Organic,Uganda,0,64
C07353,04-15-2024,Paid Ads,Uganda,0,52
C07354,2023-02-07,Paid Ads,Rwanda,0,54
C07355,22/11/2023,Organic,Kenya,1,44
C07356,2023-01-17,Email,Uganda,1,45
C07357,04-20-2023,Referral,Kenya,1,41
C07358,14/08/2024,Referral,Tanzania,1,50
C07359,07-05-2024,Organic,Uganda,0,50
C07360,07/08/2023,Email,Uganda,1,33
C07361,2023-09-26,Email,Tanzania,1,40
C07362,20/06/2023,Paid Ads,Kenya,1,63
C07363,05/08/2023,Paid Ads,Rwanda,0,28
C07364,17/10/2023,Email,Uganda,1,63
C07365,2024-03-28,Paid Ads,Tanzania,1,57
C07366,2023-06-13,Organic,Tanzania,1,36
C07367,2024-02-23,Paid Ads,Uganda,1,51
C07368,2024-08-13,Paid Ads,Kenya,1,40
C07369,01-23-2023,Organic,Kenya,0,27
C07370,06-15-2023,Referral,Uganda,1,54
C07371,05/09/2023,Paid Ads,Tanzania,1,64
C07372,24/10/2023,Paid Ads,Uganda,0,18
C07373,2023-02-22,Organic,Rwanda,1,19
C07374,12-14-2023,Paid Ads,Rwanda,0,39
C07375,08-15-2023,Organic,Kenya,0,34
C07376,06/05/2023,Organic,Rwanda,0,64
C07377,2023-07-12,Paid Ads,Tanzania,1,41
C07378,06-02-2024,Paid Ads,Rwanda,1,38
C07379,2023-04-08,Paid Ads,Uganda,0,57
C07380,08/01/2023,Organic,Tanzania,0,46
C07381,25/03/2024,Paid Ads,Kenya,1,31
C07382,13/03/2024,Organic,Kenya,1,25
C07383,07-04-2023,Referral,Rwanda,1,47
C07384,11/05/2023,Paid Ads,Kenya,0,39
C07385,05-22-2024,Paid Ads,Uganda,1,40
C07386,2023-11-01,Organic,Tanzania,1,57
C07387,11-08-2023,Organic,Uganda,1,30
C07388,2023-05-26,Referral,Uganda,1,45
C07389,05-29-2024,Organic,Uganda,0,47
C07390,2023-11-29,Paid Ads,Uganda,1,22
C07391,2024-01-07,Paid Ads,Tanzania,1,27
C07392,2024-02-13,Organic,Tanzania,1,56
C07393,2023-01-04,Email,Uganda,1,26
C07394,02/01/2023,Paid Ads,Uganda,1,31
C07395,05/08/2024,Organic,Kenya,1,55
C07396,2024-01-01,Organic,Kenya,1,27
C07397,02-27-2023,Organic,Tanzania,0,50
C07398,12/10/2023,Email,Kenya,1,28
C07399,2024-02-17,Paid Ads,Tanzania,0,57
C07400,27/07/2023,Organic,Tanzania,1,23
C07401,12/08/2024,Organic,Rwanda,1,34
C07402,26/12/2023,Paid Ads,Tanzania,1,53
C07403,2023-08-19,Paid Ads,Kenya,1,23
C07404,12/03/2024,Paid Ads,Rwanda,1,64
C07405,04-10-2024,Organic,Kenya,1,27
C07406,2023-10-10,Organic,Tanzania,1,59
C07407,01-06-2024,Paid Ads,Tanzania,1,22
C07408,07-13-2023,Referral,Uganda,1,36
C07409,03/08/2023,Organic,Tanzania,1,24
C07410,2023-07-10,Paid Ads,Rwanda,1,41
C07411,2023-11-04,Paid Ads,Tanzania,1,59
C07412,08-28-2023,Paid Ads,Uganda,1,36
C07413,01-04-2024,Organic,Tanzania,0,28
C07414,05-31-2024,Email,Tanzania,1,20
C07415,2024-08-17,Paid Ads,Tanzania,0,47
C07416,28/10/2023,Paid Ads,Uganda,1,60
C07417,09-02-2023,Organic,Kenya,0,55
C07418,11-12-2023,Organic,Tanzania,1,23
C07419,03-02-2023,Organic,Rwanda,1,64
C07420,2023-10-11,Email,Uganda,1,52
C07421,01-12-2024,Organic,Rwanda,1,39
C07422,03/09/2023,Paid Ads,Tanzania,0,28
C07423,04-29-2024,Organic,Uganda,1,25
C07424,03/06/2024,Paid Ads,Tanzania,1,44
C07425,12-25-2023,Paid Ads,Rwanda,1,46
C07426,08-04-2024,Organic,Uganda,1,25
C07427,2024-01-02,Organic,Kenya,1,40
C07428,2024-01-15,Organic,Kenya,1,46
C07429,11/05/2024,Paid Ads,Kenya,1,33
C07430,02-17-2023,Paid Ads,Tanzania,1,52
C07431,28/08/2023,Organic,Uganda,1,25
C07432,06/02/2024,Paid Ads,Rwanda,1,25
C07433,2023-07-15,Organic,Rwanda,1,62
C07434,11-02-2023,Organic,Tanzania,1,50
C07435,04-26-2023,Organic,Tanzania,1,59
C07436,07-09-2023,Email,Rwanda,0,22
C07437,08-06-2023,Organic,Uganda,1,54
C07438,11-30-2023,Organic,Tanzania,0,34
C07439,2024-03-28,Organic,Uganda,1,39
C07440,2023-02-27,Organic,Rwanda,0,31
C07441,2023-03-22,Paid Ads,Uganda,1,55
C07442,02-25-2023,Organic,Kenya,1,49
C07443,20/06/2024,Organic,Rwanda,1,31
C07444,07-19-2024,Paid Ads,Kenya,1,61
C07445,2023-05-21,Organic,Rwanda,0,37
C07446,07-23-2023,Email,Kenya,1,39
C07447,29/01/2024,Paid Ads,Uganda,1,47
C07448,10/08/2023,Organic,Rwanda,1,50
C07449,29/08/2023,Paid Ads,Rwanda,0,22
C07450,04/07/2024,Organic,Kenya,1,35
C07451,07/09/2023,Paid Ads,Uganda,1,63
C07452,2023-12-02,Paid Ads,Rwanda,1,24
C07453,2023-08-02,Organic,Tanzania,1,46
C07454,13/01/2024,Paid Ads,Kenya,0,64
C07455,13/05/2024,Email,Rwanda,1,26
C07456,03-06-2023,Referral,Uganda,1,64
C07457,16/06/2023,Paid Ads,Uganda,1,
C07458,10-23-2023,Paid Ads,Uganda,0,58
C07459,02-09-2024,Organic,Uganda,1,24
C07460,01-02-2024,Organic,Kenya,0,24
C07461,22/02/2024,Paid Ads,Rwanda,1,60
C07462,08/12/2023,Organic,Kenya,0,23
C07463,12/06/2023,Referral,Kenya,0,63
C07464,21/06/2023,Organic,Uganda,1,64
C07465,06-12-2024,Organic,Tanzania,0,57
C07466,2023-11-22,Organic,Uganda,1,44
C07467,06-17-2023,Email,Tanzania,1,21
C07468,2024-04-21,Paid Ads,Kenya,0,18
C07469,02-04-2024,Paid Ads,Uganda,1,23
C07470,22/06/2024,Organic,Uganda,1,48
C07471,2023-07-13,Email,Kenya,1,18
C07472,2024-06-01,Organic,Uganda,1,22
C07473,26/06/2023,Email,Rwanda,0,36
C07474,2023-11-09,Paid Ads,Tanzania,1,22
C07475,2024-07-09,Organic,Tanzania,0,22
C07476,18/03/2024,Paid Ads,Tanzania,1,48
C07477,2023-01-13,Paid Ads,Uganda,1,61
C07478,03-05-2024,Organic,Rwanda,1,24
C07479,2023-07-31,Email,Uganda,1,32
C07480,11-26-2023,Paid Ads,Tanzania,1,30
C07481,11-04-2023,Organic,Uganda,1,29
C07482,2023-05-22,Organic,Tanzania,1,36
C07483,2023-02-08,Paid Ads,Kenya,1,30
C07484,04-03-2024,Paid Ads,Tanzania,1,44
C07485,12-15-2023,Paid Ads,Kenya,1,55
C07486,16/05/2023,Paid Ads,Kenya,1,50
C07487,2023-02-25,Paid Ads,Kenya,0,23
C07488,09/06/2023,Referral,Tanzania,1,30
C07489,20/06/2024,Paid Ads,Rwanda,1,30
C07490,2023-07-16,Email,Tanzania,0,30
C07491,2024-05-08,Organic,Uganda,1,37
C07492,07-07-2023,Organic,Uganda,1,53
C07493,04/11/2023,Organic,Rwanda,0,54
C07494,01-04-2024,Paid Ads,Rwanda,1,62
C07495,04-22-2024,Email,Rwanda,1,26
C07496,2023-08-03,Organic,Kenya,1,34
C07497,2024-01-23,Organic,Rwanda,0,52
C07498,17/03/2024,Email,Rwanda,0,35
C07499,09-22-2023,Organic,Rwanda,0,42
C07500,24/11/2023,Paid Ads,Tanzania,1,32
C07501,06-19-2024,Paid Ads,Uganda,1,40
C07502,04-16-2024,Email,Uganda,1,18
C07503,07-07-2024,Organic,Rwanda,1,58
C07504,21/04/2024,Organic,Uganda,0,55
C07505,05-27-2023,Paid Ads,Tanzania,1,35
C07506,01-12-2024,Referral,Uganda,1,18
C07507,03-06-2024,Paid Ads,Kenya,1,56
C07508,03/02/2024,Organic,Tanzania,1,27
C07509,06-05-2024,Paid Ads,Uganda,1,48
C07510,02-27-2023,Referral,Uganda,1,55
C07511,2024-03-22,Email,Tanzania,1,24
C07512,2023-10-22,Referral,Uganda,1,55
C07513,13/06/2024,Organic,Uganda,0,25
C07514,2024-08-17,Organic,Rwanda,0,51
C07515,09-14-2023,Paid Ads,Kenya,1,26
C07516,03/08/2023,Email,Tanzania,0,42
C07517,2023-03-23,Organic,Rwanda,1,44
C07518,2023-06-01,Organic,Uganda,1,58
C07519,15/02/2023,Email,Tanzania,1,24
C07520,08-14-2023,Organic,Tanzania,1,49
C07521,10/05/2024,Organic,Kenya,1,26
C07522,2024-06-14,Paid Ads,Kenya,1,34
C07523,2023-09-26,Paid Ads,Tanzania,1,52
C07524,23/06/2024,Email,Kenya,1,
C07525,2023-09-11,Organic,Kenya,1,33
C07526,10-22-2023,Paid Ads,Uganda,1,19
C07527,2024-05-12,Paid Ads,Kenya,1,60
C07528,04/01/2024,Paid Ads,Kenya,1,48
C07529,01-07-2023,Paid Ads,Rwanda,1,33
C07530,06-29-2024,Organic,Uganda,1,64
C07531,11-12-2023,Organic,Uganda,1,50
C07532,08-19-2024,Organic,Tanzania,1,38
C07533,11/07/2024,Organic,Kenya,0,34
C07534,11/02/2024,Paid Ads,Rwanda,1,52
C07535,25/05/2024,Email,Rwanda,1,24
C07536,2023-09-17,Email,Uganda,1,46
C07537,05-02-2024,Email,Kenya,1,28
C07538,27/04/2023,Organic,Rwanda,1,47
C07539,2024-05-31,Paid Ads,Tanzania,0,35
C07540,16/08/2024,Organic,Kenya,1,63
C07541,12-21-2023,Organic,Kenya,0,33
C07542,12-08-2023,Organic,Kenya,1,23
C07543,28/07/2024,Paid Ads,Rwanda,1,19
C07544,23/07/2023,Referral,Uganda,0,60
C07545,09/04/2024,Organic,Uganda,0,60
C07546,06/11/2023,Organic,Tanzania,0,27
C07547,07-12-2024,Email,Rwanda,0,21
C07548,06-19-2023,Organic,Kenya,1,27
C07549,02-24-2024,Email,Tanzania,1,26
C07550,07/08/2023,Email,Tanzania,1,62
C07551,2023-07-09,Referral,Uganda,1,60
C07552,01/07/2023,Paid Ads,Kenya,1,59
C07553,2024-06-20,Paid Ads,Kenya,1,41
C07554,06-02-2024,Paid Ads,Rwanda,1,22
C07555,2024-07-23,Paid Ads,Rwanda,0,52
C07556,2023-04-07,Paid Ads,Rwanda,1,21
C07557,2024-04-16,Organic,Tanzania,1,52
C07558,05-06-2023,Paid Ads,Kenya,1,59
C07559,06/04/2024,Paid Ads,Uganda,1,30
C07560,16/08/2024,Email,Tanzania,1,54
C07561,2024-05-02,Email,Tanzania,0,49
C07562,2023-08-09,Paid Ads,Uganda,1,62
C07563,06/02/2023,Organic,Uganda,0,18
C07564,2024-02-01,Email,Rwanda,1,28
C07565,2024-07-24,Paid Ads,Uganda,1,43
C07566,04-03-2023,Email,Uganda,1,20
C07567,2023-10-29,Referral,Uganda,1,30
C07568,02-05-2023,Organic,Uganda,1,49
C07569,14/05/2024,Email,Rwanda,1,
C07570,03-24-2023,Organic,Tanzania,1,40
C07571,12-06-2023,Organic,Kenya,1,40
C07572,03-24-2023,Paid Ads,Kenya,0,47
C07573,03/12/2023,Organic,Tanzania,1,23
C07574,01-10-2023,Email,Kenya,1,24
C07575,11-06-2023,Organic,Kenya,1,64
C07576,2023-02-06,Organic,Tanzania,1,47
C07577,09/05/2023,Paid Ads,Kenya,1,54
C07578,2023-07-27,Email,Kenya,1,
C07579,13/10/2023,Referral,Tanzania,1,49
C07580,24/01/2023,Email,Kenya,1,23
C07581,2023-02-18,Paid Ads,Uganda,1,52
C07582,09/05/2024,Organic,Tanzania,1,49
C07583,19/03/2024,Organic,Rwanda,1,29
C07584,11-13-2023,Organic,Kenya,1,21
C07585,2024-02-02,Paid Ads,Rwanda,1,49
C07586,2024-03-05,Paid Ads,Kenya,1,52
C07587,08-11-2023,Paid Ads,Uganda,1,
C07588,2023-06-26,Email,Tanzania,1,33
C07589,2024-01-28,Paid Ads,Rwanda,1,32
C07590,07/06/2023,Organic,Tanzania,0,58
C07591,24/06/2023,Organic,Rwanda,1,19
C07592,03-25-2024,Email,Kenya,0,23
C07593,07-12-2023,Email,Uganda,1,31
C07594,06-22-2023,Email,Rwanda,1,58
C07595,2024-02-04,Organic,Rwanda,1,46
C07596,05/09/2023,Referral,Uganda,1,59
C07597,28/02/2024,Organic,Uganda,0,43
C07598,23/11/2023,Organic,Uganda,0,35
C07599,25/08/2023,Referral,Uganda,1,64
C07600,19/02/2023,Organic,Uganda,1,21
C07601,2023-11-07,Paid Ads,Tanzania,1,54
C07602,01-01-2024,Organic,Kenya,0,55
C07603,02/01/2024,Paid Ads,Kenya,1,42
C07604,07-11-2024,Referral,Rwanda,1,64
C07605,03-10-2023,Organic,Uganda,1,46
C07606,19/09/2023,Paid Ads,Tanzania,0,51
C07607,16/01/2024,Organic,Tanzania,0,33
C07608,26/03/2024,Paid Ads,Rwanda,0,54
C07609,2023-08-02,Organic,Uganda,1,47
C07610,04/07/2024,Organic,Kenya,1,40
C07611,22/07/2024,Organic,Uganda,1,53
C07612,2023-05-24,Organic,Tanzania,1,45
C07613,05/05/2024,Referral,Uganda,1,18
C07614,12-22-2023,Organic,Kenya,1,25
C07615,05-17-2023,Organic,Kenya,1,59
C07616,04-06-2024,Paid Ads,Rwanda,1,32
C07617,2024-01-27,Organic,Tanzania,0,51
C07618,2024-07-22,Email,Uganda,1,36
C07619,20/07/2023,Referral,Uganda,1,61
C07620,04-29-2023,Paid Ads,Rwanda,1,47
C07621,01/11/2023,Email,Rwanda,1,27
C07622,08/11/2023,Paid Ads,Rwanda,0,61
C07623,05/11/2023,Organic,Tanzania,1,44
C07624,03/09/2023,Paid Ads,Uganda,1,37
C07625,2024-07-27,Paid Ads,Rwanda,1,42
C07626,29/05/2024,Paid Ads,Tanzania,1,26
C07627,2023-07-03,Email,Uganda,1,57
C07628,2024-07-30,Paid Ads,Kenya,1,51
C07629,2023-06-07,Referral,Rwanda,1,38
C07630,17/03/2024,Email,Tanzania,1,41
C07631,12/07/2023,Paid Ads,Uganda,0,24
C07632,16/10/2023,Paid Ads,Uganda,0,21
C07633,05-16-2024,Organic,Rwanda,0,25
C07634,07/12/2023,Referral,Rwanda,0,30
C07635,12-16-2023,Paid Ads,Uganda,1,38
C07636,08-18-2023,Organic,Tanzania,1,52
C07637,2023-08-30,Organic,Kenya,1,22
C07638,05-28-2023,Paid Ads,Uganda,1,25
C07639,2023-05-07,Organic,Tanzania,1,19
C07640,2024-03-13,Organic,Rwanda,1,41
C07641,10-07-2023,Paid Ads,Uganda,1,59
C07642,07-05-2024,Organic,Rwanda,1,33
C07643,08-09-2023,Paid Ads,Kenya,1,21
C07644,10-14-2023,Organic,Rwanda,1,47
C07645,07/05/2024,Organic,Kenya,1,63
C07646,01-18-2024,Paid Ads,Rwanda,1,47
C07647,07/02/2024,Paid Ads,Rwanda,0,52
C07648,14/06/2024,Organic,Kenya,1,59
C07649,2024-06-08,Organic,Rwanda,1,30
C07650,12-05-2023,Paid Ads,Tanzania,1,54
C07651,16/12/2023,Organic,Rwanda,1,28
C07652,08-31-2023,Organic,Uganda,1,36
C07653,06/04/2024,Organic,Rwanda,1,35
C07654,06-19-2023,Email,Tanzania,0,34
C07655,04-07-2024,Email,Uganda,1,28
C07656,06/12/2023,Email,Tanzania,1,32
C07657,10-30-2023,Email,Uganda,1,25
C07658,2023-09-11,Paid Ads,Rwanda,1,61
C07659,2023-05-20,Paid Ads,Tanzania,1,46
C07660,01-14-2023,Paid Ads,Rwanda,1,34
C07661,07-07-2023,Organic,Uganda,0,43
C07662,26/02/2023,Paid Ads,Tanzania,1,22
C07663,2023-03-31,Email,Kenya,1,21
C07664,2023-10-25,Paid Ads,Tanzania,1,41
C07665,04/06/2024,Organic,Rwanda,0,28
C07666,03-26-2023,Organic,Kenya,1,47
C07667,03-19-2024,Paid Ads,Kenya,1,57
C07668,15/12/2023,Paid Ads,Uganda,0,
C07669,24/02/2024,Email,Kenya,1,
C07670,26/08/2023,Organic,Kenya,1,52
C07671,01-03-2024,Email,Uganda,0,61
C07672,03-24-2024,Paid Ads,Tanzania,1,62
C07673,21/01/2024,Email,Rwanda,1,50
C07674,17/02/2023,Paid Ads,Tanzania,1,53
C07675,02-28-2024,Paid Ads,Kenya,1,38
C07676,02-06-2023,Paid Ads,Rwanda,1,55
C07677,2023-05-20,Email,Tanzania,1,22
C07678,29/02/2024,Referral,Rwanda,1,22
C07679,2023-06-06,Organic,Kenya,1,38
C07680,11-01-2023,Organic,Tanzania,1,42
C07681,07-20-2023,Referral,Rwanda,0,27
C07682,10/01/2023,Paid Ads,Rwanda,1,36
C07683,13/02/2024,Paid Ads,Tanzania,0,49
C07684,2023-11-25,Paid Ads,Tanzania,1,35
C07685,2023-06-26,Organic,Kenya,1,51
C07686,04-28-2023,Email,Uganda,0,
C07687,09/07/2023,Email,Rwanda,1,32
C07688,05-27-2023,Organic,Tanzania,1,41
C07689,2023-12-20,Organic,Tanzania,1,22
C07690,04-05-2023,Email,Tanzania,1,49
C07691,08/02/2023,Organic,Rwanda,1,26
C07692,2024-04-18,Email,Kenya,0,22
C07693,02-09-2024,Organic,Uganda,1,22
C07694,10/07/2024,Paid Ads,Rwanda,0,58
C07695,2023-05-26,Referral,Kenya,1,58
C07696,17/02/2023,Paid Ads,Rwanda,0,51
C07697,07-29-2024,Paid Ads,Rwanda,1,24
C07698,16/07/2024,Paid Ads,Tanzania,0,43
C07699,05/09/2023,Organic,Kenya,1,18
C07700,24/02/2024,Organic,Tanzania,0,51
C07701,03-22-2023,Referral,Tanzania,1,43
C07702,04/07/2024,Email,Kenya,1,49
C07703,2024-04-30,Paid Ads,Tanzania,1,29
C07704,12/01/2023,Organic,Tanzania,0,23
C07705,02/09/2023,Organic,Uganda,1,37
C07706,2023-10-17,Organic,Kenya,1,36
C07707,04-23-2024,Paid Ads,Kenya,1,33
C07708,04-10-2024,Email,Tanzania,1,21
C07709,07-29-2023,Paid Ads,Tanzania,1,49
C07710,06/08/2024,Email,Kenya,1,35
C07711,2023-12-03,Organic,Kenya,1,22
C07712,2023-11-14,Organic,Rwanda,1,23
C07713,25/08/2023,Organic,Kenya,0,31
C07714,23/04/2024,Paid Ads,Rwanda,0,35
C07715,2024-04-18,Organic,Tanzania,1,27
C07716,2023-03-29,Referral,Uganda,1,40
C07717,01-05-2023,Organic,Uganda,1,35
C07718,06-05-2024,Referral,Rwanda,1,21
C07719,09/04/2024,Paid Ads,Tanzania,1,49
C07720,07-30-2024,Referral,Tanzania,1,64
C07721,21/06/2023,Paid Ads,Tanzania,1,23
C07722,17/06/2024,Referral,Kenya,1,43
C07723,2023-05-14,Organic,Tanzania,1,23
C07724,2024-01-31,Email,Kenya,1,52
C07725,02-29-2024,Referral,Rwanda,1,58
C07726,22/05/2024,Organic,Uganda,0,60
C07727,01/05/2024,Organic,Rwanda,1,22
C07728,2023-07-26,Paid Ads,Tanzania,1,31
C07729,21/06/2024,Referral,Tanzania,1,19
C07730,2023-07-03,Paid Ads,Rwanda,1,57
C07731,2023-11-29,Paid Ads,Kenya,1,30
C07732,2024-07-07,Organic,Kenya,1,22
C07733,20/07/2023,Organic,Kenya,1,64
C07734,2024-04-18,Email,Uganda,1,53
C07735,08-20-2024,Organic,Uganda,1,53
C07736,12/12/2023,Paid Ads,Tanzania,1,36
C07737,06-05-2024,Referral,Rwanda,1,37
C07738,21/04/2023,Organic,Rwanda,1,39
C07739,10/04/2023,Paid Ads,Tanzania,1,48
C07740,01/04/2024,Organic,Kenya,0,58
C07741,2023-08-18,Paid Ads,Uganda,1,64
C07742,2023-03-28,Organic,Rwanda,1,61
C07743,09/06/2023,Email,Tanzania,1,21
C07744,06/10/2023,Organic,Kenya,1,20
C07745,2024-07-25,Paid Ads,Kenya,1,54
C07746,27/08/2023,Paid Ads,Uganda,1,42
C07747,24/05/2024,Organic,Uganda,0,54
C07748,02-11-2023,Email,Tanzania,1,21
C07749,07-07-2023,Organic,Tanzania,1,56
C07750,2024-07-23,Paid Ads,Kenya,1,24
C07751,06-09-2023,Organic,Kenya,1,24
C07752,01-23-2023,Paid Ads,Rwanda,0,42
C07753,2023-12-12,Organic,Kenya,0,32
C07754,04-02-2024,Paid Ads,Tanzania,1,24
C07755,02-13-2023,Organic,Uganda,0,64
C07756,12/03/2023,Email,Tanzania,1,21
C07757,04-27-2024,Organic,Rwanda,1,51
C07758,2023-06-12,Email,Rwanda,0,62
C07759,2023-10-28,Email,Uganda,1,61
C07760,04/01/2023,Organic,Tanzania,1,59
C07761,05/03/2024,Paid Ads,Rwanda,1,36
C07762,2024-01-27,Organic,Tanzania,0,64
C07763,11-02-2023,Organic,Rwanda,0,55
C07764,10-08-2023,Email,Uganda,0,44
C07765,01-18-2023,Paid Ads,Rwanda,0,22
C07766,17/01/2023,Paid Ads,Tanzania,1,30
C07767,04/06/2024,Organic,Tanzania,1,63
C07768,2023-08-08,Organic,Rwanda,1,31
C07769,01/06/2023,Organic,Kenya,1,47
C07770,2023-07-01,Email,Uganda,1,64
C07771,23/03/2024,Paid Ads,Uganda,1,
C07772,04-15-2024,Email,Rwanda,1,27
C07773,09-20-2023,Organic,Rwanda,0,49
C07774,05-31-2023,Organic,Kenya,1,18
C07775,2024-02-19,Organic,Uganda,0,41
C07776,18/01/2024,Organic,Kenya,0,46
C07777,28/01/2024,Organic,Uganda,1,60
C07778,07/05/2024,Email,Rwanda,1,24
C07779,22/01/2024,Email,Uganda,1,48
C07780,2024-02-18,Paid Ads,Uganda,1,34
C07781,2023-04-01,Paid Ads,Uganda,1,47
C07782,11-25-2023,Organic,Kenya,1,42
C07783,2024-03-15,Email,Kenya,1,45
C07784,27/04/2023,Organic,Uganda,1,53
C07785,01-27-2023,Referral,Tanzania,1,24
C07786,30/05/2023,Paid Ads,Kenya,1,52
C07787,2023-07-02,Organic,Rwanda,1,37
C07788,2023-05-09,Referral,Rwanda,0,31
C07789,2024-07-15,Organic,Uganda,1,47
C07790,17/09/2023,Paid Ads,Rwanda,0,18
C07791,15/03/2024,Paid Ads,Kenya,1,55
C07792,2023-06-13,Organic,Tanzania,1,58
C07793,30/04/2023,Paid Ads,Tanzania,1,42
C07794,2024-05-19,Paid Ads,Tanzania,1,51
C07795,01/12/2023,Email,Rwanda,0,25
C07796,04-28-2024,Organic,Uganda,0,37
C07797,03-06-2023,Referral,Rwanda,1,47
C07798,2024-01-27,Organic,Uganda,1,21
C07799,12/10/2023,Organic,Tanzania,1,38
C07800,20/07/2024,Organic,Kenya,1,44
C07801,05-30-2023,Organic,Rwanda,1,27
C07802,2024-03-19,Organic,Kenya,0,40
C07803,01-11-2023,Referral,Tanzania,1,50
C07804,29/03/2024,Organic,Uganda,1,28
C07805,04/08/2024,Organic,Kenya,0,58
C07806,2023-05-12,Organic,Rwanda,1,36
C07807,11/04/2023,Email,Kenya,1,28
C07808,12/03/2024,Email,Kenya,1,21
C07809,08-15-2023,Organic,Rwanda,1,40
C07810,13/04/2024,Organic,Uganda,1,22
C07811,03-26-2024,Organic,Rwanda,1,22
C07812,17/04/2023,Organic,Tanzania,1,35
C07813,04-24-2023,Organic,Uganda,1,34
C07814,27/01/2024,Paid Ads,Kenya,1,20
C07815,2024-03-12,Organic,Rwanda,1,60
C07816,2024-07-14,Paid Ads,Tanzania,1,25
C07817,2023-10-14,Organic,Rwanda,1,57
C07818,2024-01-20,Referral,Uganda,1,40
C07819,11/08/2024,Referral,Tanzania,1,40
C07820,08-22-2023,Paid Ads,Kenya,0,19
C07821,12-27-2023,Organic,Uganda,1,56
C07822,06-21-2023,Organic,Tanzania,1,38
C07823,24/06/2023,Paid Ads,Uganda,1,41
C07824,28/04/2024,Email,Kenya,1,55
C07825,08-24-2023,Paid Ads,Tanzania,1,37
C07826,24/11/2023,Email,Rwanda,0,56
C07827,2024-05-27,Referral,Rwanda,1,44
C07828,10-27-2023,Organic,Kenya,0,61
C07829,2024-02-25,Paid Ads,Tanzania,1,56
C07830,11/07/2024,Organic,Kenya,1,24
C07831,2023-06-15,Organic,Kenya,1,50
C07832,2024-08-16,Paid Ads,Uganda,1,46
C07833,08-15-2023,Organic,Rwanda,1,27
C07834,05/12/2023,Email,Kenya,1,27
C07835,09-07-2023,Organic,Uganda,1,29
C07836,04-29-2023,Paid Ads,Kenya,1,20
C07837,18/03/2024,Paid Ads,Kenya,1,20
C07838,02-01-2023,Paid Ads,Kenya,1,30
C07839,07-09-2023,Organic,Rwanda,1,62
C07840,2024-08-03,Email,Tanzania,1,48
C07841,2023-01-30,Paid Ads,Rwanda,0,44
C07842,18/08/2023,Paid Ads,Uganda,0,23
C07843,2024-06-13,Organic,Tanzania,1,44
C07844,2023-03-29,Paid Ads,Uganda,0,52
C07845,2024-01-21,Email,Kenya,0,64
C07846,29/05/2023,Paid Ads,Tanzania,1,26
C07847,2024-02-01,Email,Uganda,0,23
C07848,20/12/2023,Paid Ads,Kenya,1,23
C07849,06-16-2023,Organic,Uganda,1,57
C07850,2023-08-03,Organic,Uganda,1,43
C07851,03-20-2024,Organic,Rwanda,1,60
C07852,26/06/2023,Paid Ads,Kenya,1,36
C07853,12-10-2023,Email,Rwanda,1,33
C07854,07/08/2024,Organic,Tanzania,1,58
C07855,08-20-2024,Paid Ads,Kenya,1,40
C07856,2024-02-21,Paid Ads,Rwanda,1,28
C07857,2023-07-01,Paid Ads,Rwanda,1,33
C07858,07-01-2024,Organic,Tanzania,1,46
C07859,04-20-2024,Organic,Uganda,1,55
C07860,05-20-2024,Organic,Uganda,1,
C07861,08/12/2023,Organic,Uganda,1,37
C07862,26/01/2024,Organic,Tanzania,1,38
C07863,02-19-2024,Organic,Rwanda,1,45
C07864,24/03/2024,Paid Ads,Kenya,1,50
C07865,01-04-2024,Organic,Tanzania,1,57
C07866,08-08-2023,Referral,Uganda,1,43
C07867,21/07/2023,Organic,Uganda,1,27
C07868,16/02/2023,Organic,Kenya,1,51
C07869,2023-07-21,Organic,Tanzania,0,26
C07870,30/07/2023,Organic,Uganda,1,53
C07871,03-19-2023,Email,Tanzania,1,28
C07872,10-04-2023,Organic,Rwanda,1,27
C07873,11-03-2023,Referral,Tanzania,1,63
C07874,2024-08-04,Email,Rwanda,1,24
C07875,11/12/2023,Paid Ads,Kenya,1,55
C07876,10-09-2023,Paid Ads,Rwanda,1,33
C07877,2023-05-24,Paid Ads,Rwanda,1,43
C07878,2024-07-04,Organic,Kenya,1,49
C07879,25/09/2023,Paid Ads,Uganda,1,48
C07880,04/03/2024,Organic,Kenya,0,49
C07881,28/03/2023,Organic,Tanzania,1,62
C07882,13/04/2023,Paid Ads,Kenya,1,29
C07883,07-18-2024,Paid Ads,Tanzania,1,44
C07884,2023-08-10,Email,Uganda,0,39
C07885,22/01/2024,Organic,Tanzania,0,32
C07886,15/08/2023,Email,Kenya,1,25
C07887,05-06-2024,Organic,Kenya,1,21
C07888,04-12-2024,Organic,Uganda,1,25
C07889,2023-11-26,Organic,Kenya,1,40
C07890,2024-03-26,Paid Ads,Uganda,1,33
C07891,2023-10-09,Organic,Uganda,1,
C07892,2023-05-23,Paid Ads,Kenya,1,51
C07893,2023-10-09,Email,Rwanda,1,39
C07894,11/02/2024,Paid Ads,Tanzania,1,40
C07895,2023-11-08,Paid Ads,Rwanda,1,22
C07896,12/06/2023,Email,Uganda,1,54
C07897,2024-03-20,Email,Tanzania,1,61
C07898,2023-12-13,Paid Ads,Rwanda,1,24
C07899,2023-03-22,Organic,Kenya,1,54
C07900,02-29-2024,Email,Rwanda,1,43
C07901,03-04-2023,Paid Ads,Tanzania,1,45
C07902,03-15-2024,Organic,Tanzania,1,21
C07903,20/04/2024,Organic,Tanzania,0,49
C07904,2024-05-18,Email,Tanzania,0,55
C07905,05/05/2023,Organic,Rwanda,1,63
C07906,10/01/2024,Referral,Kenya,0,26
C07907,2023-10-12,Organic,Kenya,1,53
C07908,03-28-2023,Email,Tanzania,0,43
C07909,2024-06-30,Organic,Kenya,1,28
C07910,2023-11-21,Paid Ads,Rwanda,1,37
C07911,2023-10-07,Email,Kenya,1,
C07912,23/06/2024,Paid Ads,Uganda,1,
C07913,22/09/2023,Paid Ads,Kenya,1,
C07914,18/02/2023,Organic,Tanzania,1,55
C07915,2023-04-17,Organic,Kenya,1,32
C07916,01-23-2023,Organic,Kenya,1,52
C07917,2024-01-19,Paid Ads,Kenya,0,26
C07918,2023-11-07,Organic,Kenya,0,50
C07919,01-11-2023,Organic,Uganda,1,28
C07920,2023-02-01,Paid Ads,Rwanda,1,39
C07921,15/05/2023,Paid Ads,Tanzania,0,23
C07922,2024-06-17,Email,Tanzania,0,54
C07923,15/02/2023,Organic,Kenya,1,38
C07924,02-18-2024,Organic,Rwanda,1,29
C07925,22/06/2024,Referral,Kenya,1,24
C07926,2024-08-06,Organic,Uganda,1,19
C07927,2023-02-28,Email,Rwanda,1,56
C07928,2023-03-24,Email,Rwanda,1,58
C07929,02/08/2023,Email,Rwanda,1,41
C07930,2024-01-11,Organic,Rwanda,1,43
C07931,2023-11-08,Email,Kenya,1,42
C07932,01-01-2023,Email,Uganda,1,37
C07933,10-29-2023,Paid Ads,Rwanda,0,57
C07934,2024-04-05,Organic,Tanzania,0,58
C07935,2024-03-18,Organic,Tanzania,1,59
C07936,30/09/2023,Organic,Uganda,0,61
C07937,05-03-2023,Paid Ads,Tanzania,1,19
C07938,2023-07-25,Paid Ads,Kenya,1,59
C07939,07-26-2023,Organic,Kenya,1,52
C07940,07-17-2023,Paid Ads,Uganda,1,50
C07941,01-22-2023,Organic,Rwanda,1,34
C07942,03-03-2023,Paid Ads,Tanzania,1,39
C07943,2024-02-16,Referral,Tanzania,1,18
C07944,04-10-2023,Organic,Uganda,1,54
C07945,03-01-2024,Organic,Uganda,1,47
C07946,2024-03-22,Organic,Tanzania,0,63
C07947,03-31-2023,Paid Ads,Rwanda,1,23
C07948,2023-07-06,Email,Uganda,1,58
C07949,2023-02-21,Referral,Kenya,1,31
C07950,08/03/2023,Organic,Tanzania,0,53
C07951,2024-07-04,Referral,Uganda,1,50
C07952,2023-09-02,Organic,Uganda,1,55
C07953,03-31-2024,Paid Ads,Uganda,1,56
C07954,11-26-2023,Organic,Tanzania,1,23
C07955,2024-02-11,Email,Kenya,1,43
C07956,08-12-2024,Paid Ads,Kenya,1,41
C07957,2023-10-01,Paid Ads,Tanzania,1,50
C07958,2024-03-02,Email,Uganda,1,25
C07959,14/06/2024,Organic,Tanzania,1,61
C07960,04-19-2023,Organic,Tanzania,1,60
C07961,07-27-2023,Email,Uganda,1,51
C07962,2024-07-10,Organic,Tanzania,0,51
C07963,05-20-2023,Organic,Rwanda,1,41
C07964,2023-04-01,Paid Ads,Kenya,1,19
C07965,15/04/2023,Paid Ads,Rwanda,1,25
C07966,2024-07-26,Organic,Rwanda,1,42
C07967,12/04/2024,Organic,Rwanda,0,47
C07968,04-12-2024,Organic,Tanzania,1,49
C07969,25/06/2023,Paid Ads,Uganda,1,47
C07970,19/08/2023,Email,Tanzania,1,24
C07971,12-31-2023,Referral,Kenya,1,
C07972,04/07/2024,Paid Ads,Tanzania,0,41
C07973,07-28-2023,Organic,Tanzania,1,26
C07974,08-27-2023,Referral,Tanzania,1,33
C07975,06-27-2023,Paid Ads,Tanzania,1,19
C07976,05-16-2023,Organic,Rwanda,0,52
C07977,12-12-2023,Referral,Uganda,0,51
C07978,22/05/2023,Email,Kenya,1,39
C07979,02/04/2023,Email,Kenya,1,36
C07980,04/06/2023,Email,Kenya,1,38
C07981,27/04/2023,Organic,Tanzania,1,29
C07982,21/05/2023,Organic,Kenya,0,28
C07983,10-25-2023,Paid Ads,Rwanda,0,36
C07984,01/04/2023,Organic,Uganda,1,23
C07985,02/05/2024,Paid Ads,Tanzania,1,59
C07986,2024-05-25,Email,Tanzania,1,31
C07987,06-10-2023,Email,Rwanda,1,50
C07988,05-27-2023,Paid Ads,Kenya,1,64
C07989,06-03-2024,Email,Tanzania,1,55
C07990,07-01-2023,Email,Tanzania,0,30
C07991,06-05-2024,Paid Ads,Rwanda,1,43
C07992,15/03/2023,Organic,Rwanda,1,31
C07993,2023-01-15,Organic,Kenya,1,62
C07994,2023-07-29,Organic,Uganda,1,41
C07995,2024-02-07,Organic,Uganda,1,
C07996,2023-11-26,Organic,Kenya,1,18
C07997,02/07/2024,Organic,Uganda,0,63
C07998,2023-11-02,Paid Ads,Rwanda,0,62
C07999,2023-03-16,Referral,Rwanda,1,47
C08000,08-07-2023,Organic,Rwanda,1,27
C08001,2024-06-03,Email,Uganda,1,27
C08002,21/08/2024,Paid Ads,Uganda,1,45
C08003,2024-07-15,Organic,Tanzania,1,21
C08004,03-11-2024,Referral,Tanzania,1,31
C08005,06-11-2024,Paid Ads,Tanzania,1,29
C08006,23/03/2023,Organic,Uganda,1,55
C08007,05-14-2023,Email,Tanzania,1,64
C08008,20/03/2023,Organic,Rwanda,0,54
C08009,21/10/2023,Paid Ads,Uganda,1,27
C08010,2023-02-09,Organic,Kenya,0,58
C08011,12-16-2023,Email,Uganda,0,44
C08012,10-15-2023,Paid Ads,Tanzania,1,59
C08013,2023-01-23,Paid Ads,Uganda,1,29
C08014,09/12/2023,Organic,Tanzania,1,39
C08015,2023-07-13,Paid Ads,Tanzania,1,21
C08016,29/04/2024,Email,Kenya,1,46
C08017,2023-11-13,Paid Ads,Kenya,1,53
C08018,04-19-2024,Paid Ads,Rwanda,1,62
C08019,03-08-2024,Paid Ads,Tanzania,1,31
C08020,2023-12-08,Email,Uganda,1,29
C08021,2023-08-22,Paid Ads,Kenya,1,62
C08022,2023-05-06,Email,Kenya,1,37
C08023,04/07/2023,Email,Tanzania,1,62
C08024,06-18-2024,Paid Ads,Uganda,1,40
C08025,2023-10-07,Organic,Kenya,1,39
C08026,03-31-2024,Paid Ads,Kenya,1,51
C08027,07-06-2023,Email,Uganda,1,38
C08028,24/12/2023,Organic,Kenya,1,26
C08029,2023-06-13,Paid Ads,Uganda,1,27
C08030,13/08/2024,Email,Tanzania,1,27
C08031,2023-08-08,Organic,Kenya,1,62
C08032,25/02/2024,Paid Ads,Tanzania,1,47
C08033,2023-05-01,Organic,Uganda,1,50
C08034,03-12-2024,Organic,Tanzania,1,19
C08035,11-28-2023,Email,Tanzania,1,49
C08036,2023-08-27,Organic,Tanzania,1,62
C08037,2023-02-22,Organic,Rwanda,1,34
C08038,18/06/2023,Email,Uganda,1,45
C08039,05/07/2023,Organic,Uganda,1,62
C08040,20/07/2024,Referral,Uganda,0,34
C08041,26/04/2024,Referral,Uganda,0,31
C08042,01-17-2023,Organic,Uganda,1,27
C08043,22/12/2023,Organic,Kenya,1,51
C08044,2023-02-20,Email,Kenya,0,31
C08045,2023-01-19,Paid Ads,Kenya,1,34
C08046,03-25-2023,Organic,Tanzania,1,54
C08047,04-21-2024,Email,Tanzania,1,39
C08048,03/08/2024,Organic,Uganda,1,35
C08049,2023-06-04,Email,Rwanda,1,52
C08050,19/01/2023,Organic,Uganda,0,
C08051,04/05/2023,Organic,Kenya,1,35
C08052,01/06/2023,Organic,Uganda,1,47
C08053,07-04-2023,Referral,Tanzania,1,54
C08054,10-29-2023,Paid Ads,Uganda,1,57
C08055,09-30-2023,Email,Kenya,1,23
C08056,2024-06-22,Organic,Uganda,1,32
C08057,03-18-2024,Organic,Tanzania,0,52
C08058,2023-09-27,Organic,Rwanda,1,43
C08059,27/10/2023,Paid Ads,Kenya,1,58
C08060,2024-05-04,Paid Ads,Uganda,1,44
C08061,25/02/2024,Paid Ads,Tanzania,1,47
C08062,2024-08-03,Organic,Kenya,1,28
C08063,03/05/2024,Referral,Kenya,1,41
C08064,2023-07-11,Organic,Tanzania,1,31
C08065,2023-04-27,Referral,Uganda,1,40
C08066,2023-06-24,Organic,Uganda,1,26
C08067,09-03-2023,Paid Ads,Uganda,1,59
C08068,04-01-2023,Organic,Kenya,1,64
C08069,2024-06-27,Paid Ads,Rwanda,0,35
C08070,02-10-2024,Paid Ads,Kenya,1,56
C08071,01/05/2024,Paid Ads,Uganda,1,36
C08072,11/07/2024,Paid Ads,Kenya,1,22
C08073,2023-11-19,Email,Rwanda,1,35
C08074,08-31-2023,Paid Ads,Kenya,1,50
C08075,2023-01-22,Email,Tanzania,1,61
C08076,2024-04-08,Organic,Uganda,1,55
C08077,18/09/2023,Paid Ads,Uganda,1,30
C08078,02/05/2023,Paid Ads,Uganda,1,26
C08079,2024-03-28,Organic,Kenya,1,43
C08080,2023-03-23,Paid Ads,Kenya,1,18
C08081,2024-01-18,Organic,Kenya,1,29
C08082,31/10/2023,Organic,Uganda,1,41
C08083,2023-07-04,Organic,Kenya,0,18
C08084,07-22-2024,Organic,Uganda,1,21
C08085,06/07/2023,Paid Ads,Kenya,1,24
C08086,23/04/2023,Paid Ads,Uganda,1,45
C08087,21/06/2023,Referral,Tanzania,1,54
C08088,24/11/2023,Email,Kenya,1,22
C08089,26/04/2023,Organic,Uganda,0,56
C08090,2024-04-29,Email,Tanzania,1,49
C08091,2023-03-29,Email,Tanzania,1,48
C08092,2023-08-09,Paid Ads,Rwanda,1,61
C08093,2023-01-03,Paid Ads,Kenya,1,32
C08094,2023-09-13,Referral,Uganda,0,20
C08095,2024-03-15,Paid Ads,Rwanda,1,63
C08096,06/05/2024,Referral,Kenya,1,64
C08097,03-10-2023,Organic,Tanzania,1,64
C08098,06-01-2023,Organic,Kenya,1,32
C08099,10/01/2024,Paid Ads,Uganda,1,60
C08100,20/03/2023,Paid Ads,Tanzania,1,35
C08101,2024-08-08,Email,Rwanda,1,38
C08102,2023-05-13,Referral,Kenya,1,27
C08103,04-23-2024,Organic,Kenya,1,38
C08104,2023-01-25,Organic,Rwanda,1,43
C08105,2023-12-06,Email,Kenya,1,58
C08106,22/02/2023,Paid Ads,Kenya,1,20
C08107,2024-08-04,Organic,Kenya,0,18
C08108,02-09-2024,Paid Ads,Tanzania,1,38
C08109,2023-01-30,Email,Tanzania,1,28
C08110,07-20-2023,Email,Uganda,1,33
C08111,2024-02-22,Paid Ads,Kenya,1,52
C08112,2023-10-25,Organic,Uganda,1,38
C08113,2024-07-30,Referral,Tanzania,0,58
C08114,08/04/2023,Paid Ads,Kenya,0,28
C08115,2024-06-05,Paid Ads,Uganda,0,48
C08116,02/07/2024,Organic,Kenya,1,18
C08117,2023-12-18,Email,Kenya,1,58
C08118,03/02/2023,Organic,Rwanda,1,49
C08119,2023-07-03,Organic,Uganda,1,20
C08120,2023-09-17,Paid Ads,Tanzania,1,49
C08121,07-28-2023,Organic,Uganda,1,59
C08122,2024-08-17,Paid Ads,Uganda,1,22
C08123,01-19-2024,Organic,Uganda,1,60
C08124,04/07/2023,Paid Ads,Rwanda,1,54
C08125,2024-08-17,Organic,Kenya,1,29
C08126,01-18-2024,Organic,Tanzania,1,31
C08127,12-30-2023,Organic,Rwanda,1,61
C08128,01-21-2024,Referral,Tanzania,1,26
C08129,10/09/2023,Email,Rwanda,1,24
C08130,11-25-2023,Organic,Kenya,0,33
C08131,19/09/2023,Email,Tanzania,0,45
C08132,04-12-2024,Paid Ads,Uganda,1,24
C08133,17/04/2024,Referral,Rwanda,1,31
C08134,06-17-2023,Organic,Tanzania,1,49
C08135,2023-10-11,Paid Ads,Kenya,0,25
C08136,2023-07-25,Organic,Tanzania,1,44
C08137,2023-10-22,Organic,Rwanda,1,20
C08138,18/09/2023,Referral,Kenya,0,44
C08139,09-11-2023,Paid Ads,Uganda,1,47
C08140,05-02-2023,Organic,Rwanda,0,51
C08141,27/12/2023,Organic,Rwanda,1,43
C08142,2024-08-08,Email,Kenya,1,54
C08143,2023-12-24,Paid Ads,Rwanda,1,57
C08144,09/03/2024,Organic,Tanzania,0,39
C08145,14/07/2024,Referral,Uganda,0,49
C08146,11-24-2023,Organic,Tanzania,1,58
C08147,2023-10-20,Organic,Kenya,1,19
C08148,2024-02-05,Referral,Rwanda,1,64
C08149,10/04/2024,Organic,Uganda,0,25
C08150,04-04-2023,Organic,Kenya,1,59
C08151,2023-01-06,Paid Ads,Tanzania,1,24
C08152,01/11/2023,Email,Rwanda,1,36
C08153,09/01/2023,Organic,Rwanda,1,50
C08154,04-21-2024,Referral,Kenya,1,19
C08155,04-07-2023,Email,Tanzania,1,20
C08156,01-30-2024,Organic,Rwanda,0,45
C08157,16/02/2024,Email,Tanzania,1,31
C08158,04-27-2024,Organic,Uganda,1,32
C08159,02-10-2023,Paid Ads,Rwanda,1,38
C08160,02/09/2023,Email,Uganda,1,31
C08161,06-14-2024,Referral,Rwanda,0,57
C08162,14/05/2023,Organic,Kenya,1,35
C08163,02/03/2024,Paid Ads,Rwanda,0,56
C08164,25/06/2024,Paid Ads,Rwanda,1,37
C08165,2023-08-26,Organic,Tanzania,1,18
C08166,02-16-2024,Organic,Tanzania,0,26
C08167,09-04-2023,Organic,Uganda,1,26
C08168,05-24-2023,Paid Ads,Uganda,0,60
C08169,02/09/2023,Paid Ads,Uganda,1,55
C08170,2024-04-14,Organic,Rwanda,1,56
C08171,2023-11-17,Email,Rwanda,1,46
C08172,05-20-2023,Email,Uganda,1,32
C08173,02-12-2023,Paid Ads,Kenya,1,37
C08174,2024-02-21,Organic,Kenya,1,55
C08175,12/09/2023,Paid Ads,Rwanda,0,58
C08176,02-10-2023,Organic,Kenya,1,47
C08177,2023-09-09,Organic,Kenya,1,64
C08178,2023-05-17,Email,Uganda,1,43
C08179,18/01/2024,Organic,Kenya,1,23
C08180,2023-09-17,Organic,Kenya,1,56
C08181,06-25-2023,Organic,Rwanda,1,34
C08182,08-08-2023,Organic,Rwanda,1,23
C08183,2024-01-19,Organic,Rwanda,1,45
C08184,2024-08-12,Referral,Kenya,1,26
C08185,2023-01-08,Organic,Uganda,1,44
C08186,16/08/2023,Organic,Tanzania,1,52
C08187,20/07/2024,Organic,Rwanda,0,63
C08188,03-07-2023,Referral,Rwanda,1,23
C08189,07-10-2023,Paid Ads,Rwanda,1,21
C08190,09/08/2023,Organic,Uganda,1,33
C08191,05-29-2024,Email,Tanzania,1,40
C08192,28/07/2023,Organic,Tanzania,1,
C08193,08-07-2023,Organic,Rwanda,1,40
C08194,17/08/2023,Organic,Kenya,1,46
C08195,06/07/2023,Organic,Rwanda,1,58
C08196,10/05/2023,Organic,Rwanda,1,21
C08197,2024-04-12,Paid Ads,Kenya,1,57
C08198,2024-07-09,Organic,Kenya,1,57
C08199,2023-12-17,Paid Ads,Rwanda,1,41
C08200,2023-12-18,Organic,Uganda,1,23
C08201,30/04/2024,Organic,Uganda,1,57
C08202,12-11-2023,Paid Ads,Kenya,1,23
C08203,2023-05-18,Referral,Rwanda,0,31
C08204,01/03/2024,Organic,Uganda,1,31
C08205,2023-02-24,Paid Ads,Rwanda,1,62
C08206,25/03/2023,Organic,Rwanda,1,64
C08207,21/10/2023,Organic,Rwanda,1,52
C08208,01-23-2023,Organic,Uganda,0,23
C08209,2023-04-11,Organic,Tanzania,1,40
C08210,07-07-2023,Organic,Rwanda,1,37
C08211,01-24-2023,Organic,Uganda,1,34
C08212,2024-06-02,Email,Tanzania,1,37
C08213,2023-01-02,Organic,Kenya,1,
C08214,2024-03-15,Paid Ads,Uganda,1,23
C08215,2023-12-11,Organic,Tanzania,1,57
C08216,2023-04-05,Paid Ads,Uganda,1,45
C08217,20/04/2024,Paid Ads,Tanzania,1,30
C08218,04/07/2024,Organic,Tanzania,1,46
C08219,01-28-2024,Organic,Uganda,1,62
C08220,01-15-2023,Email,Kenya,1,37
C08221,2023-11-19,Email,Rwanda,1,34
C08222,04-04-2024,Organic,Tanzania,1,52
C08223,2024-07-29,Organic,Rwanda,1,62
C08224,29/01/2023,Email,Kenya,1,56
C08225,2023-12-12,Organic,Rwanda,1,54
C08226,2023-02-06,Paid Ads,Rwanda,0,60
C08227,01-29-2024,Organic,Uganda,1,40
C08228,09-17-2023,Organic,Uganda,1,35
C08229,14/05/2024,Paid Ads,Kenya,1,53
C08230,01/05/2023,Paid Ads,Uganda,1,37
C08231,15/06/2024,Organic,Tanzania,1,24
C08232,10-23-2023,Paid Ads,Kenya,1,53
C08233,2023-03-11,Email,Uganda,1,59
C08234,03-04-2024,Paid Ads,Uganda,1,18
C08235,2023-05-21,Organic,Kenya,0,54
C08236,08/03/2024,Paid Ads,Tanzania,1,52
C08237,06-22-2023,Email,Kenya,1,58
C08238,05-29-2023,Email,Uganda,1,20
C08239,2023-12-03,Paid Ads,Uganda,1,52
C08240,2024-04-02,Organic,Kenya,1,46
C08241,2023-08-21,Email,Tanzania,1,26
C08242,16/07/2024,Paid Ads,Tanzania,1,54
C08243,23/06/2023,Organic,Rwanda,1,59
C08244,2023-09-13,Paid Ads,Tanzania,0,64
C08245,05/08/2023,Organic,Kenya,1,42
C08246,07-14-2024,Paid Ads,Tanzania,0,29
C08247,2024-02-24,Organic,Tanzania,1,55
C08248,06/06/2024,Paid Ads,Rwanda,1,24
C08249,09/11/2023,Referral,Tanzania,0,24
C08250,08-30-2023,Email,Rwanda,1,21
C08251,07-04-2024,Referral,Rwanda,0,62
C08252,2023-06-19,Referral,Tanzania,1,64
C08253,06-28-2024,Organic,Uganda,0,48
C08254,19/05/2023,Paid Ads,Kenya,1,56
C08255,09-07-2023,Paid Ads,Kenya,1,27
C08256,02-09-2023,Email,Tanzania,0,
C08257,08-23-2023,Organic,Kenya,1,40
C08258,05-27-2023,Referral,Kenya,1,43
C08259,2024-08-15,Paid Ads,Rwanda,1,40
C08260,03-21-2023,Email,Uganda,1,46
C08261,12/01/2023,Organic,Kenya,0,25
C08262,2024-06-22,Organic,Uganda,1,36
C08263,07/03/2024,Email,Kenya,1,46
C08264,2023-11-12,Organic,Uganda,1,60
C08265,26/08/2023,Email,Uganda,1,23
C08266,2023-10-17,Organic,Kenya,1,46
C08267,26/11/2023,Paid Ads,Rwanda,1,41
C08268,05-03-2024,Organic,Uganda,1,27
C08269,23/02/2024,Paid Ads,Uganda,1,31
C08270,04-21-2023,Paid Ads,Kenya,0,23
C08271,04/03/2023,Organic,Uganda,1,21
C08272,06/05/2023,Organic,Uganda,1,32
C08273,26/01/2023,Organic,Rwanda,1,54
C08274,30/07/2023,Paid Ads,Uganda,1,
C08275,2023-03-18,Paid Ads,Rwanda,1,56
C08276,2024-04-20,Email,Uganda,1,45
C08277,2023-08-03,Paid Ads,Uganda,1,19
C08278,07/06/2024,Paid Ads,Rwanda,1,30
C08279,10-05-2023,Organic,Rwanda,1,19
C08280,2024-02-05,Organic,Tanzania,1,58
C08281,02-15-2023,Organic,Uganda,1,49
C08282,07/12/2023,Referral,Rwanda,1,22
C08283,12-21-2023,Email,Uganda,0,20
C08284,03-07-2024,Organic,Uganda,1,19
C08285,2023-09-30,Paid Ads,Uganda,0,31
C08286,2023-12-05,Email,Kenya,1,57
C08287,2023-08-02,Paid Ads,Tanzania,1,61
C08288,16/02/2023,Organic,Kenya,1,46
C08289,12-30-2023,Organic,Tanzania,0,
C08290,01-11-2024,Paid Ads,Uganda,1,55
C08291,12/06/2024,Referral,Uganda,0,23
C08292,15/01/2024,Paid Ads,Rwanda,1,51
C08293,01-16-2023,Organic,Tanzania,1,25
C08294,09/03/2023,Organic,Tanzania,0,63
C08295,12-04-2023,Email,Kenya,0,19
C08296,03-29-2023,Email,Tanzania,1,43
C08297,03/04/2023,Paid Ads,Uganda,1,34
C08298,2023-05-24,Paid Ads,Rwanda,1,41
C08299,19/12/2023,Organic,Kenya,1,48
C08300,11-06-2023,Email,Rwanda,1,33
C08301,2023-08-23,Email,Tanzania,1,38
C08302,19/12/2023,Organic,Tanzania,1,55
C08303,11/04/2023,Email,Kenya,1,43
C08304,2024-01-25,Organic,Tanzania,0,34
C08305,18/08/2024,Organic,Rwanda,1,63
C08306,09-29-2023,Organic,Uganda,1,59
C08307,2024-06-26,Organic,Kenya,0,21
C08308,11-14-2023,Organic,Tanzania,1,60
C08309,2023-09-10,Paid Ads,Rwanda,1,
C08310,13/06/2023,Paid Ads,Uganda,1,21
C08311,13/02/2023,Paid Ads,Tanzania,1,36
C08312,15/01/2024,Organic,Kenya,1,55
C08313,29/03/2023,Organic,Tanzania,1,42
C08314,2024-05-27,Paid Ads,Tanzania,1,25
C08315,2024-06-14,Organic,Tanzania,1,35
C08316,03-03-2023,Organic,Uganda,0,35
C08317,2024-03-22,Email,Uganda,1,
C08318,14/09/2023,Email,Tanzania,1,24
C08319,29/03/2023,Email,Tanzania,1,34
C08320,19/12/2023,Paid Ads,Kenya,1,20
C08321,03-07-2023,Organic,Tanzania,1,39
C08322,2024-03-02,Paid Ads,Rwanda,1,32
C08323,05-01-2023,Organic,Rwanda,1,48
C08324,2023-05-10,Paid Ads,Kenya,1,53
C08325,02-20-2024,Organic,Uganda,1,43
C08326,20/12/2023,Email,Tanzania,1,
C08327,12/09/2023,Organic,Kenya,0,31
C08328,2023-04-19,Referral,Uganda,1,34
C08329,2024-04-11,Email,Kenya,1,26
C08330,08-03-2024,Paid Ads,Uganda,1,24
C08331,07/01/2024,Email,Tanzania,1,63
C08332,02-02-2024,Paid Ads,Kenya,1,44
C08333,09-25-2023,Email,Tanzania,1,45
C08334,05-23-2024,Paid Ads,Kenya,1,29
C08335,25/05/2024,Email,Uganda,0,34
C08336,25/03/2024,Paid Ads,Kenya,0,26
C08337,2023-03-12,Referral,Rwanda,1,61
C08338,23/05/2023,Paid Ads,Rwanda,0,61
C08339,08-20-2023,Paid Ads,Kenya,1,25
C08340,16/01/2023,Email,Rwanda,1,44
C08341,10-16-2023,Email,Tanzania,1,59
C08342,2024-06-19,Paid Ads,Rwanda,1,29
C08343,2023-03-31,Organic,Rwanda,0,54
C08344,06-08-2023,Paid Ads,Tanzania,1,37
C08345,04/04/2023,Referral,Tanzania,1,18
C08346,2024-03-18,Email,Uganda,1,26
C08347,2024-07-12,Email,Tanzania,1,64
C08348,11/02/2023,Organic,Kenya,1,41
C08349,2023-11-04,Paid Ads,Rwanda,1,51
C08350,02-14-2023,Paid Ads,Uganda,1,53
C08351,2024-03-27,Email,Tanzania,1,21
C08352,09/03/2023,Organic,Rwanda,1,46
C08353,28/03/2024,Email,Kenya,1,40
C08354,2023-04-03,Paid Ads,Kenya,1,52
C08355,2024-01-19,Organic,Uganda,1,33
C08356,15/07/2023,Organic,Kenya,0,25
C08357,06-10-2023,Organic,Rwanda,1,44
C08358,15/06/2023,Paid Ads,Tanzania,1,56
C08359,04-18-2023,Organic,Kenya,0,29
C08360,2023-09-19,Organic,Tanzania,0,61
C08361,01/02/2023,Email,Rwanda,1,21
C08362,2023-12-12,Organic,Rwanda,1,64
C08363,07-07-2023,Organic,Tanzania,1,42
C08364,2023-05-26,Paid Ads,Rwanda,0,23
C08365,2024-03-26,Paid Ads,Uganda,0,20
C08366,25/07/2023,Email,Kenya,1,56
C08367,12-01-2023,Paid Ads,Uganda,1,41
C08368,04-07-2023,Email,Uganda,1,38
C08369,05-30-2023,Paid Ads,Uganda,1,23
C08370,08/04/2024,Organic,Tanzania,1,50
C08371,2024-05-30,Organic,Tanzania,1,25
C08372,2023-04-05,Paid Ads,Rwanda,0,50
C08373,05/08/2023,Organic,Tanzania,1,
C08374,04-29-2024,Email,Rwanda,1,20
C08375,2024-07-11,Paid Ads,Tanzania,1,19
C08376,24/12/2023,Organic,Rwanda,1,55
C08377,05-16-2024,Organic,Kenya,1,57
C08378,01-18-2024,Organic,Rwanda,1,56
C08379,04-11-2024,Paid Ads,Kenya,1,56
C08380,20/11/2023,Paid Ads,Rwanda,1,41
C08381,2023-05-14,Paid Ads,Tanzania,0,38
C08382,06-24-2024,Organic,Tanzania,1,35
C08383,03-04-2023,Paid Ads,Kenya,0,52
C08384,14/11/2023,Email,Uganda,0,28
C08385,08-08-2024,Organic,Uganda,0,28
C08386,11-18-2023,Paid Ads,Rwanda,1,20
C08387,2023-08-04,Referral,Tanzania,1,40
C08388,06-06-2023,Organic,Uganda,0,18
C08389,2024-06-02,Paid Ads,Tanzania,1,40
C08390,2024-03-05,Organic,Tanzania,1,39
C08391,11/05/2024,Paid Ads,Tanzania,1,59
C08392,07/06/2024,Organic,Rwanda,1,47
C08393,2024-05-16,Referral,Kenya,1,19
C08394,25/07/2024,Email,Rwanda,0,34
C08395,23/07/2024,Email,Uganda,1,58
C08396,2023-05-10,Email,Kenya,1,37
C08397,08-02-2023,Paid Ads,Uganda,1,26
C08398,2023-07-10,Paid Ads,Kenya,1,28
C08399,2023-01-01,Email,Kenya,1,34
C08400,2024-06-10,Referral,Rwanda,1,31
C08401,2024-08-19,Paid Ads,Tanzania,1,35
C08402,06-18-2024,Referral,Tanzania,1,35
C08403,2024-04-18,Paid Ads,Kenya,1,61
C08404,25/03/2024,Paid Ads,Rwanda,0,25
C08405,05/07/2023,Paid Ads,Uganda,1,46
C08406,2023-03-08,Organic,Uganda,1,25
C08407,08-30-2023,Organic,Tanzania,1,43
C08408,01-22-2024,Organic,Tanzania,1,45
C08409,04-06-2023,Paid Ads,Uganda,1,25
C08410,06-26-2024,Organic,Uganda,1,37
C08411,09/05/2024,Paid Ads,Rwanda,1,64
C08412,2023-09-18,Referral,Uganda,1,25
C08413,2024-03-20,Organic,Rwanda,0,31
C08414,2024-03-20,Paid Ads,Tanzania,0,30
C08415,2023-02-28,Organic,Uganda,1,57
C08416,24/06/2024,Organic,Tanzania,1,34
C08417,11-06-2023,Email,Kenya,0,43
C08418,01/07/2023,Paid Ads,Kenya,0,23
C08419,11-21-2023,Email,Kenya,1,34
C08420,10/01/2024,Organic,Uganda,1,21
C08421,03-16-2024,Paid Ads,Tanzania,1,42
C08422,26/03/2023,Organic,Uganda,1,24
C08423,2024-08-02,Organic,Tanzania,1,34
C08424,2023-01-23,Organic,Rwanda,1,39
C08425,2024-04-17,Organic,Uganda,0,45
C08426,12/06/2023,Organic,Kenya,0,23
C08427,20/08/2023,Organic,Rwanda,1,47
C08428,29/05/2024,Referral,Tanzania,1,27
C08429,08-21-2023,Organic,Uganda,1,56
C08430,2023-07-16,Organic,Tanzania,1,31
C08431,2023-01-09,Organic,Tanzania,0,63
C08432,29/04/2023,Paid Ads,Uganda,1,59
C08433,17/03/2024,Organic,Uganda,1,39
C08434,10/04/2023,Email,Tanzania,1,58
C08435,14/05/2023,Referral,Tanzania,1,43
C08436,02-21-2023,Organic,Rwanda,1,27
C08437,06/02/2024,Paid Ads,Kenya,1,19
C08438,16/08/2024,Organic,Tanzania,1,20
C08439,01-05-2023,Paid Ads,Kenya,1,
C08440,02/09/2023,Paid Ads,Rwanda,1,59
C08441,2024-08-23,Organic,Kenya,0,28
C08442,12-03-2023,Organic,Kenya,0,27
C08443,08-21-2024,Paid Ads,Rwanda,0,29
C08444,09-03-2023,Paid Ads,Tanzania,0,31
C08445,2023-04-26,Organic,Kenya,0,47
C08446,02-11-2023,Paid Ads,Tanzania,1,58
C08447,06-16-2023,Paid Ads,Tanzania,1,30
C08448,07-29-2024,Email,Uganda,1,47
C08449,02/08/2024,Organic,Tanzania,0,55
C08450,04-06-2024,Email,Tanzania,1,28
C08451,2023-07-06,Paid Ads,Kenya,1,18
C08452,06-01-2024,Organic,Tanzania,0,44
C08453,12-31-2023,Paid Ads,Tanzania,1,64
C08454,11-19-2023,Paid Ads,Uganda,0,56
C08455,04/01/2024,Referral,Uganda,1,60
C08456,26/02/2024,Organic,Kenya,1,54
C08457,2024-01-26,Paid Ads,Kenya,1,26
C08458,26/01/2023,Organic,Uganda,0,
C08459,25/10/2023,Referral,Uganda,1,60
C08460,04-01-2024,Organic,Rwanda,1,43
C08461,03/04/2023,Referral,Tanzania,0,42
C08462,03/05/2024,Referral,Kenya,1,34
C08463,2024-07-27,Organic,Kenya,1,23
C08464,2023-04-16,Email,Tanzania,1,32
C08465,05-10-2023,Referral,Tanzania,1,20
C08466,17/02/2023,Organic,Kenya,1,48
C08467,2023-05-20,Paid Ads,Uganda,1,45
C08468,04/04/2024,Paid Ads,Uganda,1,26
C08469,2023-01-04,Organic,Tanzania,0,61
C08470,24/06/2024,Organic,Kenya,1,35
C08471,2024-07-13,Organic,Tanzania,1,
C08472,2023-12-11,Organic,Uganda,1,57
C08473,11-01-2023,Paid Ads,Rwanda,0,49
C08474,2024-07-13,Organic,Rwanda,1,36
C08475,2023-08-20,Email,Uganda,1,22
C08476,07-04-2023,Email,Tanzania,0,61
C08477,11-08-2023,Organic,Rwanda,1,23
C08478,2023-07-12,Paid Ads,Uganda,1,29
C08479,16/10/2023,Paid Ads,Kenya,1,64
C08480,10-10-2023,Referral,Tanzania,1,59
C08481,27/01/2023,Organic,Tanzania,1,34
C08482,29/05/2024,Organic,Rwanda,1,56
C08483,01-18-2024,Referral,Tanzania,1,24
C08484,02-23-2024,Referral,Rwanda,0,28
C08485,02-01-2023,Email,Rwanda,1,51
C08486,01-01-2023,Email,Uganda,1,19
C08487,14/08/2023,Organic,Rwanda,1,31
C08488,27/03/2023,Paid Ads,Kenya,1,35
C08489,08/05/2023,Organic,Tanzania,1,
C08490,2023-02-01,Organic,Rwanda,1,60
C08491,02-06-2024,Email,Tanzania,1,26
C08492,02-01-2023,Organic,Rwanda,0,56
C08493,16/04/2024,Paid Ads,Uganda,0,21
C08494,07/02/2023,Referral,Kenya,1,
C08495,2023-07-05,Organic,Tanzania,0,31
C08496,2023-01-01,Referral,Uganda,1,28
C08497,28/02/2024,Referral,Tanzania,1,47
C08498,11/03/2023,Paid Ads,Uganda,1,57
C08499,04/12/2023,Organic,Kenya,0,60
C08500,05-28-2024,Organic,Rwanda,1,44
C08501,05-15-2023,Paid Ads,Uganda,1,46
C08502,2024-01-01,Organic,Tanzania,0,49
C08503,2023-03-12,Organic,Tanzania,1,47
C08504,2024-03-13,Referral,Uganda,1,43
C08505,02/01/2024,Organic,Kenya,1,47
C08506,2023-01-28,Email,Kenya,1,27
C08507,22/01/2024,Organic,Rwanda,0,29
C08508,2023-09-10,Paid Ads,Rwanda,1,50
C08509,11/11/2023,Referral,Tanzania,1,51
C08510,2023-04-01,Organic,Tanzania,1,35
C08511,02-27-2023,Organic,Rwanda,1,56
C08512,2024-08-05,Paid Ads,Rwanda,1,33
C08513,2024-05-12,Email,Rwanda,1,62
C08514,2023-09-19,Paid Ads,Uganda,1,21
C08515,2024-02-28,Organic,Rwanda,1,27
C08516,02-14-2024,Organic,Uganda,1,45
C08517,02-03-2024,Referral,Uganda,1,58
C08518,05/11/2023,Referral,Rwanda,1,35
C08519,08/01/2024,Paid Ads,Kenya,1,26
C08520,05/05/2024,Email,Kenya,0,39
C08521,2023-11-21,Paid Ads,Tanzania,1,27
C08522,2023-02-16,Paid Ads,Rwanda,0,57
C08523,25/07/2024,Organic,Tanzania,0,40
C08524,2024-03-07,Paid Ads,Rwanda,1,60
C08525,2024-01-30,Paid Ads,Tanzania,1,30
C08526,14/07/2023,Organic,Uganda,1,41
C08527,28/01/2023,Paid Ads,Rwanda,1,30
C08528,2023-07-06,Email,Kenya,1,
C08529,2023-04-10,Paid Ads,Rwanda,1,62
C08530,29/05/2024,Paid Ads,Tanzania,1,42
C08531,18/01/2024,Referral,Tanzania,1,61
C08532,04-23-2023,Organic,Tanzania,0,64
C08533,2023-04-11,Paid Ads,Tanzania,1,46
C08534,2023-01-07,Email,Tanzania,0,33
C08535,17/03/2024,Paid Ads,Tanzania,1,57
C08536,01-31-2024,Organic,Kenya,1,23
C08537,2024-05-12,Organic,Tanzania,1,25
C08538,16/12/2023,Email,Kenya,0,51
C08539,04/08/2023,Paid Ads,Rwanda,1,35
C08540,13/07/2023,Email,Uganda,1,60
C08541,02-16-2024,Paid Ads,Kenya,0,49
C08542,2023-12-19,Paid Ads,Rwanda,1,27
C08543,28/06/2023,Email,Uganda,1,51
C08544,2024-01-17,Paid Ads,Kenya,0,40
C08545,2023-05-25,Organic,Kenya,0,36
C08546,2023-03-14,Paid Ads,Rwanda,1,37
C08547,2024-02-24,Email,Tanzania,1,51
C08548,2023-03-12,Organic,Kenya,0,55
C08549,2023-05-30,Organic,Kenya,0,34
C08550,11-05-2023,Organic,Rwanda,1,61
C08551,01-08-2024,Referral,Tanzania,0,22
C08552,03-16-2023,Organic,Uganda,1,19
C08553,23/04/2024,Paid Ads,Tanzania,1,58
C08554,05-26-2023,Paid Ads,Tanzania,1,51
C08555,2023-01-08,Paid Ads,Rwanda,1,37
C08556,23/09/2023,Paid Ads,Tanzania,1,63
C08557,2024-02-17,Organic,Rwanda,1,64
C08558,02-12-2023,Paid Ads,Uganda,1,19
C08559,10-14-2023,Email,Kenya,1,45
C08560,02-24-2023,Email,Kenya,1,35
C08561,12-29-2023,Organic,Rwanda,0,61
C08562,09-14-2023,Email,Rwanda,0,56
C08563,16/07/2024,Paid Ads,Tanzania,1,
C08564,2023-09-29,Email,Tanzania,0,52
C08565,2024-05-22,Paid Ads,Kenya,1,32
C08566,2024-03-17,Paid Ads,Kenya,1,64
C08567,19/07/2023,Referral,Kenya,0,56
C08568,23/02/2024,Email,Rwanda,1,57
C08569,11/02/2024,Paid Ads,Uganda,1,56
C08570,14/05/2024,Organic,Uganda,1,20
C08571,19/05/2023,Organic,Rwanda,1,36
C08572,04-11-2023,Organic,Tanzania,1,40
C08573,01-20-2024,Organic,Uganda,0,36
C08574,2024-03-30,Organic,Tanzania,1,35
C08575,01/11/2023,Email,Kenya,0,47
C08576,08-17-2023,Organic,Kenya,0,56
C08577,2023-09-18,Paid Ads,Tanzania,1,36
C08578,02-15-2023,Organic,Kenya,1,22
C08579,17/05/2023,Organic,Rwanda,1,30
C08580,14/06/2023,Organic,Tanzania,1,51
C08581,24/10/2023,Organic,Tanzania,1,41
C08582,2023-09-13,Email,Tanzania,0,35
C08583,04-08-2024,Email,Uganda,1,21
C08584,09-22-2023,Organic,Tanzania,1,53
C08585,01-16-2024,Paid Ads,Tanzania,1,25
C08586,11-16-2023,Paid Ads,Tanzania,1,60
C08587,10-21-2023,Email,Uganda,1,18
C08588,05/11/2023,Email,Kenya,0,58
C08589,04-30-2024,Paid Ads,Uganda,0,55
C08590,10-14-2023,Paid Ads,Rwanda,1,53
C08591,2023-12-10,Email,Tanzania,1,55
C08592,2024-05-27,Organic,Rwanda,1,30
C08593,29/02/2024,Paid Ads,Uganda,1,39
C08594,26/04/2024,Referral,Kenya,1,46
C08595,16/10/2023,Email,Kenya,1,26
C08596,06-30-2023,Paid Ads,Tanzania,1,44
C08597,06-29-2023,Paid Ads,Kenya,1,63
C08598,10/06/2024,Organic,Uganda,1,61
C08599,05-20-2024,Paid Ads,Uganda,1,21
C08600,04-04-2023,Paid Ads,Kenya,1,57
C08601,11/12/2023,Paid Ads,Tanzania,1,34
C08602,10/02/2023,Email,Tanzania,1,54
C08603,2023-10-06,Email,Uganda,1,20
C08604,24/07/2024,Organic,Kenya,0,21
C08605,12-20-2023,Paid Ads,Uganda,1,57
C08606,2024-01-09,Paid Ads,Uganda,1,33
C08607,2024-07-12,Paid Ads,Rwanda,0,28
C08608,06-23-2023,Organic,Uganda,1,44
C08609,07-10-2024,Paid Ads,Tanzania,1,43
C08610,2024-05-29,Email,Kenya,1,48
C08611,12/04/2023,Paid Ads,Kenya,1,51
C08612,25/02/2023,Referral,Rwanda,1,25
C08613,2024-06-11,Referral,Rwanda,1,56
C08614,01-05-2024,Organic,Tanzania,1,18
C08615,2023-08-20,Organic,Rwanda,1,19
C08616,2023-04-28,Referral,Uganda,0,44
C08617,01-29-2024,Referral,Uganda,1,62
C08618,22/08/2023,Organic,Tanzania,1,60
C08619,02-05-2023,Organic,Kenya,1,20
C08620,02-27-2023,Organic,Tanzania,0,51
C08621,08-26-2023,Referral,Rwanda,0,33
C08622,03-19-2024,Organic,Kenya,1,18
C08623,2024-07-28,Paid Ads,Kenya,1,24
C08624,28/05/2023,Email,Kenya,1,52
C08625,01-09-2024,Organic,Rwanda,1,39
C08626,12/07/2023,Paid Ads,Uganda,1,
C08627,2023-09-15,Organic,Uganda,1,49
C08628,06-16-2024,Email,Rwanda,0,43
C08629,2023-09-18,Organic,Rwanda,1,23
C08630,07/07/2023,Paid Ads,Tanzania,1,63
C08631,06-19-2024,Paid Ads,Tanzania,1,28
C08632,07-10-2023,Organic,Uganda,1,48
C08633,2023-05-15,Organic,Rwanda,1,38
C08634,02-10-2023,Paid Ads,Tanzania,1,39
C08635,24/02/2024,Organic,Rwanda,0,18
C08636,2024-08-07,Email,Rwanda,1,38
C08637,19/08/2024,Email,Uganda,0,62
C08638,07-05-2024,Paid Ads,Uganda,1,37
C08639,2024-08-11,Paid Ads,Rwanda,1,26
C08640,05/06/2023,Paid Ads,Kenya,1,44
C08641,2023-04-15,Email,Kenya,1,46
C08642,07-01-2023,Paid Ads,Rwanda,1,60
C08643,2023-10-27,Organic,Uganda,1,50
C08644,2024-08-10,Organic,Kenya,1,62
C08645,24/05/2023,Paid Ads,Uganda,0,18
C08646,2023-06-19,Paid Ads,Kenya,1,20
C08647,11-19-2023,Paid Ads,Rwanda,1,49
C08648,10-18-2023,Organic,Tanzania,1,37
C08649,11/05/2023,Email,Tanzania,1,34
C08650,04-02-2024,Organic,Uganda,1,54
C08651,27/12/2023,Organic,Uganda,0,55
C08652,2024-07-09,Paid Ads,Kenya,1,27
C08653,28/07/2023,Organic,Rwanda,1,60
C08654,2024-02-08,Paid Ads,Kenya,1,62
C08655,03-01-2024,Organic,Rwanda,1,46
C08656,20/08/2024,Paid Ads,Rwanda,0,59
C08657,2024-07-14,Paid Ads,Uganda,1,63
C08658,2023-12-22,Organic,Tanzania,1,49
C08659,03/01/2023,Organic,Tanzania,1,30
C08660,2023-01-27,Email,Uganda,1,48
C08661,2024-04-27,Paid Ads,Tanzania,1,21
C08662,01-19-2024,Paid Ads,Uganda,1,35
C08663,12-28-2023,Organic,Kenya,1,28
C08664,12-01-2023,Paid Ads,Rwanda,0,59
C08665,10-08-2023,Paid Ads,Tanzania,1,35
C08666,07/02/2023,Paid Ads,Tanzania,0,58
C08667,05-22-2023,Email,Kenya,1,54
C08668,09/12/2023,Organic,Kenya,1,50
C08669,04-17-2023,Organic,Tanzania,1,54
C08670,10-16-2023,Email,Tanzania,1,20
C08671,2024-07-27,Referral,Uganda,1,18
C08672,08-06-2024,Organic,Uganda,1,36
C08673,01/05/2024,Paid Ads,Tanzania,1,23
C08674,2023-06-28,Organic,Uganda,0,27
C08675,01-24-2024,Organic,Kenya,1,54
C08676,2023-07-19,Organic,Rwanda,1,29
C08677,2023-09-22,Organic,Uganda,1,61
C08678,12/08/2023,Email,Rwanda,1,34
C08679,10-20-2023,Paid Ads,Uganda,0,44
C08680,2023-06-16,Organic,Tanzania,1,19
C08681,26/02/2024,Organic,Uganda,0,42
C08682,02-05-2023,Email,Rwanda,0,63
C08683,02-16-2023,Organic,Rwanda,1,61
C08684,11/01/2024,Paid Ads,Tanzania,1,45
C08685,14/12/2023,Organic,Rwanda,1,62
C08686,12-11-2023,Paid Ads,Tanzania,1,54
C08687,02/12/2023,Organic,Tanzania,1,54
C08688,02/07/2024,Organic,Rwanda,1,34
C08689,08-31-2023,Organic,Kenya,1,22
C08690,03-01-2023,Organic,Rwanda,1,36
C08691,2023-04-01,Paid Ads,Rwanda,1,21
C08692,2023-03-25,Paid Ads,Uganda,1,56
C08693,30/04/2024,Organic,Rwanda,1,60
C08694,04-09-2023,Organic,Uganda,0,55
C08695,23/10/2023,Paid Ads,Uganda,1,62
C08696,06-12-2023,Paid Ads,Rwanda,1,61
C08697,2024-04-04,Referral,Tanzania,1,47
C08698,2024-02-14,Paid Ads,Kenya,1,49
C08699,2023-09-02,Paid Ads,Rwanda,0,54
C08700,12/05/2023,Paid Ads,Rwanda,1,44
C08701,2024-04-06,Referral,Tanzania,0,49
C08702,04-28-2023,Email,Uganda,1,59
C08703,12-21-2023,Organic,Tanzania,0,28
C08704,31/03/2023,Organic,Tanzania,1,58
C08705,11-11-2023,Organic,Uganda,0,30
C08706,01-05-2024,Paid Ads,Rwanda,0,52
C08707,2024-06-22,Email,Tanzania,1,34
C08708,12/02/2024,Paid Ads,Tanzania,0,47
C08709,01-18-2023,Organic,Rwanda,1,35
C08710,06/04/2023,Email,Rwanda,1,54
C08711,04-04-2024,Email,Kenya,1,
C08712,2024-01-08,Organic,Tanzania,0,47
C08713,2024-07-21,Paid Ads,Kenya,1,43
C08714,11/05/2023,Paid Ads,Uganda,1,33
C08715,03-10-2024,Email,Rwanda,1,28
C08716,01/08/2023,Email,Rwanda,0,21
C08717,2023-11-01,Paid Ads,Kenya,1,58
C08718,2024-05-16,Paid Ads,Tanzania,1,32
C08719,07/03/2024,Email,Uganda,1,29
C08720,2023-04-14,Paid Ads,Tanzania,1,44
C08721,14/06/2023,Organic,Tanzania,1,
C08722,19/08/2024,Email,Kenya,1,21
C08723,09-20-2023,Organic,Tanzania,1,52
C08724,2024-04-19,Organic,Kenya,0,38
C08725,02/10/2023,Email,Rwanda,1,53
C08726,2024-03-05,Email,Rwanda,1,19
C08727,04-01-2023,Paid Ads,Rwanda,1,56
C08728,2023-08-07,Organic,Uganda,1,45
C08729,2023-11-24,Organic,Uganda,1,51
C08730,01-26-2023,Organic,Tanzania,1,50
C08731,2023-08-19,Organic,Kenya,0,25
C08732,12-08-2023,Email,Tanzania,1,25
C08733,13/01/2024,Organic,Rwanda,1,59
C08734,12-20-2023,Paid Ads,Tanzania,1,39
C08735,04-03-2023,Organic,Tanzania,1,44
C08736,02/06/2023,Referral,Tanzania,1,45
C08737,02-17-2023,Organic,Rwanda,0,28
C08738,16/04/2023,Organic,Kenya,1,44
C08739,01-20-2023,Organic,Tanzania,1,18
C08740,2024-02-13,Paid Ads,Rwanda,0,56
C08741,2023-10-21,Paid Ads,Uganda,1,45
C08742,02-07-2024,Paid Ads,Kenya,1,44
C08743,06-10-2023,Paid Ads,Rwanda,1,25
C08744,2023-08-23,Organic,Tanzania,1,63
C08745,04-07-2023,Paid Ads,Rwanda,1,41
C08746,04/01/2024,Paid Ads,Kenya,1,57
C08747,07-30-2024,Organic,Tanzania,1,53
C08748,2024-06-02,Organic,Uganda,0,41
C08749,2023-02-20,Organic,Uganda,0,59
C08750,08-20-2023,Organic,Uganda,1,39
C08751,02-03-2023,Paid Ads,Rwanda,0,27
C08752,08-05-2024,Organic,Kenya,1,21
C08753,21/04/2023,Organic,Uganda,0,25
C08754,25/09/2023,Organic,Tanzania,1,56
C08755,07-17-2023,Referral,Tanzania,1,32
C08756,2023-07-17,Email,Tanzania,1,25
C08757,02-02-2024,Organic,Rwanda,1,46
C08758,2024-07-03,Organic,Kenya,1,59
C08759,2023-10-13,Organic,Kenya,1,56
C08760,2023-04-17,Paid Ads,Uganda,1,52
C08761,29/04/2024,Organic,Kenya,1,58
C08762,06/08/2023,Paid Ads,Tanzania,1,
C08763,10-26-2023,Paid Ads,Tanzania,0,31
C08764,03-15-2024,Email,Rwanda,1,49
C08765,2023-04-25,Organic,Tanzania,1,24
C08766,13/07/2024,Email,Kenya,1,61
C08767,16/05/2024,Email,Tanzania,0,50
C08768,2023-07-31,Organic,Uganda,1,
C08769,10/10/2023,Organic,Rwanda,0,52
C08770,2023-06-29,Organic,Rwanda,1,44
C08771,11/01/2024,Organic,Kenya,1,18
C08772,2024-03-30,Organic,Tanzania,1,23
C08773,04-01-2023,Paid Ads,Tanzania,1,19
C08774,03-01-2024,Paid Ads,Kenya,1,24
C08775,2023-04-18,Referral,Kenya,1,25
C08776,2023-12-08,Organic,Uganda,1,62
C08777,2024-03-20,Referral,Kenya,1,46
C08778,19/03/2024,Organic,Tanzania,1,33
C08779,2024-06-23,Email,Uganda,1,46
C08780,05-07-2024,Organic,Rwanda,1,48
C08781,07/11/2023,Organic,Tanzania,1,39
C08782,22/03/2024,Email,Rwanda,1,27
C08783,01-18-2023,Organic,Rwanda,0,21
C08784,02/02/2023,Paid Ads,Rwanda,1,42
C08785,11/04/2024,Paid Ads,Tanzania,1,30
C08786,12/04/2023,Paid Ads,Rwanda,0,34
C08787,2023-07-31,Paid Ads,Tanzania,1,57
C08788,2023-04-18,Email,Rwanda,1,25
C08789,08/08/2024,Organic,Kenya,1,40
C08790,02-04-2023,Paid Ads,Kenya,1,24
C08791,2024-07-03,Email,Tanzania,1,49
C08792,2024-05-23,Organic,Rwanda,1,41
C08793,07-19-2024,Organic,Rwanda,1,18
C08794,21/03/2023,Email,Rwanda,1,64
C08795,06-30-2024,Paid Ads,Kenya,1,64
C08796,02-06-2024,Paid Ads,Rwanda,0,53
C08797,16/03/2024,Organic,Rwanda,1,44
C08798,05-29-2024,Paid Ads,Tanzania,1,23
C08799,05-14-2023,Organic,Rwanda,1,59
C08800,29/05/2024,Paid Ads,Kenya,1,48
C08801,26/02/2024,Email,Rwanda,1,29
C08802,2023-05-25,Organic,Kenya,1,43
C08803,02-28-2024,Paid Ads,Kenya,1,42
C08804,2024-08-20,Referral,Uganda,1,21
C08805,08-08-2024,Paid Ads,Kenya,1,23
C08806,16/05/2023,Email,Uganda,1,63
C08807,2023-06-06,Paid Ads,Uganda,1,30
C08808,07-24-2023,Email,Rwanda,1,42
C08809,13/10/2023,Organic,Uganda,1,48
C08810,15/07/2024,Organic,Tanzania,1,39
C08811,05-18-2024,Organic,Kenya,1,52
C08812,05-24-2024,Paid Ads,Tanzania,1,38
C08813,2023-08-17,Email,Uganda,1,32
C08814,2023-02-05,Organic,Rwanda,1,20
C08815,06-11-2023,Paid Ads,Kenya,1,54
C08816,29/05/2023,Email,Tanzania,0,62
C08817,12-09-2023,Paid Ads,Rwanda,1,43
C08818,11-12-2023,Organic,Uganda,1,64
C08819,2024-08-22,Paid Ads,Rwanda,1,34
C08820,06/03/2023,Organic,Tanzania,0,55
C08821,09/07/2024,Organic,Rwanda,1,52
C08822,2024-08-07,Referral,Tanzania,1,58
C08823,01-31-2024,Organic,Rwanda,0,25
C08824,01-02-2024,Organic,Kenya,1,28
C08825,10/07/2024,Email,Rwanda,1,41
C08826,2023-04-12,Organic,Kenya,0,60
C08827,06/05/2023,Paid Ads,Tanzania,1,25
C08828,2023-12-16,Organic,Kenya,1,47
C08829,07-08-2023,Organic,Rwanda,1,18
C08830,11/11/2023,Organic,Kenya,0,51
C08831,03-07-2023,Organic,Tanzania,1,37
C08832,17/06/2024,Paid Ads,Rwanda,1,53
C08833,2023-08-20,Email,Kenya,1,51
C08834,21/06/2024,Paid Ads,Kenya,1,51
C08835,22/01/2023,Referral,Uganda,1,30
C08836,03-07-2023,Organic,Kenya,1,23
C08837,06-08-2023,Paid Ads,Uganda,1,53
C08838,10-21-2023,Paid Ads,Tanzania,1,42
C08839,08-26-2023,Referral,Uganda,0,44
C08840,23/02/2024,Organic,Tanzania,1,64
C08841,13/09/2023,Paid Ads,Kenya,0,48
C08842,2024-05-26,Email,Kenya,1,20
C08843,2023-06-22,Organic,Uganda,0,45
C08844,15/08/2023,Email,Tanzania,0,21
C08845,19/08/2023,Organic,Kenya,1,34
C08846,11-21-2023,Email,Uganda,1,55
C08847,16/07/2023,Referral,Uganda,1,51
C08848,03-17-2023,Paid Ads,Uganda,0,37
C08849,15/03/2024,Paid Ads,Kenya,0,30
C08850,31/01/2023,Organic,Tanzania,1,64
C08851,2024-03-13,Referral,Kenya,1,22
C08852,12-18-2023,Paid Ads,Rwanda,1,41
C08853,2023-10-14,Organic,Rwanda,1,55
C08854,01-08-2023,Paid Ads,Kenya,0,34
C08855,2024-03-20,Paid Ads,Tanzania,1,48
C08856,27/01/2023,Organic,Uganda,0,45
C08857,2023-06-18,Organic,Rwanda,0,18
C08858,01/01/2024,Organic,Rwanda,0,19
C08859,01-27-2024,Paid Ads,Kenya,1,50
C08860,07-02-2023,Paid Ads,Rwanda,1,57
C08861,08-29-2023,Paid Ads,Rwanda,1,46
C08862,11-11-2023,Email,Uganda,1,21
C08863,23/04/2023,Email,Uganda,1,35
C08864,03-19-2023,Paid Ads,Tanzania,1,41
C08865,2023-10-29,Organic,Rwanda,1,49
C08866,13/01/2023,Paid Ads,Tanzania,1,26
C08867,08/08/2024,Paid Ads,Tanzania,1,64
C08868,17/04/2023,Paid Ads,Uganda,1,33
C08869,2023-02-16,Paid Ads,Uganda,1,38
C08870,01-01-2023,Organic,Kenya,1,47
C08871,03-23-2024,Referral,Uganda,1,20
C08872,2023-04-11,Organic,Tanzania,0,50
C08873,12/03/2024,Paid Ads,Rwanda,1,48
C08874,02-09-2023,Organic,Tanzania,1,62
C08875,30/01/2023,Referral,Tanzania,1,31
C08876,2023-10-30,Organic,Tanzania,1,23
C08877,01/03/2024,Organic,Uganda,1,22
C08878,2024-08-14,Organic,Tanzania,1,46
C08879,2023-09-05,Organic,Kenya,1,54
C08880,04-10-2024,Organic,Rwanda,1,53
C08881,2023-07-19,Paid Ads,Uganda,1,38
C08882,2023-05-29,Paid Ads,Tanzania,1,29
C08883,10/04/2023,Organic,Kenya,1,63
C08884,07-09-2024,Organic,Rwanda,0,40
C08885,2024-07-10,Email,Tanzania,1,31
C08886,2023-12-02,Paid Ads,Rwanda,0,60
C08887,2024-04-15,Email,Uganda,1,59
C08888,2023-10-06,Paid Ads,Uganda,1,27
C08889,2023-04-19,Organic,Kenya,1,44
C08890,20/03/2024,Organic,Uganda,1,58
C08891,2024-05-09,Organic,Kenya,0,19
C08892,19/07/2023,Email,Tanzania,1,31
C08893,2023-08-24,Referral,Rwanda,1,24
C08894,22/02/2023,Paid Ads,Uganda,1,34
C08895,07/05/2024,Organic,Rwanda,1,37
C08896,06-15-2024,Organic,Rwanda,1,25
C08897,2024-07-27,Organic,Tanzania,1,37
C08898,2023-06-21,Paid Ads,Tanzania,1,53
C08899,05-01-2024,Organic,Uganda,1,22
C08900,01-06-2024,Referral,Tanzania,0,30
C08901,11/07/2024,Organic,Rwanda,1,56
C08902,06-28-2023,Referral,Kenya,0,55
C08903,11/07/2023,Email,Kenya,1,34
C08904,17/09/2023,Email,Kenya,1,23
C08905,2023-05-07,Paid Ads,Uganda,1,36
C08906,25/02/2023,Paid Ads,Tanzania,1,42
C08907,02/01/2024,Paid Ads,Tanzania,1,20
C08908,19/05/2023,Paid Ads,Tanzania,1,58
C08909,16/12/2023,Paid Ads,Tanzania,1,45
C08910,2024-08-06,Referral,Rwanda,1,43
C08911,02-14-2023,Email,Kenya,0,64
C08912,05-13-2024,Email,Rwanda,0,25
C08913,2023-08-05,Email,Uganda,1,32
C08914,11/05/2024,Organic,Kenya,1,18
C08915,2023-03-26,Organic,Kenya,1,57
C08916,2024-03-23,Paid Ads,Rwanda,1,40
C08917,10/10/2023,Paid Ads,Uganda,1,53
C08918,2023-09-29,Email,Uganda,1,59
C08919,09/06/2024,Paid Ads,Kenya,1,33
C08920,31/12/2023,Paid Ads,Tanzania,1,21
C08921,2023-07-19,Paid Ads,Uganda,1,25
C08922,09/05/2023,Organic,Rwanda,1,53
C08923,2023-02-05,Paid Ads,Uganda,1,27
C08924,05-07-2023,Email,Kenya,0,47
C08925,05/03/2023,Organic,Tanzania,1,53
C08926,12-01-2023,Paid Ads,Uganda,1,33
C08927,2023-02-27,Paid Ads,Kenya,1,47
C08928,03-01-2023,Organic,Uganda,1,61
C08929,02-06-2023,Organic,Tanzania,1,27
C08930,03-20-2023,Referral,Rwanda,0,28
C08931,2023-01-19,Organic,Kenya,1,51
C08932,02-16-2024,Organic,Kenya,1,33
C08933,02-25-2023,Organic,Tanzania,1,36
C08934,07-02-2024,Paid Ads,Kenya,1,61
C08935,16/06/2023,Paid Ads,Tanzania,1,21
C08936,2023-10-03,Paid Ads,Kenya,1,61
C08937,16/09/2023,Organic,Tanzania,1,48
C08938,04-04-2023,Email,Uganda,1,
C08939,13/11/2023,Organic,Uganda,1,52
C08940,01-18-2023,Organic,Uganda,1,51
C08941,06-20-2024,Paid Ads,Kenya,1,43
C08942,01-31-2023,Organic,Tanzania,0,56
C08943,08/04/2023,Email,Tanzania,1,23
C08944,2023-11-25,Referral,Rwanda,1,50
C08945,04-01-2024,Organic,Uganda,1,64
C08946,2023-12-16,Email,Rwanda,1,44
C08947,2024-08-06,Email,Uganda,1,29
C08948,03-06-2024,Referral,Rwanda,1,62
C08949,2024-05-13,Organic,Uganda,1,25
C08950,2023-09-28,Paid Ads,Tanzania,0,26
C08951,07-27-2023,Organic,Uganda,0,18
C08952,2023-04-01,Email,Kenya,1,22
C08953,08-16-2023,Organic,Uganda,1,24
C08954,2024-08-23,Paid Ads,Uganda,1,35
C08955,23/07/2024,Organic,Tanzania,1,57
C08956,06-25-2024,Organic,Kenya,1,41
C08957,05-31-2023,Paid Ads,Tanzania,1,43
C08958,12/06/2024,Email,Rwanda,1,27
C08959,17/06/2023,Paid Ads,Rwanda,1,57
C08960,18/05/2023,Email,Kenya,1,61
C08961,04-29-2024,Organic,Rwanda,1,
C08962,01-12-2023,Paid Ads,Kenya,1,29
C08963,2023-04-08,Paid Ads,Uganda,1,39
C08964,15/05/2024,Organic,Rwanda,1,44
C08965,2023-12-21,Paid Ads,Uganda,0,20
C08966,2023-11-29,Paid Ads,Tanzania,1,35
C08967,10/03/2024,Paid Ads,Rwanda,1,22
C08968,2024-05-09,Email,Tanzania,1,31
C08969,2024-03-13,Paid Ads,Tanzania,1,42
C08970,2024-08-15,Organic,Kenya,1,48
C08971,09-03-2023,Organic,Tanzania,0,38
C08972,2024-05-24,Paid Ads,Kenya,1,
C08973,2023-06-05,Organic,Kenya,1,55
C08974,03-14-2024,Organic,Kenya,1,
C08975,2024-04-23,Paid Ads,Kenya,1,37
C08976,2023-06-10,Paid Ads,Kenya,0,31
C08977,08/06/2024,Organic,Uganda,1,37
C08978,2023-01-12,Email,Kenya,0,54
C08979,08-16-2024,Paid Ads,Rwanda,1,63
C08980,27/05/2024,Organic,Kenya,0,47
C08981,06-08-2024,Email,Uganda,1,60
C08982,2023-02-10,Paid Ads,Rwanda,1,58
C08983,03-29-2024,Paid Ads,Rwanda,1,37
C08984,2024-06-17,Paid Ads,Uganda,1,24
C08985,2024-03-01,Organic,Rwanda,1,22
C08986,11/05/2024,Paid Ads,Uganda,1,48
C08987,03-04-2023,Organic,Tanzania,1,46
C08988,07/07/2023,Referral,Tanzania,1,32
C08989,2023-11-19,Email,Kenya,1,42
C08990,09/11/2023,Paid Ads,Kenya,1,30
C08991,27/04/2023,Organic,Kenya,1,61
C08992,29/07/2023,Organic,Kenya,1,41
C08993,06-06-2023,Organic,Uganda,1,32
C08994,05-11-2023,Paid Ads,Tanzania,0,41
C08995,2023-07-25,Organic,Uganda,1,43
C08996,10/03/2024,Paid Ads,Rwanda,0,36
C08997,2024-05-08,Organic,Rwanda,1,41
C08998,2024-03-28,Referral,Rwanda,1,36
C08999,03-30-2024,Organic,Rwanda,1,59
C09000,14/05/2024,Referral,Rwanda,1,34
C09001,2024-02-17,Referral,Tanzania,1,
C09002,2023-10-16,Paid Ads,Uganda,1,22
C09003,2023-11-08,Email,Rwanda,1,21
C09004,2023-02-15,Paid Ads,Kenya,0,39
C09005,01-09-2024,Paid Ads,Tanzania,0,27
C09006,11-09-2023,Organic,Kenya,1,38
C09007,04-17-2024,Organic,Tanzania,1,42
C09008,2024-02-18,Paid Ads,Tanzania,1,23
C09009,11/01/2024,Paid Ads,Kenya,1,47
C09010,03-01-2023,Paid Ads,Kenya,1,46
C09011,23/09/2023,Organic,Rwanda,1,28
C09012,29/07/2024,Organic,Kenya,0,28
C09013,06-05-2024,Organic,Uganda,1,
C09014,2024-03-27,Organic,Tanzania,1,63
C09015,11/08/2024,Organic,Tanzania,0,44
C09016,06/06/2023,Organic,Rwanda,1,36
C09017,02-11-2023,Organic,Tanzania,1,39
C09018,06/05/2024,Email,Kenya,1,45
C09019,2023-04-21,Organic,Tanzania,1,21
C09020,2024-07-13,Paid Ads,Tanzania,1,54
C09021,07-03-2023,Organic,Kenya,1,36
C09022,05/06/2024,Email,Kenya,1,34
C09023,05-30-2024,Paid Ads,Tanzania,0,57
C09024,28/05/2024,Organic,Uganda,1,53
C09025,12-22-2023,Paid Ads,Kenya,1,40
C09026,03-05-2023,Organic,Uganda,1,45
C09027,06-11-2024,Paid Ads,Uganda,0,28
C09028,2024-03-29,Organic,Rwanda,1,31
C09029,05-05-2023,Referral,Uganda,1,30
C09030,2024-02-05,Paid Ads,Rwanda,0,41
C09031,01-26-2023,Organic,Uganda,0,33
C09032,17/08/2024,Email,Rwanda,1,45
C09033,2023-10-15,Organic,Kenya,1,47
C09034,2023-06-30,Email,Tanzania,1,61
C09035,07-05-2023,Paid Ads,Tanzania,1,58
C09036,06-29-2024,Email,Rwanda,1,56
C09037,07-16-2023,Organic,Kenya,1,59
C09038,2024-04-16,Email,Rwanda,1,44
C09039,2023-08-15,Email,Rwanda,1,34
C09040,04/01/2024,Organic,Kenya,0,43
C09041,02/06/2023,Organic,Uganda,1,24
C09042,2024-03-31,Organic,Uganda,1,52
C09043,2023-02-09,Referral,Kenya,0,32
C09044,11/06/2023,Organic,Rwanda,1,33
C09045,27/07/2024,Paid Ads,Tanzania,1,38
C09046,30/05/2024,Organic,Rwanda,1,34
C09047,2024-01-09,Organic,Uganda,1,62
C09048,2024-06-15,Paid Ads,Kenya,1,43
C09049,04-07-2023,Referral,Kenya,1,52
C09050,07/03/2024,Paid Ads,Kenya,1,37
C09051,2023-02-21,Email,Uganda,1,37
C09052,2023-01-27,Paid Ads,Rwanda,1,40
C09053,04/05/2023,Organic,Kenya,1,22
C09054,23/05/2023,Organic,Tanzania,1,26
C09055,08-20-2024,Paid Ads,Kenya,1,40
C09056,20/04/2023,Referral,Rwanda,0,35
C09057,28/07/2023,Email,Uganda,1,46
C09058,02-27-2023,Organic,Tanzania,1,28
C09059,2023-03-31,Organic,Tanzania,1,60
C09060,2023-02-27,Organic,Kenya,1,
C09061,2023-10-17,Referral,Rwanda,1,25
C09062,2023-11-07,Email,Kenya,1,44
C09063,11/03/2024,Email,Tanzania,1,19
C09064,08-31-2023,Organic,Kenya,1,40
C09065,07-22-2023,Paid Ads,Rwanda,1,38
C09066,09-10-2023,Paid Ads,Uganda,1,27
C09067,2023-07-19,Organic,Tanzania,1,55
C09068,06-28-2024,Paid Ads,Rwanda,1,21
C09069,2023-07-19,Organic,Kenya,0,38
C09070,2023-11-19,Organic,Tanzania,1,54
C09071,27/10/2023,Email,Kenya,0,60
C09072,2023-05-17,Email,Kenya,1,29
C09073,2023-06-28,Paid Ads,Uganda,1,
C09074,17/10/2023,Paid Ads,Kenya,1,63
C09075,2023-01-13,Organic,Kenya,1,31
C09076,21/04/2023,Email,Rwanda,1,37
C09077,12-04-2023,Email,Kenya,1,64
C09078,2023-12-01,Email,Uganda,1,25
C09079,12-08-2023,Email,Kenya,1,44
C09080,2023-09-11,Organic,Kenya,1,54
C09081,06/11/2023,Organic,Kenya,0,58
C09082,01-28-2023,Paid Ads,Tanzania,1,38
C09083,28/04/2024,Organic,Uganda,1,
C09084,2023-09-14,Email,Tanzania,1,52
C09085,2023-12-25,Organic,Uganda,0,61
C09086,2024-06-15,Organic,Uganda,1,56
C09087,30/03/2024,Organic,Rwanda,1,32
C09088,04-25-2024,Referral,Tanzania,1,64
C09089,08/06/2024,Organic,Uganda,1,29
C09090,17/03/2024,Paid Ads,Uganda,1,51
C09091,04-02-2024,Paid Ads,Rwanda,1,25
C09092,09-19-2023,Organic,Tanzania,1,54
C09093,2024-06-18,Paid Ads,Kenya,1,47
C09094,03-06-2023,Email,Rwanda,1,20
C09095,09-25-2023,Paid Ads,Uganda,1,47
C09096,2023-07-25,Email,Tanzania,1,46
C09097,12-02-2023,Organic,Uganda,1,18
C09098,01-18-2023,Organic,Rwanda,0,33
C09099,2023-10-16,Referral,Rwanda,1,59
C09100,05-05-2023,Organic,Tanzania,1,48
C09101,03-23-2023,Paid Ads,Rwanda,1,27
C09102,2023-12-31,Email,Rwanda,1,47
C09103,13/09/2023,Organic,Kenya,1,60
C09104,07-12-2024,Email,Uganda,1,43
C09105,2023-08-16,Organic,Kenya,1,29
C09106,01/01/2024,Organic,Kenya,1,57
C09107,07-22-2024,Organic,Tanzania,0,22
C09108,06/03/2024,Email,Rwanda,1,26
C09109,02-05-2024,Organic,Uganda,1,28
C09110,02-20-2023,Email,Uganda,1,64
C09111,2023-12-16,Referral,Uganda,1,40
C09112,07-12-2023,Paid Ads,Rwanda,1,34
C09113,07-12-2023,Paid Ads,Uganda,1,60
C09114,27/01/2023,Paid Ads,Uganda,0,30
C09115,05-27-2023,Organic,Rwanda,1,34
C09116,24/04/2024,Paid Ads,Tanzania,1,40
C09117,28/01/2024,Paid Ads,Uganda,1,56
C09118,2023-02-16,Referral,Rwanda,1,26
C09119,24/06/2023,Referral,Kenya,0,35
C09120,2023-01-28,Email,Rwanda,1,35
C09121,08-10-2024,Email,Kenya,1,47
C09122,12/03/2023,Paid Ads,Rwanda,1,59
C09123,2023-05-17,Paid Ads,Uganda,1,61
C09124,2024-01-01,Email,Tanzania,1,43
C09125,10/08/2024,Organic,Tanzania,1,35
C09126,10/08/2023,Referral,Uganda,1,38
C09127,2023-07-20,Paid Ads,Kenya,1,58
C09128,19/04/2023,Paid Ads,Rwanda,1,58
C09129,2023-09-13,Email,Uganda,1,59
C09130,06-21-2023,Referral,Rwanda,0,50
C09131,2024-03-24,Organic,Uganda,1,60
C09132,04-10-2023,Email,Uganda,0,31
C09133,11/07/2024,Paid Ads,Rwanda,1,27
C09134,08/10/2023,Organic,Tanzania,1,45
C09135,03-06-2024,Email,Tanzania,1,31
C09136,2023-05-27,Paid Ads,Kenya,1,36
C09137,05-31-2024,Paid Ads,Rwanda,1,43
C09138,08-22-2023,Organic,Kenya,1,27
C09139,29/01/2023,Paid Ads,Uganda,1,34
C09140,18/03/2023,Paid Ads,Kenya,1,51
C09141,09/08/2023,Paid Ads,Uganda,1,31
C09142,12/05/2023,Organic,Rwanda,0,43
C09143,2024-08-03,Referral,Rwanda,1,51
C09144,24/03/2023,Paid Ads,Rwanda,1,36
C09145,09-02-2023,Email,Rwanda,1,41
C09146,2024-05-29,Paid Ads,Kenya,1,48
C09147,02/04/2024,Organic,Uganda,1,57
C09148,04-13-2023,Paid Ads,Tanzania,1,23
C09149,04-02-2024,Paid Ads,Rwanda,1,37
C09150,12/02/2023,Paid Ads,Rwanda,1,56
C09151,09/06/2023,Paid Ads,Uganda,1,62
C09152,04-06-2023,Paid Ads,Tanzania,1,51
C09153,2024-02-25,Organic,Rwanda,1,39
C09154,07-19-2024,Paid Ads,Tanzania,1,24
C09155,26/06/2023,Organic,Rwanda,1,50
C09156,12/06/2024,Organic,Kenya,1,23
C09157,04-25-2023,Referral,Kenya,1,33
C09158,2023-06-21,Paid Ads,Tanzania,1,25
C09159,2023-08-11,Paid Ads,Uganda,0,62
C09160,11-03-2023,Paid Ads,Uganda,1,40
C09161,08-26-2023,Referral,Kenya,0,35
C09162,25/01/2023,Paid Ads,Uganda,0,31
C09163,08-11-2023,Email,Uganda,1,53
C09164,28/03/2024,Organic,Uganda,1,32
C09165,02-20-2024,Referral,Tanzania,1,22
C09166,2024-05-25,Email,Tanzania,1,63
C09167,2024-04-29,Email,Uganda,0,
C09168,07-05-2024,Organic,Kenya,1,32
C09169,2023-05-17,Organic,Uganda,0,28
C09170,19/11/2023,Organic,Rwanda,1,19
C09171,30/03/2024,Organic,Kenya,1,40
C09172,2024-06-24,Email,Tanzania,1,41
C09173,19/02/2023,Organic,Rwanda,1,35
C09174,01-31-2024,Organic,Uganda,1,21
C09175,12-01-2023,Organic,Uganda,1,32
C09176,24/01/2023,Organic,Kenya,0,29
C09177,08/02/2024,Organic,Kenya,1,20
C09178,2024-08-12,Email,Uganda,0,49
C09179,07-10-2023,Paid Ads,Uganda,0,53
C09180,23/06/2024,Organic,Kenya,1,38
C09181,16/03/2023,Paid Ads,Rwanda,1,
C09182,04-24-2024,Paid Ads,Tanzania,1,23
C09183,2024-07-21,Organic,Kenya,1,19
C09184,01-12-2024,Paid Ads,Rwanda,1,26
C09185,10/05/2023,Email,Uganda,1,29
C09186,2024-04-04,Email,Tanzania,0,61
C09187,2023-11-22,Email,Rwanda,1,41
C09188,06-02-2023,Organic,Tanzania,1,31
C09189,08-10-2024,Referral,Tanzania,0,58
C09190,2024-07-26,Email,Tanzania,1,29
C09191,17/05/2024,Referral,Rwanda,1,44
C09192,19/06/2024,Organic,Rwanda,1,27
C09193,2024-08-19,Referral,Uganda,1,60
C09194,2023-11-20,Email,Tanzania,1,19
C09195,02-17-2023,Email,Kenya,0,48
C09196,12/06/2024,Organic,Kenya,1,45
C09197,2023-10-03,Email,Kenya,1,33
C09198,07-08-2024,Referral,Rwanda,1,18
C09199,17/02/2024,Paid Ads,Uganda,1,39
C09200,2024-02-10,Paid Ads,Rwanda,0,18
C09201,08-24-2023,Referral,Tanzania,1,48
C09202,25/02/2023,Paid Ads,Kenya,1,39
C09203,2023-08-06,Paid Ads,Rwanda,0,51
C09204,31/01/2023,Paid Ads,Kenya,1,29
C09205,30/07/2024,Referral,Rwanda,1,40
C09206,08-09-2024,Organic,Kenya,1,45
C09207,11/10/2023,Paid Ads,Tanzania,1,29
C09208,2023-08-16,Paid Ads,Kenya,1,44
C09209,2024-03-27,Email,Tanzania,1,40
C09210,05-22-2023,Paid Ads,Tanzania,1,18
C09211,22/05/2023,Referral,Rwanda,1,60
C09212,12-09-2023,Referral,Rwanda,0,19
C09213,05-29-2024,Organic,Rwanda,1,61
C09214,08-01-2024,Paid Ads,Tanzania,1,48
C09215,09-07-2023,Organic,Uganda,0,19
C09216,11/12/2023,Organic,Uganda,1,42
C09217,2024-03-24,Paid Ads,Tanzania,1,55
C09218,30/10/2023,Referral,Tanzania,1,
C09219,2024-06-22,Email,Rwanda,0,36
C09220,02/09/2023,Organic,Rwanda,0,45
C09221,2023-04-09,Organic,Rwanda,1,23
C09222,12/08/2023,Paid Ads,Uganda,0,56
C09223,2024-01-27,Paid Ads,Uganda,1,36
C09224,02/07/2023,Organic,Tanzania,0,34
C09225,06-21-2023,Email,Uganda,1,23
C09226,2023-09-20,Referral,Rwanda,1,32
C09227,03-29-2024,Paid Ads,Rwanda,1,39
C09228,05-17-2024,Email,Rwanda,1,58
C09229,01-13-2023,Organic,Rwanda,1,51
C09230,25/09/2023,Email,Rwanda,1,22
C09231,2023-10-28,Paid Ads,Kenya,1,40
C09232,07/03/2024,Organic,Tanzania,1,22
C09233,2023-08-03,Referral,Tanzania,1,61
C09234,14/10/2023,Paid Ads,Uganda,1,27
C09235,2023-03-04,Email,Rwanda,1,21
C09236,24/07/2024,Organic,Kenya,0,29
C09237,02-19-2024,Organic,Rwanda,1,64
C09238,02-06-2024,Organic,Rwanda,1,27
C09239,22/11/2023,Paid Ads,Uganda,0,47
C09240,23/05/2023,Paid Ads,Kenya,1,41
C09241,19/06/2023,Organic,Kenya,1,22
C09242,19/10/2023,Paid Ads,Tanzania,1,30
C09243,2024-04-11,Paid Ads,Rwanda,1,53
C09244,03-27-2024,Email,Kenya,1,26
C09245,05/08/2024,Paid Ads,Tanzania,1,35
C09246,02-02-2024,Referral,Kenya,1,52
C09247,2023-04-10,Paid Ads,Rwanda,1,48
C09248,13/07/2024,Paid Ads,Tanzania,1,41
C09249,01-19-2024,Organic,Kenya,1,60
C09250,06/03/2023,Organic,Uganda,1,21
C09251,2024-07-09,Organic,Kenya,1,58
C09252,09/12/2023,Paid Ads,Rwanda,0,43
C09253,2024-02-28,Organic,Uganda,1,61
C09254,2023-08-06,Organic,Kenya,0,59
C09255,28/12/2023,Email,Kenya,0,27
C09256,07-15-2024,Organic,Tanzania,1,58
C09257,04-06-2024,Organic,Rwanda,1,59
C09258,06-27-2024,Organic,Kenya,1,26
C09259,08-02-2023,Email,Kenya,0,18
C09260,17/05/2023,Organic,Kenya,1,33
C09261,09-26-2023,Paid Ads,Rwanda,1,63
C09262,07-16-2024,Paid Ads,Uganda,1,30
C09263,09-24-2023,Paid Ads,Rwanda,1,55
C09264,2024-03-31,Paid Ads,Tanzania,1,31
C09265,10/04/2024,Email,Tanzania,0,57
C09266,2024-06-27,Organic,Rwanda,1,40
C09267,03-07-2024,Organic,Kenya,0,35
C09268,04/07/2023,Organic,Kenya,1,45
C09269,20/07/2023,Organic,Uganda,1,37
C09270,07/08/2024,Organic,Rwanda,1,18
C09271,22/02/2023,Organic,Rwanda,1,29
C09272,17/01/2023,Paid Ads,Kenya,1,44
C09273,12-23-2023,Paid Ads,Tanzania,1,60
C09274,09-14-2023,Organic,Tanzania,1,30
C09275,2024-01-21,Email,Uganda,1,21
C09276,2023-02-02,Organic,Uganda,1,42
C09277,17/09/2023,Organic,Tanzania,1,23
C09278,08-16-2023,Paid Ads,Rwanda,1,62
C09279,2023-07-12,Organic,Uganda,1,39
C09280,22/07/2023,Organic,Kenya,1,62
C09281,07/02/2023,Paid Ads,Rwanda,1,55
C09282,2024-02-25,Referral,Kenya,1,53
C09283,15/11/2023,Email,Uganda,1,20
C09284,06/06/2024,Organic,Tanzania,1,32
C09285,08-07-2023,Email,Uganda,1,28
C09286,09/08/2024,Email,Tanzania,1,51
C09287,02/02/2024,Paid Ads,Rwanda,1,44
C09288,09-19-2023,Email,Uganda,1,40
C09289,29/07/2024,Paid Ads,Uganda,1,34
C09290,2024-07-29,Organic,Uganda,1,40
C09291,05-06-2023,Paid Ads,Rwanda,1,51
C09292,15/02/2023,Paid Ads,Kenya,1,38
C09293,02/09/2023,Paid Ads,Kenya,1,50
C09294,13/11/2023,Paid Ads,Tanzania,1,22
C09295,07-16-2024,Referral,Uganda,1,34
C09296,04/07/2023,Referral,Kenya,1,18
C09297,2024-07-22,Email,Rwanda,1,24
C09298,10/02/2024,Email,Uganda,1,20
C09299,2024-03-13,Referral,Tanzania,1,43
C09300,2024-03-18,Organic,Kenya,0,33
C09301,2023-10-23,Organic,Rwanda,0,33
C09302,17/03/2024,Paid Ads,Rwanda,1,61
C09303,2023-01-14,Email,Tanzania,0,58
C09304,12-30-2023,Paid Ads,Kenya,1,31
C09305,2023-01-01,Email,Uganda,1,61
C09306,24/07/2024,Organic,Rwanda,1,43
C09307,10-28-2023,Organic,Tanzania,1,44
C09308,07-21-2023,Email,Rwanda,1,
C09309,2024-02-26,Organic,Rwanda,1,34
C09310,03/07/2023,Organic,Kenya,1,61
C09311,25/05/2024,Organic,Kenya,1,21
C09312,18/07/2023,Organic,Uganda,1,34
C09313,10-12-2023,Email,Rwanda,1,50
C09314,23/05/2023,Organic,Tanzania,1,47
C09315,02/12/2023,Paid Ads,Rwanda,1,38
C09316,02-19-2023,Organic,Tanzania,1,34
C09317,2024-08-16,Email,Rwanda,1,28
C09318,10/08/2023,Organic,Tanzania,1,47
C09319,11-24-2023,Paid Ads,Rwanda,1,35
C09320,2023-06-12,Email,Rwanda,1,37
C09321,06-26-2024,Organic,Uganda,1,51
C09322,2024-07-08,Email,Kenya,1,58
C09323,03-30-2023,Paid Ads,Kenya,1,45
C09324,11-29-2023,Paid Ads,Tanzania,1,26
C09325,06-23-2024,Organic,Rwanda,1,61
C09326,03-21-2024,Referral,Rwanda,0,48
C09327,15/02/2024,Email,Kenya,1,62
C09328,01/07/2024,Organic,Tanzania,1,33
C09329,13/07/2023,Organic,Uganda,1,48
C09330,03-21-2024,Email,Uganda,1,46
C09331,2023-01-22,Paid Ads,Uganda,1,30
C09332,2023-04-05,Email,Rwanda,1,40
C09333,02-04-2024,Paid Ads,Tanzania,1,31
C09334,09-28-2023,Email,Kenya,1,56
C09335,2024-04-07,Organic,Rwanda,1,19
C09336,2024-07-16,Organic,Rwanda,1,29
C09337,07-01-2024,Paid Ads,Uganda,1,45
C09338,08-20-2023,Referral,Tanzania,1,49
C09339,2023-10-18,Organic,Tanzania,1,41
C09340,03-08-2024,Paid Ads,Uganda,1,54
C09341,01-22-2023,Paid Ads,Uganda,1,46
C09342,2024-07-18,Paid Ads,Uganda,1,59
C09343,2023-01-11,Email,Rwanda,1,35
C09344,2024-02-22,Email,Rwanda,1,20
C09345,09/05/2023,Organic,Rwanda,1,30
C09346,05-31-2023,Referral,Kenya,1,30
C09347,2023-08-03,Email,Kenya,0,59
C09348,07-26-2023,Email,Tanzania,1,46
C09349,01-17-2023,Paid Ads,Uganda,1,19
C09350,2024-01-03,Email,Uganda,1,45
C09351,2024-06-22,Organic,Rwanda,1,
C09352,08-16-2023,Organic,Kenya,1,21
C09353,30/11/2023,Email,Uganda,1,22
C09354,02-09-2024,Organic,Tanzania,1,56
C09355,02-04-2023,Organic,Uganda,1,58
C09356,18/07/2023,Email,Rwanda,0,22
C09357,2024-05-09,Email,Rwanda,1,25
C09358,26/03/2024,Organic,Kenya,1,51
C09359,06-12-2024,Email,Tanzania,1,42
C09360,08-25-2023,Paid Ads,Tanzania,1,44
C09361,01-06-2024,Paid Ads,Uganda,0,24
C09362,12-24-2023,Email,Tanzania,1,53
C09363,19/11/2023,Paid Ads,Uganda,0,49
C09364,08-06-2023,Organic,Uganda,1,38
C09365,2023-05-15,Organic,Kenya,1,64
C09366,11-07-2023,Paid Ads,Tanzania,1,35
C09367,2023-06-01,Paid Ads,Rwanda,1,19
C09368,30/09/2023,Email,Uganda,1,63
C09369,05-30-2023,Email,Uganda,1,59
C09370,2024-02-29,Paid Ads,Uganda,1,22
C09371,2023-01-01,Email,Tanzania,0,61
C09372,2023-05-25,Organic,Tanzania,1,59
C09373,2023-07-11,Organic,Tanzania,1,55
C09374,17/03/2023,Email,Uganda,1,45
C09375,04-21-2024,Organic,Rwanda,0,48
C09376,14/02/2024,Organic,Rwanda,1,61
C09377,07-29-2024,Paid Ads,Tanzania,1,41
C09378,24/07/2023,Paid Ads,Rwanda,1,50
C09379,05-05-2023,Email,Uganda,1,56
C09380,2023-02-28,Organic,Tanzania,1,29
C09381,04/05/2023,Organic,Tanzania,1,56
C09382,22/01/2024,Organic,Uganda,0,26
C09383,04-25-2023,Paid Ads,Tanzania,1,32
C09384,27/07/2023,Organic,Uganda,1,40
C09385,09-13-2023,Paid Ads,Tanzania,1,61
C09386,16/09/2023,Email,Rwanda,1,62
C09387,2024-05-23,Referral,Tanzania,1,39
C09388,01-18-2024,Organic,Tanzania,0,53
C09389,31/07/2023,Paid Ads,Tanzania,0,27
C09390,31/07/2024,Paid Ads,Kenya,0,45
C09391,08-05-2024,Referral,Rwanda,0,52
C09392,2024-05-06,Referral,Uganda,1,46
C09393,09-02-2023,Organic,Kenya,1,22
C09394,08-17-2024,Email,Rwanda,1,21
C09395,29/04/2023,Organic,Tanzania,1,32
C09396,2023-12-13,Organic,Tanzania,1,47
C09397,2024-02-11,Organic,Uganda,1,43
C09398,05-18-2024,Paid Ads,Uganda,1,40
C09399,28/11/2023,Paid Ads,Rwanda,1,56
C09400,14/07/2023,Organic,Rwanda,0,46
C09401,26/07/2023,Paid Ads,Uganda,0,39
C09402,05/09/2023,Organic,Rwanda,1,52
C09403,03/06/2023,Paid Ads,Uganda,1,
C09404,22/01/2023,Organic,Tanzania,0,64
C09405,07/10/2023,Organic,Uganda,0,35
C09406,27/12/2023,Paid Ads,Kenya,0,52
C09407,04-02-2023,Organic,Uganda,0,63
C09408,2024-05-21,Paid Ads,Uganda,0,50
C09409,2024-04-06,Organic,Kenya,1,24
C09410,2024-07-31,Paid Ads,Kenya,1,51
C09411,2023-10-27,Organic,Kenya,1,27
C09412,06-07-2023,Paid Ads,Kenya,1,41
C09413,2023-11-05,Email,Uganda,0,42
C09414,2024-06-17,Organic,Rwanda,1,
C09415,12-29-2023,Paid Ads,Kenya,1,61
C09416,2024-02-13,Organic,Tanzania,1,44
C09417,06-29-2024,Paid Ads,Uganda,1,23
C09418,07-23-2024,Organic,Rwanda,1,25
C09419,21/11/2023,Paid Ads,Tanzania,0,38
C09420,03-15-2024,Paid Ads,Uganda,1,58
C09421,2024-04-26,Referral,Uganda,0,36
C09422,08-08-2023,Paid Ads,Tanzania,0,51
C09423,04-22-2024,Paid Ads,Kenya,1,56
C09424,2024-07-13,Paid Ads,Kenya,1,60
C09425,23/02/2023,Referral,Tanzania,1,40
C09426,20/07/2023,Email,Rwanda,1,30
C09427,06-24-2023,Organic,Kenya,1,59
C09428,05-28-2023,Email,Uganda,0,64
C09429,2023-04-07,Paid Ads,Uganda,1,56
C09430,2023-04-07,Email,Rwanda,1,45
C09431,05/10/2023,Email,Uganda,1,23
C09432,08-12-2023,Organic,Kenya,1,29
C09433,2024-05-13,Email,Rwanda,1,20
C09434,2023-08-06,Organic,Kenya,1,
C09435,06/12/2023,Organic,Rwanda,1,37
C09436,01-17-2024,Organic,Tanzania,1,58
C09437,24/06/2023,Email,Uganda,1,59
C09438,2024-04-20,Organic,Rwanda,1,62
C09439,12/07/2024,Organic,Tanzania,1,25
C09440,2024-05-29,Email,Kenya,1,43
C09441,03/09/2023,Organic,Tanzania,1,55
C09442,2023-11-28,Organic,Kenya,1,45
C09443,2024-05-14,Organic,Rwanda,1,52
C09444,28/04/2023,Organic,Rwanda,1,61
C09445,08/05/2023,Paid Ads,Uganda,1,58
C09446,04-17-2023,Organic,Uganda,0,58
C09447,08-12-2023,Referral,Rwanda,1,60
C09448,18/01/2023,Email,Kenya,1,55
C09449,03-13-2023,Organic,Kenya,1,19
C09450,2023-08-14,Organic,Rwanda,1,24
C09451,2023-08-15,Paid Ads,Kenya,1,58
C09452,08-20-2023,Paid Ads,Rwanda,1,42
C09453,24/10/2023,Organic,Uganda,1,49
C09454,01-05-2024,Organic,Kenya,1,29
C09455,17/04/2023,Email,Uganda,1,28
C09456,06-13-2023,Organic,Tanzania,1,27
C09457,2024-07-24,Organic,Uganda,1,52
C09458,20/02/2023,Email,Tanzania,1,61
C09459,2024-04-04,Paid Ads,Uganda,1,21
C09460,11/07/2024,Organic,Uganda,1,59
C09461,2023-04-04,Paid Ads,Kenya,1,19
C09462,2024-05-25,Organic,Uganda,1,61
C09463,17/08/2023,Email,Rwanda,1,45
C09464,05-04-2023,Paid Ads,Kenya,1,60
C09465,01-30-2023,Email,Kenya,1,63
C09466,2024-07-13,Referral,Kenya,1,64
C09467,21/01/2024,Referral,Uganda,1,31
C09468,09-12-2023,Referral,Kenya,1,61
C09469,31/05/2023,Paid Ads,Tanzania,1,46
C09470,09-07-2023,Organic,Tanzania,1,19
C09471,04/10/2023,Paid Ads,Uganda,1,51
C09472,2024-07-15,Paid Ads,Kenya,0,50
C09473,08-23-2024,Email,Rwanda,0,37
C09474,08-11-2023,Organic,Rwanda,1,64
C09475,06-26-2023,Referral,Tanzania,0,47
C09476,04-20-2023,Email,Uganda,1,59
C09477,22/04/2024,Referral,Uganda,1,43
C09478,2023-06-20,Email,Uganda,0,37
C09479,03-30-2023,Organic,Uganda,1,18
C09480,06-03-2024,Organic,Uganda,1,18
C09481,08-03-2024,Organic,Kenya,0,42
C09482,2024-05-12,Organic,Kenya,1,50
C09483,11-28-2023,Paid Ads,Kenya,1,40
C09484,25/11/2023,Email,Rwanda,1,28
C09485,2024-05-25,Email,Kenya,0,61
C09486,04/05/2023,Paid Ads,Uganda,0,32
C09487,30/10/2023,Organic,Uganda,1,31
C09488,2023-03-21,Organic,Rwanda,0,18
C09489,2024-02-05,Organic,Rwanda,1,50
C09490,2024-05-04,Organic,Tanzania,0,23
C09491,18/06/2023,Paid Ads,Rwanda,1,40
C09492,04/05/2024,Organic,Tanzania,1,43
C09493,01-10-2024,Organic,Kenya,1,20
C09494,24/10/2023,Organic,Uganda,1,63
C09495,03-01-2024,Paid Ads,Tanzania,1,23
C09496,29/02/2024,Paid Ads,Tanzania,1,57
C09497,08-31-2023,Paid Ads,Tanzania,1,42
C09498,21/09/2023,Paid Ads,Rwanda,0,64
C09499,2024-05-31,Referral,Rwanda,1,34
C09500,01-15-2023,Organic,Rwanda,1,45
C09501,04/01/2023,Paid Ads,Tanzania,1,49
C09502,28/03/2023,Email,Kenya,0,46
C09503,12/02/2023,Paid Ads,Uganda,1,40
C09504,07-08-2024,Referral,Rwanda,0,58
C09505,03-16-2023,Organic,Kenya,0,33
C09506,2023-11-27,Paid Ads,Rwanda,1,49
C09507,2023-10-13,Organic,Rwanda,1,43
C09508,02-02-2023,Paid Ads,Tanzania,0,50
C09509,2023-12-14,Organic,Tanzania,0,
C09510,08/06/2024,Organic,Rwanda,1,36
C09511,24/04/2023,Paid Ads,Uganda,1,58
C09512,2024-05-26,Paid Ads,Rwanda,1,34
C09513,05/12/2023,Organic,Uganda,1,55
C09514,06-01-2023,Paid Ads,Kenya,1,31
C09515,2024-04-08,Paid Ads,Rwanda,1,35
C09516,2023-06-09,Organic,Uganda,1,38
C09517,2023-01-09,Paid Ads,Kenya,1,63
C09518,2023-01-18,Email,Kenya,0,56
C09519,17/12/2023,Paid Ads,Tanzania,0,59
C09520,09-21-2023,Organic,Kenya,0,
C09521,02-03-2024,Organic,Tanzania,0,56
C09522,2024-07-31,Paid Ads,Kenya,1,45
C09523,30/01/2024,Referral,Kenya,0,37
C09524,03-12-2023,Paid Ads,Uganda,0,23
C09525,2023-04-20,Organic,Uganda,0,43
C09526,18/05/2023,Paid Ads,Tanzania,1,23
C09527,12/09/2023,Email,Rwanda,1,56
C09528,04-17-2024,Organic,Uganda,1,43
C09529,08-01-2024,Referral,Kenya,1,34
C09530,08-25-2023,Referral,Tanzania,0,57
C09531,09-18-2023,Organic,Tanzania,1,19
C09532,06-07-2024,Referral,Tanzania,0,38
C09533,2023-06-19,Organic,Kenya,1,24
C09534,06/04/2023,Email,Uganda,1,61
C09535,2024-01-02,Paid Ads,Rwanda,1,37
C09536,27/04/2023,Paid Ads,Tanzania,1,20
C09537,04-01-2024,Paid Ads,Kenya,1,53
C09538,2024-08-15,Email,Uganda,1,60
C09539,03/06/2024,Organic,Uganda,1,61
C09540,03-25-2024,Paid Ads,Rwanda,1,36
C09541,08-19-2024,Organic,Tanzania,1,47
C09542,22/09/2023,Organic,Kenya,0,28
C09543,07-05-2024,Organic,Uganda,1,30
C09544,05-08-2024,Paid Ads,Kenya,1,50
C09545,13/05/2024,Organic,Uganda,1,55
C09546,2023-06-24,Organic,Tanzania,1,
C09547,01-12-2023,Organic,Tanzania,1,19
C09548,14/04/2024,Organic,Rwanda,1,63
C09549,2023-11-08,Paid Ads,Uganda,0,40
C09550,09-06-2023,Referral,Kenya,1,37
C09551,01-06-2023,Organic,Uganda,1,47
C09552,12/07/2023,Referral,Kenya,1,32
C09553,2024-06-16,Email,Rwanda,1,19
C09554,06-02-2024,Paid Ads,Uganda,1,47
C09555,2024-04-18,Paid Ads,Tanzania,1,42
C09556,2024-04-27,Email,Kenya,1,21
C09557,2024-04-09,Organic,Tanzania,1,18
C09558,2023-09-23,Paid Ads,Rwanda,1,25
C09559,2023-10-09,Paid Ads,Rwanda,0,31
C09560,2024-01-21,Paid Ads,Kenya,1,28
C09561,2024-03-08,Email,Uganda,1,41
C09562,2024-04-08,Organic,Tanzania,0,41
C09563,08-18-2024,Paid Ads,Tanzania,1,49
C09564,2023-01-12,Paid Ads,Kenya,1,42
C09565,07-12-2024,Organic,Kenya,0,63
C09566,26/06/2024,Organic,Kenya,1,45
C09567,26/05/2023,Paid Ads,Rwanda,1,33
C09568,09-19-2023,Email,Rwanda,0,59
C09569,07-07-2024,Paid Ads,Tanzania,0,56
C09570,05/11/2023,Email,Uganda,1,33
C09571,2023-07-07,Paid Ads,Kenya,1,53
C09572,10/05/2024,Organic,Rwanda,1,29
C09573,06-25-2023,Organic,Uganda,1,29
C09574,2024-02-28,Organic,Kenya,1,51
C09575,04/01/2023,Organic,Uganda,1,55
C09576,06/10/2023,Organic,Kenya,0,37
C09577,30/07/2023,Email,Uganda,1,64
C09578,2024-07-09,Email,Tanzania,0,32
C09579,22/09/2023,Organic,Kenya,1,39
C09580,12-21-2023,Organic,Kenya,1,33
C09581,12-06-2023,Organic,Tanzania,1,41
C09582,29/10/2023,Paid Ads,Kenya,1,20
C09583,27/11/2023,Organic,Kenya,1,18
C09584,08-08-2023,Organic,Rwanda,0,61
C09585,25/08/2023,Referral,Tanzania,1,64
C09586,02-28-2024,Email,Rwanda,1,55
C09587,02-14-2024,Organic,Tanzania,1,34
C09588,2024-06-09,Paid Ads,Uganda,1,58
C09589,2023-03-03,Organic,Tanzania,1,38
C09590,20/10/2023,Email,Tanzania,0,62
C09591,03-30-2023,Paid Ads,Rwanda,1,64
C09592,2023-06-16,Organic,Kenya,1,
C09593,08-09-2023,Email,Tanzania,0,30
C09594,01-29-2023,Organic,Kenya,1,19
C09595,2023-10-10,Organic,Tanzania,1,19
C09596,12-11-2023,Organic,Rwanda,1,60
C09597,03-25-2024,Paid Ads,Tanzania,1,42
C09598,04-02-2023,Organic,Uganda,1,45
C09599,11/08/2024,Organic,Tanzania,1,
C09600,03-20-2023,Organic,Tanzania,1,43
C09601,09/02/2024,Organic,Kenya,1,52
C09602,2023-02-21,Email,Kenya,1,45
C09603,2023-01-03,Organic,Uganda,1,50
C09604,2023-07-28,Organic,Tanzania,0,35
C09605,19/01/2024,Paid Ads,Kenya,0,31
C09606,19/07/2024,Email,Tanzania,1,58
C09607,05-27-2023,Email,Rwanda,1,26
C09608,15/08/2024,Paid Ads,Rwanda,1,61
C09609,12/03/2023,Organic,Uganda,1,47
C09610,11-28-2023,Email,Rwanda,0,20
C09611,08-27-2023,Paid Ads,Kenya,1,51
C09612,02/01/2023,Organic,Kenya,1,50
C09613,05-27-2023,Referral,Uganda,1,44
C09614,27/08/2023,Organic,Tanzania,1,26
C09615,2023-10-16,Referral,Kenya,1,30
C09616,2023-11-25,Email,Rwanda,1,47
C09617,27/09/2023,Paid Ads,Kenya,1,33
C09618,06-25-2023,Referral,Uganda,1,59
C09619,12/05/2023,Email,Rwanda,1,43
C09620,10-16-2023,Organic,Rwanda,1,22
C09621,04/01/2023,Paid Ads,Rwanda,1,63
C09622,2024-08-20,Organic,Uganda,0,44
C09623,09/12/2023,Organic,Uganda,1,32
C09624,07-15-2023,Email,Tanzania,0,45
C09625,2024-08-15,Organic,Tanzania,1,20
C09626,07-14-2024,Organic,Tanzania,1,58
C09627,21/03/2024,Paid Ads,Uganda,1,18
C09628,03/11/2023,Email,Rwanda,1,18
C09629,02-19-2023,Organic,Rwanda,0,23
C09630,2024-05-10,Organic,Kenya,1,28
C09631,2024-03-15,Organic,Tanzania,1,63
C09632,2023-01-02,Paid Ads,Rwanda,0,33
C09633,10-24-2023,Organic,Rwanda,1,50
C09634,13/09/2023,Paid Ads,Rwanda,1,41
C09635,05/12/2023,Organic,Rwanda,1,49
C09636,2024-07-13,Organic,Uganda,1,27
C09637,2024-07-01,Referral,Tanzania,1,42
C09638,02-09-2024,Organic,Rwanda,1,27
C09639,2023-02-05,Paid Ads,Rwanda,0,30
C09640,2024-04-21,Organic,Rwanda,0,18
C09641,23/11/2023,Paid Ads,Rwanda,1,52
C09642,09-15-2023,Paid Ads,Kenya,1,31
C09643,05-10-2023,Organic,Rwanda,1,38
C09644,05-19-2023,Organic,Rwanda,1,
C09645,24/03/2023,Organic,Rwanda,1,55
C09646,10/06/2024,Paid Ads,Kenya,0,18
C09647,2023-05-07,Email,Uganda,1,37
C09648,04-29-2024,Paid Ads,Kenya,1,22
C09649,23/07/2024,Paid Ads,Rwanda,1,57
C09650,13/01/2024,Organic,Uganda,1,61
C09651,10/04/2024,Organic,Rwanda,1,49
C09652,10-01-2023,Organic,Uganda,1,18
C09653,2023-03-20,Organic,Rwanda,1,62
C09654,2023-04-15,Organic,Rwanda,1,58
C09655,2023-11-18,Paid Ads,Uganda,1,57
C09656,11-08-2023,Paid Ads,Uganda,1,62
C09657,2024-08-16,Referral,Rwanda,0,19
C09658,02-18-2023,Organic,Kenya,1,48
C09659,01-12-2024,Paid Ads,Kenya,1,64
C09660,28/08/2023,Email,Kenya,1,63
C09661,23/03/2024,Paid Ads,Kenya,1,43
C09662,11-08-2023,Organic,Uganda,0,26
C09663,06-24-2023,Organic,Uganda,1,47
C09664,2023-12-09,Organic,Kenya,0,63
C09665,01-31-2024,Organic,Tanzania,1,25
C09666,05/02/2023,Email,Tanzania,1,22
C09667,2024-01-06,Organic,Tanzania,1,56
C09668,09-19-2023,Organic,Rwanda,1,21
C09669,2023-02-26,Email,Kenya,1,57
C09670,07-02-2024,Email,Rwanda,0,53
C09671,2023-09-15,Paid Ads,Uganda,1,38
C09672,27/12/2023,Paid Ads,Uganda,1,50
C09673,2023-09-08,Organic,Tanzania,1,43
C09674,07-05-2023,Organic,Tanzania,1,57
C09675,03-16-2023,Organic,Uganda,1,56
C09676,07/02/2024,Paid Ads,Tanzania,1,28
C09677,2023-06-23,Referral,Tanzania,1,38
C09678,2024-01-21,Organic,Uganda,1,
C09679,02/03/2024,Paid Ads,Rwanda,1,39
C09680,2023-10-30,Organic,Tanzania,1,54
C09681,2023-12-06,Paid Ads,Rwanda,1,24
C09682,04/11/2023,Organic,Tanzania,0,59
C09683,11-12-2023,Organic,Kenya,0,30
C09684,21/08/2023,Email,Rwanda,1,37
C09685,2023-10-14,Paid Ads,Rwanda,1,32
C09686,2024-05-23,Paid Ads,Tanzania,1,55
C09687,05/06/2024,Organic,Rwanda,1,51
C09688,2023-12-10,Organic,Kenya,0,53
C09689,2024-07-21,Organic,Uganda,1,63
C09690,2023-01-03,Email,Kenya,0,42
C09691,04/08/2023,Referral,Uganda,1,46
C09692,2023-01-11,Paid Ads,Kenya,1,64
C09693,2024-06-22,Organic,Kenya,1,45
C09694,05-08-2023,Email,Rwanda,1,31
C09695,2023-03-08,Paid Ads,Kenya,1,21
C09696,11/07/2024,Paid Ads,Tanzania,1,55
C09697,02-21-2024,Organic,Tanzania,1,24
C09698,12/02/2023,Email,Tanzania,1,30
C09699,2023-04-28,Paid Ads,Tanzania,0,34
C09700,05/10/2023,Email,Rwanda,1,46
C09701,10/03/2024,Email,Tanzania,1,34
C09702,28/03/2023,Organic,Kenya,0,53
C09703,2024-07-04,Email,Tanzania,0,36
C09704,05-24-2023,Email,Rwanda,1,43
C09705,07-01-2023,Organic,Uganda,1,62
C09706,04-07-2023,Organic,Kenya,1,26
C09707,21/08/2023,Organic,Kenya,1,19
C09708,01-24-2023,Paid Ads,Rwanda,1,37
C09709,15/05/2023,Organic,Uganda,1,40
C09710,2024-01-26,Paid Ads,Tanzania,1,35
C09711,07-26-2024,Organic,Uganda,1,43
C09712,05/06/2024,Email,Kenya,1,42
C09713,2023-08-05,Organic,Kenya,1,34
C09714,06-10-2023,Organic,Kenya,1,56
C09715,26/06/2023,Paid Ads,Uganda,1,27
C09716,16/08/2024,Paid Ads,Tanzania,1,42
C09717,17/01/2023,Organic,Kenya,1,63
C09718,01-06-2024,Organic,Rwanda,0,45
C09719,03-14-2023,Organic,Tanzania,1,43
C09720,09-05-2023,Email,Kenya,1,29
C09721,15/01/2024,Email,Tanzania,1,61
C09722,08-01-2024,Paid Ads,Rwanda,1,36
C09723,15/02/2023,Email,Uganda,1,40
C09724,2023-03-19,Email,Kenya,1,31
C09725,2024-01-30,Organic,Rwanda,0,34
C09726,17/09/2023,Referral,Kenya,1,32
C09727,11-08-2023,Email,Kenya,1,38
C09728,2023-06-24,Organic,Uganda,0,55
C09729,12-02-2023,Organic,Uganda,0,47
C09730,25/07/2023,Organic,Tanzania,1,36
C09731,26/05/2024,Organic,Rwanda,1,49
C09732,11-14-2023,Email,Rwanda,1,46
C09733,2023-02-16,Paid Ads,Uganda,1,39
C09734,2024-07-08,Email,Kenya,1,37
C09735,21/12/2023,Email,Tanzania,0,55
C09736,2023-05-01,Paid Ads,Uganda,1,55
C09737,2024-02-04,Paid Ads,Tanzania,1,53
C09738,16/03/2024,Organic,Tanzania,1,18
C09739,2024-08-12,Organic,Rwanda,0,36
C09740,2023-06-19,Paid Ads,Tanzania,1,60
C09741,25/07/2023,Organic,Rwanda,1,43
C09742,08-24-2023,Organic,Kenya,1,24
C09743,2024-02-10,Email,Kenya,1,51
C09744,10-04-2023,Paid Ads,Uganda,1,53
C09745,03-30-2024,Organic,Kenya,1,23
C09746,01-12-2024,Paid Ads,Rwanda,1,54
C09747,29/05/2023,Email,Tanzania,1,39
C09748,2023-03-21,Organic,Tanzania,1,26
C09749,2024-01-15,Organic,Kenya,1,60
C09750,29/02/2024,Referral,Rwanda,0,46
C09751,2024-08-08,Organic,Tanzania,1,34
C09752,16/07/2023,Organic,Kenya,1,30
C09753,2023-07-11,Paid Ads,Rwanda,1,34
C09754,20/12/2023,Email,Rwanda,1,27
C09755,2023-03-26,Organic,Tanzania,1,42
C09756,2023-02-27,Organic,Uganda,1,35
C09757,07/10/2023,Organic,Uganda,1,61
C09758,03-11-2024,Referral,Rwanda,1,32
C09759,22/08/2023,Organic,Rwanda,1,44
C09760,31/03/2023,Paid Ads,Kenya,0,36
C09761,2024-01-05,Referral,Rwanda,1,32
C09762,12-05-2023,Organic,Kenya,1,62
C09763,2023-12-14,Referral,Kenya,1,24
C09764,2024-07-01,Referral,Kenya,1,60
C09765,28/10/2023,Email,Rwanda,1,57
C09766,25/11/2023,Organic,Rwanda,0,33
C09767,2023-01-05,Paid Ads,Kenya,1,41
C09768,2024-06-16,Email,Tanzania,1,40
C09769,2023-01-20,Referral,Rwanda,1,28
C09770,02-16-2024,Organic,Uganda,0,41
C09771,2024-08-18,Email,Tanzania,1,22
C09772,04-24-2023,Organic,Uganda,1,56
C09773,20/09/2023,Organic,Rwanda,1,
C09774,2024-04-29,Paid Ads,Tanzania,1,47
C09775,2024-01-22,Email,Rwanda,1,33
C09776,02/04/2023,Paid Ads,Rwanda,1,37
C09777,07-10-2024,Paid Ads,Tanzania,1,46
C09778,05-14-2024,Referral,Rwanda,1,34
C09779,2023-02-24,Organic,Tanzania,1,36
C09780,12-25-2023,Paid Ads,Rwanda,1,43
C09781,25/01/2024,Organic,Kenya,1,32
C09782,2023-01-07,Organic,Uganda,1,42
C09783,2024-05-28,Paid Ads,Kenya,1,32
C09784,13/04/2024,Referral,Rwanda,1,37
C09785,08-06-2023,Paid Ads,Rwanda,1,47
C09786,2023-05-24,Email,Rwanda,1,38
C09787,12/08/2023,Organic,Kenya,1,64
C09788,2024-05-22,Organic,Rwanda,1,52
C09789,05-21-2024,Paid Ads,Tanzania,1,61
C09790,06-18-2023,Organic,Uganda,1,23
C09791,2023-10-04,Organic,Rwanda,1,54
C09792,28/04/2023,Paid Ads,Rwanda,1,28
C09793,03-04-2023,Organic,Uganda,1,40
C09794,2023-05-08,Organic,Uganda,1,61
C09795,25/09/2023,Paid Ads,Uganda,1,56
C09796,08-08-2024,Paid Ads,Kenya,1,26
C09797,11/04/2024,Referral,Kenya,0,35
C09798,28/06/2024,Paid Ads,Rwanda,0,63
C09799,2023-11-29,Paid Ads,Uganda,1,53
C09800,30/03/2024,Referral,Rwanda,0,57
C09801,2023-10-04,Email,Rwanda,1,
C09802,07-06-2023,Organic,Rwanda,0,53
C09803,2023-11-25,Organic,Kenya,0,45
C09804,2023-11-17,Paid Ads,Uganda,0,36
C09805,04-21-2023,Paid Ads,Rwanda,1,47
C09806,09/11/2023,Email,Kenya,1,55
C09807,23/05/2024,Email,Tanzania,1,32
C09808,2024-07-23,Paid Ads,Tanzania,1,61
C09809,2024-07-08,Referral,Rwanda,1,29
C09810,2023-12-24,Paid Ads,Rwanda,0,19
C09811,07-12-2023,Organic,Uganda,1,26
C09812,18/02/2023,Email,Uganda,1,52
C09813,02-19-2024,Organic,Rwanda,1,18
C09814,02-04-2023,Email,Kenya,1,63
C09815,07-16-2024,Referral,Rwanda,0,48
C09816,2023-08-14,Paid Ads,Uganda,0,45
C09817,2023-07-01,Paid Ads,Uganda,1,62
C09818,2023-07-14,Paid Ads,Kenya,1,54
C09819,02-14-2023,Organic,Rwanda,1,24
C09820,02-10-2024,Organic,Uganda,1,63
C09821,07-09-2023,Paid Ads,Rwanda,1,33
C09822,03-06-2024,Email,Uganda,1,31
C09823,01-12-2024,Paid Ads,Tanzania,1,50
C09824,07-31-2024,Organic,Tanzania,1,23
C09825,24/04/2024,Paid Ads,Tanzania,1,38
C09826,01-15-2023,Email,Uganda,1,27
C09827,07-13-2023,Paid Ads,Kenya,1,49
C09828,06/05/2023,Paid Ads,Tanzania,1,23
C09829,12-05-2023,Email,Uganda,0,19
C09830,2023-12-15,Paid Ads,Rwanda,1,56
C09831,2023-12-12,Paid Ads,Tanzania,1,44
C09832,2023-10-29,Email,Kenya,1,31
C09833,13/01/2024,Organic,Kenya,0,40
C09834,23/04/2023,Referral,Kenya,1,56
C09835,06-30-2023,Organic,Rwanda,1,38
C09836,18/06/2023,Organic,Rwanda,1,58
C09837,14/05/2023,Email,Kenya,1,47
C09838,2024-02-17,Organic,Kenya,1,42
C09839,20/01/2024,Email,Kenya,1,41
C09840,31/03/2023,Email,Rwanda,0,28
C09841,2023-10-31,Email,Rwanda,1,52
C09842,11-10-2023,Referral,Uganda,1,21
C09843,01-30-2023,Organic,Tanzania,0,54
C09844,10/05/2024,Email,Rwanda,1,53
C09845,06-06-2024,Organic,Kenya,1,30
C09846,03-24-2023,Paid Ads,Tanzania,1,26
C09847,18/08/2023,Email,Rwanda,0,45
C09848,25/04/2023,Organic,Tanzania,1,63
C09849,2023-06-14,Paid Ads,Uganda,1,33
C09850,02-15-2023,Paid Ads,Rwanda,1,23
C09851,01-11-2024,Paid Ads,Kenya,0,44
C09852,06/02/2023,Referral,Kenya,0,27
C09853,2024-01-09,Organic,Uganda,1,40
C09854,11/04/2024,Paid Ads,Uganda,1,38
C09855,13/02/2023,Email,Uganda,1,43
C09856,2023-02-09,Paid Ads,Uganda,1,62
C09857,2023-12-01,Organic,Uganda,0,20
C09858,30/03/2023,Paid Ads,Rwanda,1,60
C09859,2023-07-11,Organic,Rwanda,1,52
C09860,05-13-2023,Organic,Tanzania,1,24
C09861,03-03-2024,Email,Uganda,1,44
C09862,2023-09-17,Paid Ads,Kenya,1,59
C09863,05-31-2023,Referral,Kenya,1,50
C09864,17/05/2024,Email,Uganda,1,21
C09865,05-11-2024,Paid Ads,Uganda,1,43
C09866,04/06/2023,Organic,Uganda,1,25
C09867,08-02-2023,Paid Ads,Uganda,1,37
C09868,2023-08-28,Organic,Uganda,0,34
C09869,02/05/2024,Referral,Kenya,1,22
C09870,08/01/2023,Organic,Tanzania,0,26
C09871,2024-05-04,Organic,Uganda,1,25
C09872,30/04/2023,Paid Ads,Uganda,0,24
C09873,27/02/2024,Organic,Uganda,1,54
C09874,02-26-2024,Organic,Rwanda,1,53
C09875,03-24-2023,Paid Ads,Kenya,1,20
C09876,28/06/2023,Organic,Kenya,1,25
C09877,01-12-2023,Organic,Tanzania,0,22
C09878,2023-11-04,Organic,Rwanda,1,22
C09879,2024-01-20,Email,Rwanda,1,34
C09880,16/08/2024,Paid Ads,Rwanda,1,64
C09881,2023-01-29,Paid Ads,Tanzania,1,44
C09882,18/10/2023,Paid Ads,Tanzania,1,57
C09883,2023-06-13,Organic,Tanzania,1,56
C09884,26/02/2023,Referral,Rwanda,1,29
C09885,03/09/2023,Organic,Kenya,1,45
C09886,09/04/2024,Paid Ads,Rwanda,1,21
C09887,06-25-2024,Email,Tanzania,1,45
C09888,2023-10-20,Email,Rwanda,1,42
C09889,2023-02-20,Organic,Uganda,0,53
C09890,01-26-2023,Organic,Rwanda,1,59
C09891,01-01-2024,Email,Rwanda,1,20
C09892,28/01/2024,Organic,Kenya,1,48
C09893,15/08/2024,Email,Kenya,1,54
C09894,17/07/2024,Email,Kenya,1,29
C09895,2024-07-29,Email,Uganda,1,54
C09896,2024-05-20,Organic,Kenya,1,54
C09897,2023-02-03,Email,Uganda,1,21
C09898,08-27-2023,Paid Ads,Tanzania,1,47
C09899,14/06/2024,Email,Kenya,1,55
C09900,2024-03-15,Organic,Rwanda,1,59
C09901,08/01/2023,Organic,Rwanda,1,55
C09902,05/05/2023,Organic,Uganda,1,44
C09903,08/02/2023,Organic,Kenya,1,39
C09904,02-11-2023,Paid Ads,Rwanda,1,18
C09905,2023-09-27,Referral,Tanzania,0,
C09906,17/08/2024,Organic,Kenya,1,60
C09907,10-08-2023,Email,Tanzania,0,55
C09908,04-14-2023,Organic,Rwanda,1,37
C09909,2024-03-10,Organic,Kenya,1,35
C09910,12-25-2023,Organic,Uganda,1,23
C09911,2024-05-01,Organic,Rwanda,1,29
C09912,07-11-2023,Referral,Tanzania,1,34
C09913,01-14-2024,Organic,Kenya,1,39
C09914,2024-08-23,Paid Ads,Tanzania,1,35
C09915,18/01/2024,Paid Ads,Tanzania,1,27
C09916,21/01/2023,Referral,Uganda,1,41
C09917,30/11/2023,Organic,Uganda,1,37
C09918,2023-05-09,Organic,Rwanda,0,29
C09919,07-10-2024,Organic,Uganda,1,21
C09920,03-11-2024,Paid Ads,Uganda,1,59
C09921,04/02/2023,Organic,Rwanda,0,22
C09922,02-11-2023,Email,Rwanda,1,43
C09923,2023-10-24,Paid Ads,Rwanda,1,53
C09924,20/11/2023,Paid Ads,Rwanda,0,33
C09925,15/08/2023,Paid Ads,Tanzania,1,22
C09926,2023-07-09,Organic,Tanzania,1,43
C09927,21/02/2024,Paid Ads,Rwanda,1,36
C09928,12-23-2023,Referral,Rwanda,1,23
C09929,12/07/2024,Email,Kenya,1,41
C09930,29/02/2024,Email,Kenya,1,48
C09931,08-02-2024,Email,Kenya,1,48
C09932,03/04/2024,Organic,Uganda,1,24
C09933,05-09-2024,Organic,Tanzania,1,27
C09934,27/06/2024,Organic,Tanzania,1,56
C09935,16/11/2023,Organic,Kenya,1,39
C09936,01/12/2023,Organic,Kenya,0,31
C09937,2023-10-10,Paid Ads,Tanzania,1,45
C09938,22/12/2023,Paid Ads,Uganda,0,59
C09939,2023-08-01,Email,Kenya,1,39
C09940,01-13-2024,Email,Rwanda,1,49
C09941,20/02/2023,Referral,Kenya,1,28
C09942,2024-05-08,Organic,Tanzania,1,31
C09943,02-22-2023,Organic,Tanzania,1,48
C09944,11-14-2023,Paid Ads,Kenya,0,61
C09945,31/01/2024,Organic,Kenya,1,21
C09946,04/03/2024,Organic,Rwanda,0,62
C09947,06/09/2023,Organic,Rwanda,1,39
C09948,2023-04-28,Organic,Uganda,0,46
C09949,02-12-2023,Paid Ads,Uganda,1,52
C09950,07-24-2024,Paid Ads,Rwanda,0,30
C09951,09/04/2024,Paid Ads,Uganda,1,37
C09952,2024-03-04,Paid Ads,Uganda,0,36
C09953,2024-05-06,Organic,Kenya,1,32
C09954,2023-02-17,Organic,Rwanda,1,43
C09955,01-28-2024,Organic,Kenya,1,37
C09956,25/05/2023,Organic,Kenya,1,53
C09957,07/03/2023,Email,Uganda,1,23
C09958,07-01-2023,Email,Kenya,0,32
C09959,01-13-2024,Paid Ads,Tanzania,1,21
C09960,07-31-2023,Organic,Uganda,1,23
C09961,2023-04-18,Paid Ads,Tanzania,1,19
C09962,02/04/2024,Paid Ads,Uganda,1,53
C09963,2024-06-27,Paid Ads,Kenya,1,32
C09964,25/07/2023,Paid Ads,Uganda,0,29
C09965,30/03/2023,Paid Ads,Tanzania,1,57
C09966,12/02/2023,Paid Ads,Uganda,1,61
C09967,11/02/2023,Email,Tanzania,1,58
C09968,06-01-2023,Organic,Rwanda,1,24
C09969,27/02/2023,Email,Kenya,1,39
C09970,2023-11-25,Organic,Tanzania,1,25
C09971,06-06-2023,Organic,Rwanda,1,59
C09972,2023-09-03,Referral,Kenya,1,28
C09973,07/09/2023,Referral,Rwanda,0,19
C09974,20/09/2023,Organic,Tanzania,1,47
C09975,09-12-2023,Paid Ads,Kenya,0,21
C09976,09/02/2024,Organic,Rwanda,1,42
C09977,01-26-2024,Paid Ads,Tanzania,1,38
C09978,12/04/2024,Email,Rwanda,1,42
C09979,10-26-2023,Referral,Kenya,1,26
C09980,04-23-2024,Paid Ads,Kenya,1,25
C09981,2024-02-15,Organic,Kenya,1,22
C09982,2024-03-20,Paid Ads,Tanzania,1,63
C09983,04-27-2024,Organic,Rwanda,1,45
C09984,12/05/2023,Referral,Rwanda,1,19
C09985,23/02/2024,Email,Tanzania,1,38
C09986,03-31-2023,Paid Ads,Kenya,0,25
C09987,06-07-2024,Organic,Uganda,1,51
C09988,09/08/2023,Organic,Kenya,1,40
C09989,29/11/2023,Organic,Uganda,0,32
C09990,03/01/2024,Email,Kenya,0,44
C09991,25/06/2023,Paid Ads,Tanzania,1,19
C09992,29/01/2024,Organic,Uganda,1,45
C09993,01-09-2023,Paid Ads,Tanzania,0,28
C09994,05-13-2024,Email,Uganda,1,63
C09995,01-24-2024,Organic,Rwanda,1,38
C09996,04-16-2024,Email,Uganda,1,59
C09997,2023-11-23,Email,Uganda,1,49
C09998,07-11-2023,Referral,Uganda,0,49
C09999,10-24-2023,Organic,Rwanda,1,24
C10000,2023-07-09,Organic,Tanzania,0,39
